belief_state,b1,b2,b3,b4,other,gini_uncertainty,ages,terminal,east,west,north,south,raw_state_count,raw_states
0,100,0,0,0,0,0,0,0,4,3,2,1,1,"(0, 0, 0, 0)"
1,97,1,1,1,0,588,1,0,11,8,6,5,1,"(0, 0, 0, 1)"
2,97,1,1,1,0,588,1,0,12,9,7,6,1,"(0, 0, 1, 0)"
3,97,1,1,1,0,588,1,0,13,10,9,8,1,"(0, 1, 0, 0)"
4,97,1,1,1,0,588,1,0,14,13,12,11,1,"(1, 0, 0, 0)"
5,94,2,2,2,0,1152,2,0,25,19,16,15,1,"(0, 0, 0, 2)"
6,94,1,1,1,3,1152,2,0,26,20,17,16,1,"(0, 0, 1, 1)"
7,94,2,2,2,0,1152,2,0,27,21,18,17,1,"(0, 0, 2, 0)"
8,94,2,1,1,2,1154,2,0,28,22,20,19,1,"(0, 1, 0, 1)"
9,94,2,1,1,2,1154,2,0,29,23,21,20,1,"(0, 1, 1, 0)"
10,94,2,2,2,0,1152,2,0,30,24,23,22,1,"(0, 2, 0, 0)"
11,94,2,1,1,2,1154,2,0,31,28,26,25,1,"(1, 0, 0, 1)"
12,94,2,1,1,2,1154,2,0,32,29,27,26,1,"(1, 0, 1, 0)"
13,94,1,1,1,3,1152,2,0,33,30,29,28,1,"(1, 1, 0, 0)"
14,94,2,2,2,0,1152,2,0,34,33,32,31,1,"(2, 0, 0, 0)"
15,91,3,3,3,0,1692,3,0,50,40,36,35,1,"(0, 0, 0, 3)"
16,91,2,2,2,3,1698,3,0,51,41,37,36,1,"(0, 0, 1, 2)"
17,91,2,2,2,3,1698,3,0,52,42,38,37,1,"(0, 0, 2, 1)"
18,91,3,3,3,0,1692,3,0,53,43,39,38,1,"(0, 0, 3, 0)"
19,91,3,2,2,2,1698,3,0,54,44,41,40,1,"(0, 1, 0, 2)"
20,91,2,2,1,4,1694,3,0,55,45,42,41,1,"(0, 1, 1, 1)"
21,91,3,2,2,2,1698,3,0,56,46,43,42,1,"(0, 1, 2, 0)"
22,91,3,2,2,2,1698,3,0,57,47,45,44,1,"(0, 2, 0, 1)"
23,91,3,2,2,2,1698,3,0,58,48,46,45,1,"(0, 2, 1, 0)"
24,91,3,3,3,0,1692,3,0,59,49,48,47,1,"(0, 3, 0, 0)"
25,91,3,2,2,2,1698,3,0,60,54,51,50,1,"(1, 0, 0, 2)"
26,91,2,2,1,4,1694,3,0,61,55,52,51,1,"(1, 0, 1, 1)"
27,91,3,2,2,2,1698,3,0,62,56,53,52,1,"(1, 0, 2, 0)"
28,91,2,2,1,4,1694,3,0,63,57,55,54,1,"(1, 1, 0, 1)"
29,91,2,2,1,4,1694,3,0,64,58,56,55,1,"(1, 1, 1, 0)"
30,91,2,2,2,3,1698,3,0,65,59,58,57,1,"(1, 2, 0, 0)"
31,91,3,2,2,2,1698,3,0,66,63,61,60,1,"(2, 0, 0, 1)"
32,91,3,2,2,2,1698,3,0,67,64,62,61,1,"(2, 0, 1, 0)"
33,91,2,2,2,3,1698,3,0,68,65,64,63,1,"(2, 1, 0, 0)"
34,91,3,3,3,0,1692,3,0,69,68,67,66,1,"(3, 0, 0, 0)"
35,88,4,4,4,0,2208,4,0,91,76,71,70,1,"(0, 0, 0, 4)"
36,88,3,3,3,3,2220,4,0,92,77,72,71,1,"(0, 0, 1, 3)"
37,88,2,2,2,6,2208,4,0,93,78,73,72,1,"(0, 0, 2, 2)"
38,88,3,3,3,3,2220,4,0,94,79,74,73,1,"(0, 0, 3, 1)"
39,88,4,4,4,0,2208,4,0,95,80,75,74,1,"(0, 0, 4, 0)"
40,88,4,3,3,2,2218,4,0,96,81,77,76,1,"(0, 1, 0, 3)"
41,88,3,2,2,5,2214,4,0,97,82,78,77,1,"(0, 1, 1, 2)"
42,88,3,2,2,5,2214,4,0,98,83,79,78,1,"(0, 1, 2, 1)"
43,88,4,3,3,2,2218,4,0,99,84,80,79,1,"(0, 1, 3, 0)"
44,88,4,2,2,4,2216,4,0,100,85,82,81,1,"(0, 2, 0, 2)"
45,88,3,3,2,4,2218,4,0,101,86,83,82,1,"(0, 2, 1, 1)"
46,88,4,2,2,4,2216,4,0,102,87,84,83,1,"(0, 2, 2, 0)"
47,88,4,3,3,2,2218,4,0,103,88,86,85,1,"(0, 3, 0, 1)"
48,88,4,3,3,2,2218,4,0,104,89,87,86,1,"(0, 3, 1, 0)"
49,88,4,4,4,0,2208,4,0,105,90,89,88,1,"(0, 4, 0, 0)"
50,88,4,3,3,2,2218,4,0,106,96,92,91,1,"(1, 0, 0, 3)"
51,88,3,2,2,5,2214,4,0,107,97,93,92,1,"(1, 0, 1, 2)"
52,88,3,2,2,5,2214,4,0,108,98,94,93,1,"(1, 0, 2, 1)"
53,88,4,3,3,2,2218,4,0,109,99,95,94,1,"(1, 0, 3, 0)"
54,88,3,3,2,4,2218,4,0,110,100,97,96,1,"(1, 1, 0, 2)"
55,88,2,2,2,6,2208,4,0,111,101,98,97,1,"(1, 1, 1, 1)"
56,88,3,3,2,4,2218,4,0,112,102,99,98,1,"(1, 1, 2, 0)"
57,88,3,2,2,5,2214,4,0,113,103,101,100,1,"(1, 2, 0, 1)"
58,88,3,2,2,5,2214,4,0,114,104,102,101,1,"(1, 2, 1, 0)"
59,88,3,3,3,3,2220,4,0,115,105,104,103,1,"(1, 3, 0, 0)"
60,88,4,2,2,4,2216,4,0,116,110,107,106,1,"(2, 0, 0, 2)"
61,88,3,3,2,4,2218,4,0,117,111,108,107,1,"(2, 0, 1, 1)"
62,88,4,2,2,4,2216,4,0,118,112,109,108,1,"(2, 0, 2, 0)"
63,88,3,2,2,5,2214,4,0,119,113,111,110,1,"(2, 1, 0, 1)"
64,88,3,2,2,5,2214,4,0,120,114,112,111,1,"(2, 1, 1, 0)"
65,88,2,2,2,6,2208,4,0,121,115,114,113,1,"(2, 2, 0, 0)"
66,88,4,3,3,2,2218,4,0,122,119,117,116,1,"(3, 0, 0, 1)"
67,88,4,3,3,2,2218,4,0,123,120,118,117,1,"(3, 0, 1, 0)"
68,88,3,3,3,3,2220,4,0,124,121,120,119,1,"(3, 1, 0, 0)"
69,88,4,4,4,0,2208,4,0,125,124,123,122,1,"(4, 0, 0, 0)"
70,86,5,4,4,1,2546,5,0,154,133,127,126,1,"(0, 0, 0, 5)"
71,86,4,4,3,3,2554,5,0,155,134,128,127,1,"(0, 0, 1, 4)"
72,86,3,3,2,6,2546,5,0,156,135,129,128,1,"(0, 0, 2, 3)"
73,86,3,3,2,6,2546,5,0,157,136,130,129,1,"(0, 0, 3, 2)"
74,86,4,4,3,3,2554,5,0,158,137,131,130,1,"(0, 0, 4, 1)"
75,86,5,4,4,1,2546,5,0,159,138,132,131,1,"(0, 0, 5, 0)"
76,86,4,4,4,2,2552,5,0,160,139,134,133,1,"(0, 1, 0, 4)"
77,86,3,3,3,5,2552,5,0,161,140,135,134,1,"(0, 1, 1, 3)"
78,86,3,3,2,6,2546,5,0,162,141,136,135,1,"(0, 1, 2, 2)"
79,86,3,3,3,5,2552,5,0,163,142,137,136,1,"(0, 1, 3, 1)"
80,86,4,4,4,2,2552,5,0,164,143,138,137,1,"(0, 1, 4, 0)"
81,86,4,3,3,4,2554,5,0,165,144,140,139,1,"(0, 2, 0, 3)"
82,86,3,3,2,6,2546,5,0,166,145,141,140,1,"(0, 2, 1, 2)"
83,86,3,3,2,6,2546,5,0,167,146,142,141,1,"(0, 2, 2, 1)"
84,86,4,3,3,4,2554,5,0,168,147,143,142,1,"(0, 2, 3, 0)"
85,86,4,3,3,4,2554,5,0,169,148,145,144,1,"(0, 3, 0, 2)"
86,86,4,3,3,4,2554,5,0,170,149,146,145,1,"(0, 3, 1, 1)"
87,86,4,3,3,4,2554,5,0,171,150,147,146,1,"(0, 3, 2, 0)"
88,86,4,4,4,2,2552,5,0,172,151,149,148,1,"(0, 4, 0, 1)"
89,86,4,4,4,2,2552,5,0,173,152,150,149,1,"(0, 4, 1, 0)"
90,86,5,4,4,1,2546,5,0,174,153,152,151,1,"(0, 5, 0, 0)"
91,86,4,4,4,2,2552,5,0,175,160,155,154,1,"(1, 0, 0, 4)"
92,86,3,3,3,5,2552,5,0,176,161,156,155,1,"(1, 0, 1, 3)"
93,86,3,3,2,6,2546,5,0,177,162,157,156,1,"(1, 0, 2, 2)"
94,86,3,3,3,5,2552,5,0,178,163,158,157,1,"(1, 0, 3, 1)"
95,86,4,4,4,2,2552,5,0,179,164,159,158,1,"(1, 0, 4, 0)"
96,86,4,3,3,4,2554,5,0,180,165,161,160,1,"(1, 1, 0, 3)"
97,86,3,3,2,6,2546,5,0,181,166,162,161,1,"(1, 1, 1, 2)"
98,86,3,3,2,6,2546,5,0,182,167,163,162,1,"(1, 1, 2, 1)"
99,86,4,3,3,4,2554,5,0,183,168,164,163,1,"(1, 1, 3, 0)"
100,86,3,3,2,6,2546,5,0,184,169,166,165,1,"(1, 2, 0, 2)"
101,86,3,3,2,6,2546,5,0,185,170,167,166,1,"(1, 2, 1, 1)"
102,86,3,3,2,6,2546,5,0,186,171,168,167,1,"(1, 2, 2, 0)"
103,86,3,3,3,5,2552,5,0,187,172,170,169,1,"(1, 3, 0, 1)"
104,86,3,3,3,5,2552,5,0,188,173,171,170,1,"(1, 3, 1, 0)"
105,86,4,4,3,3,2554,5,0,189,174,173,172,1,"(1, 4, 0, 0)"
106,86,4,3,3,4,2554,5,0,190,180,176,175,1,"(2, 0, 0, 3)"
107,86,3,3,2,6,2546,5,0,191,181,177,176,1,"(2, 0, 1, 2)"
108,86,3,3,2,6,2546,5,0,192,182,178,177,1,"(2, 0, 2, 1)"
109,86,4,3,3,4,2554,5,0,193,183,179,178,1,"(2, 0, 3, 0)"
110,86,3,3,2,6,2546,5,0,194,184,181,180,1,"(2, 1, 0, 2)"
111,86,3,3,2,6,2546,5,0,195,185,182,181,1,"(2, 1, 1, 1)"
112,86,3,3,2,6,2546,5,0,196,186,183,182,1,"(2, 1, 2, 0)"
113,86,3,3,2,6,2546,5,0,197,187,185,184,1,"(2, 2, 0, 1)"
114,86,3,3,2,6,2546,5,0,198,188,186,185,1,"(2, 2, 1, 0)"
115,86,3,3,2,6,2546,5,0,199,189,188,187,1,"(2, 3, 0, 0)"
116,86,4,3,3,4,2554,5,0,200,194,191,190,1,"(3, 0, 0, 2)"
117,86,4,3,3,4,2554,5,0,201,195,192,191,1,"(3, 0, 1, 1)"
118,86,4,3,3,4,2554,5,0,202,196,193,192,1,"(3, 0, 2, 0)"
119,86,3,3,3,5,2552,5,0,203,197,195,194,1,"(3, 1, 0, 1)"
120,86,3,3,3,5,2552,5,0,204,198,196,195,1,"(3, 1, 1, 0)"
121,86,3,3,2,6,2546,5,0,205,199,198,197,1,"(3, 2, 0, 0)"
122,86,4,4,4,2,2552,5,0,206,203,201,200,1,"(4, 0, 0, 1)"
123,86,4,4,4,2,2552,5,0,207,204,202,201,1,"(4, 0, 1, 0)"
124,86,4,4,3,3,2554,5,0,208,205,204,203,1,"(4, 1, 0, 0)"
125,86,5,4,4,1,2546,5,0,209,208,207,206,1,"(5, 0, 0, 0)"
126,83,6,5,5,1,3024,6,0,246,218,211,210,1,"(0, 0, 0, 6)"
127,84,5,4,4,3,2878,6,0,247,219,212,211,1,"(0, 0, 1, 5)"
128,84,4,3,3,6,2874,6,0,248,220,213,212,1,"(0, 0, 2, 4)"
129,83,3,3,3,8,3020,6,0,249,221,214,213,1,"(0, 0, 3, 3)"
130,84,4,3,3,6,2874,6,0,250,222,215,214,1,"(0, 0, 4, 2)"
131,84,5,4,4,3,2878,6,0,251,223,216,215,1,"(0, 0, 5, 1)"
132,83,6,5,5,1,3024,6,0,252,224,217,216,1,"(0, 0, 6, 0)"
133,83,5,5,4,3,3036,6,0,253,225,219,218,1,"(0, 1, 0, 5)"
134,83,4,4,4,5,3038,6,0,254,226,220,219,1,"(0, 1, 1, 4)"
135,83,3,3,3,8,3020,6,0,255,227,221,220,1,"(0, 1, 2, 3)"
136,83,3,3,3,8,3020,6,0,256,228,222,221,1,"(0, 1, 3, 2)"
137,83,4,4,4,5,3038,6,0,257,229,223,222,1,"(0, 1, 4, 1)"
138,83,5,5,4,3,3036,6,0,258,230,224,223,1,"(0, 1, 5, 0)"
139,83,5,4,4,4,3038,6,0,259,231,226,225,1,"(0, 2, 0, 4)"
140,83,4,3,3,7,3028,6,0,260,232,227,226,1,"(0, 2, 1, 3)"
141,83,4,3,2,8,3018,6,0,261,233,228,227,1,"(0, 2, 2, 2)"
142,83,4,3,3,7,3028,6,0,262,234,229,228,1,"(0, 2, 3, 1)"
143,83,5,4,4,4,3038,6,0,263,235,230,229,1,"(0, 2, 4, 0)"
144,83,5,3,3,6,3032,6,0,264,236,232,231,1,"(0, 3, 0, 3)"
145,83,4,4,3,6,3034,6,0,265,237,233,232,1,"(0, 3, 1, 2)"
146,83,4,4,3,6,3034,6,0,266,238,234,233,1,"(0, 3, 2, 1)"
147,83,5,3,3,6,3032,6,0,267,239,235,234,1,"(0, 3, 3, 0)"
148,83,5,4,4,4,3038,6,0,268,240,237,236,1,"(0, 4, 0, 2)"
149,84,4,4,4,4,2880,6,0,269,241,238,237,1,"(0, 4, 1, 1)"
150,83,5,4,4,4,3038,6,0,270,242,239,238,1,"(0, 4, 2, 0)"
151,83,5,5,4,3,3036,6,0,271,243,241,240,1,"(0, 5, 0, 1)"
152,83,5,5,4,3,3036,6,0,272,244,242,241,1,"(0, 5, 1, 0)"
153,83,6,5,5,1,3024,6,0,273,245,244,243,1,"(0, 6, 0, 0)"
154,83,5,5,4,3,3036,6,0,274,253,247,246,1,"(1, 0, 0, 5)"
155,83,4,4,4,5,3038,6,0,275,254,248,247,1,"(1, 0, 1, 4)"
156,83,3,3,3,8,3020,6,0,276,255,249,248,1,"(1, 0, 2, 3)"
157,83,3,3,3,8,3020,6,0,277,256,250,249,1,"(1, 0, 3, 2)"
158,83,4,4,4,5,3038,6,0,278,257,251,250,1,"(1, 0, 4, 1)"
159,83,5,5,4,3,3036,6,0,279,258,252,251,1,"(1, 0, 5, 0)"
160,84,4,4,4,4,2880,6,0,280,259,254,253,1,"(1, 1, 0, 4)"
161,83,4,3,3,7,3028,6,0,281,260,255,254,1,"(1, 1, 1, 3)"
162,83,3,3,3,8,3020,6,0,282,261,256,255,1,"(1, 1, 2, 2)"
163,83,4,3,3,7,3028,6,0,283,262,257,256,1,"(1, 1, 3, 1)"
164,84,4,4,4,4,2880,6,0,284,263,258,257,1,"(1, 1, 4, 0)"
165,83,4,4,3,6,3034,6,0,285,264,260,259,1,"(1, 2, 0, 3)"
166,83,3,3,3,8,3020,6,0,286,265,261,260,1,"(1, 2, 1, 2)"
167,83,3,3,3,8,3020,6,0,287,266,262,261,1,"(1, 2, 2, 1)"
168,83,4,4,3,6,3034,6,0,288,267,263,262,1,"(1, 2, 3, 0)"
169,83,4,3,3,7,3028,6,0,289,268,265,264,1,"(1, 3, 0, 2)"
170,83,4,3,3,7,3028,6,0,290,269,266,265,1,"(1, 3, 1, 1)"
171,83,4,3,3,7,3028,6,0,291,270,267,266,1,"(1, 3, 2, 0)"
172,83,4,4,4,5,3038,6,0,292,271,269,268,1,"(1, 4, 0, 1)"
173,83,4,4,4,5,3038,6,0,293,272,270,269,1,"(1, 4, 1, 0)"
174,84,5,4,4,3,2878,6,0,294,273,272,271,1,"(1, 5, 0, 0)"
175,83,5,4,4,4,3038,6,0,295,280,275,274,1,"(2, 0, 0, 4)"
176,83,4,3,3,7,3028,6,0,296,281,276,275,1,"(2, 0, 1, 3)"
177,83,4,3,2,8,3018,6,0,297,282,277,276,1,"(2, 0, 2, 2)"
178,83,4,3,3,7,3028,6,0,298,283,278,277,1,"(2, 0, 3, 1)"
179,83,5,4,4,4,3038,6,0,299,284,279,278,1,"(2, 0, 4, 0)"
180,83,4,4,3,6,3034,6,0,300,285,281,280,1,"(2, 1, 0, 3)"
181,83,3,3,3,8,3020,6,0,301,286,282,281,1,"(2, 1, 1, 2)"
182,83,3,3,3,8,3020,6,0,302,287,283,282,1,"(2, 1, 2, 1)"
183,83,4,4,3,6,3034,6,0,303,288,284,283,1,"(2, 1, 3, 0)"
184,83,4,3,2,8,3018,6,0,304,289,286,285,1,"(2, 2, 0, 2)"
185,83,3,3,3,8,3020,6,0,305,290,287,286,1,"(2, 2, 1, 1)"
186,83,4,3,2,8,3018,6,0,306,291,288,287,1,"(2, 2, 2, 0)"
187,83,3,3,3,8,3020,6,0,307,292,290,289,1,"(2, 3, 0, 1)"
188,83,3,3,3,8,3020,6,0,308,293,291,290,1,"(2, 3, 1, 0)"
189,84,4,3,3,6,2874,6,0,309,294,293,292,1,"(2, 4, 0, 0)"
190,83,5,3,3,6,3032,6,0,310,300,296,295,1,"(3, 0, 0, 3)"
191,83,4,4,3,6,3034,6,0,311,301,297,296,1,"(3, 0, 1, 2)"
192,83,4,4,3,6,3034,6,0,312,302,298,297,1,"(3, 0, 2, 1)"
193,83,5,3,3,6,3032,6,0,313,303,299,298,1,"(3, 0, 3, 0)"
194,83,4,3,3,7,3028,6,0,314,304,301,300,1,"(3, 1, 0, 2)"
195,83,4,3,3,7,3028,6,0,315,305,302,301,1,"(3, 1, 1, 1)"
196,83,4,3,3,7,3028,6,0,316,306,303,302,1,"(3, 1, 2, 0)"
197,83,3,3,3,8,3020,6,0,317,307,305,304,1,"(3, 2, 0, 1)"
198,83,3,3,3,8,3020,6,0,318,308,306,305,1,"(3, 2, 1, 0)"
199,83,3,3,3,8,3020,6,0,319,309,308,307,1,"(3, 3, 0, 0)"
200,83,5,4,4,4,3038,6,0,320,314,311,310,1,"(4, 0, 0, 2)"
201,84,4,4,4,4,2880,6,0,321,315,312,311,1,"(4, 0, 1, 1)"
202,83,5,4,4,4,3038,6,0,322,316,313,312,1,"(4, 0, 2, 0)"
203,83,4,4,4,5,3038,6,0,323,317,315,314,1,"(4, 1, 0, 1)"
204,83,4,4,4,5,3038,6,0,324,318,316,315,1,"(4, 1, 1, 0)"
205,84,4,3,3,6,2874,6,0,325,319,318,317,1,"(4, 2, 0, 0)"
206,83,5,5,4,3,3036,6,0,326,323,321,320,1,"(5, 0, 0, 1)"
207,83,5,5,4,3,3036,6,0,327,324,322,321,1,"(5, 0, 1, 0)"
208,84,5,4,4,3,2878,6,0,328,325,324,323,1,"(5, 1, 0, 0)"
209,83,6,5,5,1,3024,6,0,329,328,327,326,1,"(6, 0, 0, 0)"
210,81,6,6,6,1,3330,7,0,375,339,331,330,1,"(0, 0, 0, 7)"
211,81,5,5,5,4,3348,7,0,376,340,332,331,1,"(0, 0, 1, 6)"
212,81,5,4,4,6,3346,7,0,377,341,333,332,1,"(0, 0, 2, 5)"
213,81,4,3,3,9,3324,7,0,378,342,334,333,1,"(0, 0, 3, 4)"
214,81,4,3,3,9,3324,7,0,379,343,335,334,1,"(0, 0, 4, 3)"
215,81,5,4,4,6,3346,7,0,380,344,336,335,1,"(0, 0, 5, 2)"
216,81,5,5,5,4,3348,7,0,381,345,337,336,1,"(0, 0, 6, 1)"
217,81,6,6,6,1,3330,7,0,382,346,338,337,1,"(0, 0, 7, 0)"
218,81,6,5,5,3,3344,7,0,383,347,340,339,1,"(0, 1, 0, 6)"
219,81,5,5,4,5,3348,7,0,384,348,341,340,1,"(0, 1, 1, 5)"
220,81,4,4,3,8,3334,7,0,385,349,342,341,1,"(0, 1, 2, 4)"
221,81,4,3,3,9,3324,7,0,386,350,343,342,1,"(0, 1, 3, 3)"
222,81,4,4,3,8,3334,7,0,387,351,344,343,1,"(0, 1, 4, 2)"
223,81,5,5,4,5,3348,7,0,388,352,345,344,1,"(0, 1, 5, 1)"
224,81,6,5,5,3,3344,7,0,389,353,346,345,1,"(0, 1, 6, 0)"
225,81,6,4,4,5,3346,7,0,390,354,348,347,1,"(0, 2, 0, 5)"
226,81,5,4,3,7,3340,7,0,391,355,349,348,1,"(0, 2, 1, 4)"
227,81,4,3,3,9,3324,7,0,392,356,350,349,1,"(0, 2, 2, 3)"
228,81,4,3,3,9,3324,7,0,393,357,351,350,1,"(0, 2, 3, 2)"
229,81,5,4,3,7,3340,7,0,394,358,352,351,1,"(0, 2, 4, 1)"
230,81,6,4,4,5,3346,7,0,395,359,353,352,1,"(0, 2, 5, 0)"
231,81,6,4,3,6,3342,7,0,396,360,355,354,1,"(0, 3, 0, 4)"
232,81,5,3,3,8,3332,7,0,397,361,356,355,1,"(0, 3, 1, 3)"
233,81,4,4,3,8,3334,7,0,398,362,357,356,1,"(0, 3, 2, 2)"
234,81,5,3,3,8,3332,7,0,399,363,358,357,1,"(0, 3, 3, 1)"
235,81,6,4,3,6,3342,7,0,400,364,359,358,1,"(0, 3, 4, 0)"
236,81,6,4,3,6,3342,7,0,401,365,361,360,1,"(0, 4, 0, 3)"
237,81,5,4,4,6,3346,7,0,402,366,362,361,1,"(0, 4, 1, 2)"
238,81,5,4,4,6,3346,7,0,403,367,363,362,1,"(0, 4, 2, 1)"
239,81,6,4,3,6,3342,7,0,404,368,364,363,1,"(0, 4, 3, 0)"
240,81,6,4,4,5,3346,7,0,405,369,366,365,1,"(0, 5, 0, 2)"
241,81,5,5,4,5,3348,7,0,406,370,367,366,1,"(0, 5, 1, 1)"
242,81,6,4,4,5,3346,7,0,407,371,368,367,1,"(0, 5, 2, 0)"
243,81,6,5,5,3,3344,7,0,408,372,370,369,1,"(0, 6, 0, 1)"
244,81,6,5,5,3,3344,7,0,409,373,371,370,1,"(0, 6, 1, 0)"
245,81,6,6,6,1,3330,7,0,410,374,373,372,1,"(0, 7, 0, 0)"
246,81,6,5,5,3,3344,7,0,411,383,376,375,1,"(1, 0, 0, 6)"
247,81,5,5,4,5,3348,7,0,412,384,377,376,1,"(1, 0, 1, 5)"
248,81,4,4,3,8,3334,7,0,413,385,378,377,1,"(1, 0, 2, 4)"
249,81,4,3,3,9,3324,7,0,414,386,379,378,1,"(1, 0, 3, 3)"
250,81,4,4,3,8,3334,7,0,415,387,380,379,1,"(1, 0, 4, 2)"
251,81,5,5,4,5,3348,7,0,416,388,381,380,1,"(1, 0, 5, 1)"
252,81,6,5,5,3,3344,7,0,417,389,382,381,1,"(1, 0, 6, 0)"
253,81,5,5,4,5,3348,7,0,418,390,384,383,1,"(1, 1, 0, 5)"
254,81,4,4,4,7,3342,7,0,419,391,385,384,1,"(1, 1, 1, 4)"
255,81,4,3,3,9,3324,7,0,420,392,386,385,1,"(1, 1, 2, 3)"
256,81,4,3,3,9,3324,7,0,421,393,387,386,1,"(1, 1, 3, 2)"
257,81,4,4,4,7,3342,7,0,422,394,388,387,1,"(1, 1, 4, 1)"
258,81,5,5,4,5,3348,7,0,423,395,389,388,1,"(1, 1, 5, 0)"
259,81,5,4,4,6,3346,7,0,424,396,391,390,1,"(1, 2, 0, 4)"
260,81,4,3,3,9,3324,7,0,425,397,392,391,1,"(1, 2, 1, 3)"
261,81,4,3,3,9,3324,7,0,426,398,393,392,1,"(1, 2, 2, 2)"
262,81,4,3,3,9,3324,7,0,427,399,394,393,1,"(1, 2, 3, 1)"
263,81,5,4,4,6,3346,7,0,428,400,395,394,1,"(1, 2, 4, 0)"
264,81,5,3,3,8,3332,7,0,429,401,397,396,1,"(1, 3, 0, 3)"
265,81,4,3,3,9,3324,7,0,430,402,398,397,1,"(1, 3, 1, 2)"
266,81,4,3,3,9,3324,7,0,431,403,399,398,1,"(1, 3, 2, 1)"
267,81,5,3,3,8,3332,7,0,432,404,400,399,1,"(1, 3, 3, 0)"
268,81,5,4,3,7,3340,7,0,433,405,402,401,1,"(1, 4, 0, 2)"
269,81,4,4,4,7,3342,7,0,434,406,403,402,1,"(1, 4, 1, 1)"
270,81,5,4,3,7,3340,7,0,435,407,404,403,1,"(1, 4, 2, 0)"
271,81,5,5,4,5,3348,7,0,436,408,406,405,1,"(1, 5, 0, 1)"
272,81,5,5,4,5,3348,7,0,437,409,407,406,1,"(1, 5, 1, 0)"
273,81,5,5,5,4,3348,7,0,438,410,409,408,1,"(1, 6, 0, 0)"
274,81,6,4,4,5,3346,7,0,439,418,412,411,1,"(2, 0, 0, 5)"
275,81,5,4,3,7,3340,7,0,440,419,413,412,1,"(2, 0, 1, 4)"
276,81,4,3,3,9,3324,7,0,441,420,414,413,1,"(2, 0, 2, 3)"
277,81,4,3,3,9,3324,7,0,442,421,415,414,1,"(2, 0, 3, 2)"
278,81,5,4,3,7,3340,7,0,443,422,416,415,1,"(2, 0, 4, 1)"
279,81,6,4,4,5,3346,7,0,444,423,417,416,1,"(2, 0, 5, 0)"
280,81,5,4,4,6,3346,7,0,445,424,419,418,1,"(2, 1, 0, 4)"
281,81,4,3,3,9,3324,7,0,446,425,420,419,1,"(2, 1, 1, 3)"
282,81,4,3,3,9,3324,7,0,447,426,421,420,1,"(2, 1, 2, 2)"
283,81,4,3,3,9,3324,7,0,448,427,422,421,1,"(2, 1, 3, 1)"
284,81,5,4,4,6,3346,7,0,449,428,423,422,1,"(2, 1, 4, 0)"
285,81,4,4,3,8,3334,7,0,450,429,425,424,1,"(2, 2, 0, 3)"
286,81,4,3,3,9,3324,7,0,451,430,426,425,1,"(2, 2, 1, 2)"
287,81,4,3,3,9,3324,7,0,452,431,427,426,1,"(2, 2, 2, 1)"
288,81,4,4,3,8,3334,7,0,453,432,428,427,1,"(2, 2, 3, 0)"
289,81,4,3,3,9,3324,7,0,454,433,430,429,1,"(2, 3, 0, 2)"
290,81,4,3,3,9,3324,7,0,455,434,431,430,1,"(2, 3, 1, 1)"
291,81,4,3,3,9,3324,7,0,456,435,432,431,1,"(2, 3, 2, 0)"
292,81,4,4,3,8,3334,7,0,457,436,434,433,1,"(2, 4, 0, 1)"
293,81,4,4,3,8,3334,7,0,458,437,435,434,1,"(2, 4, 1, 0)"
294,81,5,4,4,6,3346,7,0,459,438,437,436,1,"(2, 5, 0, 0)"
295,81,6,4,3,6,3342,7,0,460,445,440,439,1,"(3, 0, 0, 4)"
296,81,5,3,3,8,3332,7,0,461,446,441,440,1,"(3, 0, 1, 3)"
297,81,4,4,3,8,3334,7,0,462,447,442,441,1,"(3, 0, 2, 2)"
298,81,5,3,3,8,3332,7,0,463,448,443,442,1,"(3, 0, 3, 1)"
299,81,6,4,3,6,3342,7,0,464,449,444,443,1,"(3, 0, 4, 0)"
300,81,5,3,3,8,3332,7,0,465,450,446,445,1,"(3, 1, 0, 3)"
301,81,4,3,3,9,3324,7,0,466,451,447,446,1,"(3, 1, 1, 2)"
302,81,4,3,3,9,3324,7,0,467,452,448,447,1,"(3, 1, 2, 1)"
303,81,5,3,3,8,3332,7,0,468,453,449,448,1,"(3, 1, 3, 0)"
304,81,4,3,3,9,3324,7,0,469,454,451,450,1,"(3, 2, 0, 2)"
305,81,4,3,3,9,3324,7,0,470,455,452,451,1,"(3, 2, 1, 1)"
306,81,4,3,3,9,3324,7,0,471,456,453,452,1,"(3, 2, 2, 0)"
307,81,4,3,3,9,3324,7,0,472,457,455,454,1,"(3, 3, 0, 1)"
308,81,4,3,3,9,3324,7,0,473,458,456,455,1,"(3, 3, 1, 0)"
309,81,4,3,3,9,3324,7,0,474,459,458,457,1,"(3, 4, 0, 0)"
310,81,6,4,3,6,3342,7,0,475,465,461,460,1,"(4, 0, 0, 3)"
311,81,5,4,4,6,3346,7,0,476,466,462,461,1,"(4, 0, 1, 2)"
312,81,5,4,4,6,3346,7,0,477,467,463,462,1,"(4, 0, 2, 1)"
313,81,6,4,3,6,3342,7,0,478,468,464,463,1,"(4, 0, 3, 0)"
314,81,5,4,3,7,3340,7,0,479,469,466,465,1,"(4, 1, 0, 2)"
315,81,4,4,4,7,3342,7,0,480,470,467,466,1,"(4, 1, 1, 1)"
316,81,5,4,3,7,3340,7,0,481,471,468,467,1,"(4, 1, 2, 0)"
317,81,4,4,3,8,3334,7,0,482,472,470,469,1,"(4, 2, 0, 1)"
318,81,4,4,3,8,3334,7,0,483,473,471,470,1,"(4, 2, 1, 0)"
319,81,4,3,3,9,3324,7,0,484,474,473,472,1,"(4, 3, 0, 0)"
320,81,6,4,4,5,3346,7,0,485,479,476,475,1,"(5, 0, 0, 2)"
321,81,5,5,4,5,3348,7,0,486,480,477,476,1,"(5, 0, 1, 1)"
322,81,6,4,4,5,3346,7,0,487,481,478,477,1,"(5, 0, 2, 0)"
323,81,5,5,4,5,3348,7,0,488,482,480,479,1,"(5, 1, 0, 1)"
324,81,5,5,4,5,3348,7,0,489,483,481,480,1,"(5, 1, 1, 0)"
325,81,5,4,4,6,3346,7,0,490,484,483,482,1,"(5, 2, 0, 0)"
326,81,6,5,5,3,3344,7,0,491,488,486,485,1,"(6, 0, 0, 1)"
327,81,6,5,5,3,3344,7,0,492,489,487,486,1,"(6, 0, 1, 0)"
328,81,5,5,5,4,3348,7,0,493,490,489,488,1,"(6, 1, 0, 0)"
329,81,6,6,6,1,3330,7,0,494,493,492,491,1,"(7, 0, 0, 0)"
330,78,7,7,6,2,3778,8,0,549,505,496,495,1,"(0, 0, 0, 8)"
331,78,6,6,6,4,3792,8,0,550,506,497,496,1,"(0, 0, 1, 7)"
332,79,5,5,5,6,3648,8,0,507,507,498,497,1,"(0, 0, 2, 6)"
333,79,4,4,4,9,3630,8,0,551,508,499,498,1,"(0, 0, 3, 5)"
334,79,4,3,3,11,3604,8,0,552,509,500,499,1,"(0, 0, 4, 4)"
335,79,4,4,4,9,3630,8,0,553,510,501,500,1,"(0, 0, 5, 3)"
336,79,5,5,5,6,3648,8,0,511,511,502,501,1,"(0, 0, 6, 2)"
337,78,6,6,6,4,3792,8,0,554,512,503,502,1,"(0, 0, 7, 1)"
338,78,7,7,6,2,3778,8,0,555,513,504,503,1,"(0, 0, 8, 0)"
339,78,7,6,6,3,3786,8,0,556,514,506,505,1,"(0, 1, 0, 7)"
340,79,6,5,5,5,3648,8,0,557,515,507,506,1,"(0, 1, 1, 6)"
341,79,5,4,4,8,3638,8,0,558,516,508,507,1,"(0, 1, 2, 5)"
342,79,4,4,3,10,3618,8,0,559,517,509,508,1,"(0, 1, 3, 4)"
343,79,4,4,3,10,3618,8,0,560,518,510,509,1,"(0, 1, 4, 3)"
344,79,5,4,4,8,3638,8,0,561,519,511,510,1,"(0, 1, 5, 2)"
345,79,6,5,5,5,3648,8,0,562,520,512,511,1,"(0, 1, 6, 1)"
346,78,7,6,6,3,3786,8,0,563,521,513,512,1,"(0, 1, 7, 0)"
347,78,7,5,5,5,3792,8,0,564,522,515,514,1,"(0, 2, 0, 6)"
348,79,6,4,4,7,3642,8,0,565,523,516,515,1,"(0, 2, 1, 5)"
349,79,5,3,3,10,3616,8,0,566,524,517,516,1,"(0, 2, 2, 4)"
350,79,4,4,3,10,3618,8,0,509,525,518,517,1,"(0, 2, 3, 3)"
351,79,5,3,3,10,3616,8,0,567,526,519,518,1,"(0, 2, 4, 2)"
352,79,6,4,4,7,3642,8,0,568,527,520,519,1,"(0, 2, 5, 1)"
353,78,7,5,5,5,3792,8,0,569,528,521,520,1,"(0, 2, 6, 0)"
354,79,7,4,4,6,3642,8,0,570,529,523,522,1,"(0, 3, 0, 5)"
355,79,6,3,3,9,3624,8,0,571,530,524,523,1,"(0, 3, 1, 4)"
356,79,5,4,3,9,3628,8,0,517,531,525,524,1,"(0, 3, 2, 3)"
357,79,5,4,3,9,3628,8,0,518,532,526,525,1,"(0, 3, 3, 2)"
358,79,6,3,3,9,3624,8,0,572,533,527,526,1,"(0, 3, 4, 1)"
359,79,7,4,4,6,3642,8,0,573,534,528,527,1,"(0, 3, 5, 0)"
360,79,7,3,3,8,3628,8,0,574,535,530,529,1,"(0, 4, 0, 4)"
361,79,6,4,3,8,3634,8,0,575,536,531,530,1,"(0, 4, 1, 3)"
362,79,5,5,3,8,3636,8,0,576,537,532,531,1,"(0, 4, 2, 2)"
363,79,6,4,3,8,3634,8,0,577,538,533,532,1,"(0, 4, 3, 1)"
364,79,7,3,3,8,3628,8,0,578,539,534,533,1,"(0, 4, 4, 0)"
365,79,7,4,4,6,3642,8,0,579,540,536,535,1,"(0, 5, 0, 3)"
366,79,6,5,4,6,3646,8,0,580,541,537,536,1,"(0, 5, 1, 2)"
367,79,6,5,4,6,3646,8,0,581,541,538,537,1,"(0, 5, 2, 1)"
368,79,7,4,4,6,3642,8,0,582,542,539,538,1,"(0, 5, 3, 0)"
369,78,7,5,5,5,3792,8,0,583,543,541,540,1,"(0, 6, 0, 2)"
370,78,6,6,5,5,3794,8,0,584,544,541,541,1,"(0, 6, 1, 1)"
371,78,7,5,5,5,3792,8,0,585,545,542,541,1,"(0, 6, 2, 0)"
372,78,7,6,6,3,3786,8,0,586,546,544,543,1,"(0, 7, 0, 1)"
373,78,7,6,6,3,3786,8,0,587,547,545,544,1,"(0, 7, 1, 0)"
374,78,7,7,6,2,3778,8,0,588,548,547,546,1,"(0, 8, 0, 0)"
375,78,7,6,6,3,3786,8,0,589,556,550,549,1,"(1, 0, 0, 7)"
376,79,6,5,5,5,3648,8,0,590,557,507,550,1,"(1, 0, 1, 6)"
377,79,5,4,4,8,3638,8,0,591,558,551,507,1,"(1, 0, 2, 5)"
378,79,4,4,3,10,3618,8,0,592,559,552,551,1,"(1, 0, 3, 4)"
379,79,4,4,3,10,3618,8,0,593,560,553,552,1,"(1, 0, 4, 3)"
380,79,5,4,4,8,3638,8,0,594,561,511,553,1,"(1, 0, 5, 2)"
381,79,6,5,5,5,3648,8,0,595,562,554,511,1,"(1, 0, 6, 1)"
382,78,7,6,6,3,3786,8,0,596,563,555,554,1,"(1, 0, 7, 0)"
383,78,6,6,5,5,3794,8,0,564,564,557,556,1,"(1, 1, 0, 6)"
384,79,5,5,4,7,3644,8,0,597,565,558,557,1,"(1, 1, 1, 5)"
385,79,4,4,3,10,3618,8,0,598,566,559,558,1,"(1, 1, 2, 4)"
386,79,4,3,3,11,3604,8,0,552,509,560,559,1,"(1, 1, 3, 3)"
387,79,4,4,3,10,3618,8,0,599,567,561,560,1,"(1, 1, 4, 2)"
388,79,5,5,4,7,3644,8,0,600,568,562,561,1,"(1, 1, 5, 1)"
389,78,6,6,5,5,3794,8,0,569,569,563,562,1,"(1, 1, 6, 0)"
390,79,6,5,4,6,3646,8,0,601,570,565,564,1,"(1, 2, 0, 5)"
391,79,5,4,3,9,3628,8,0,602,571,566,565,1,"(1, 2, 1, 4)"
392,79,4,4,3,10,3618,8,0,603,517,509,566,1,"(1, 2, 2, 3)"
393,79,4,4,3,10,3618,8,0,604,518,567,509,1,"(1, 2, 3, 2)"
394,79,5,4,3,9,3628,8,0,605,572,568,567,1,"(1, 2, 4, 1)"
395,79,6,5,4,6,3646,8,0,606,573,569,568,1,"(1, 2, 5, 0)"
396,79,6,4,3,8,3634,8,0,607,574,571,570,1,"(1, 3, 0, 4)"
397,79,5,3,3,10,3616,8,0,608,575,517,571,1,"(1, 3, 1, 3)"
398,79,4,4,3,10,3618,8,0,509,576,518,517,1,"(1, 3, 2, 2)"
399,79,5,3,3,10,3616,8,0,609,577,572,518,1,"(1, 3, 3, 1)"
400,79,6,4,3,8,3634,8,0,610,578,573,572,1,"(1, 3, 4, 0)"
401,79,6,3,3,9,3624,8,0,611,579,575,574,1,"(1, 4, 0, 3)"
402,79,5,4,3,9,3628,8,0,612,580,576,575,1,"(1, 4, 1, 2)"
403,79,5,4,3,9,3628,8,0,613,581,577,576,1,"(1, 4, 2, 1)"
404,79,6,3,3,9,3624,8,0,614,582,578,577,1,"(1, 4, 3, 0)"
405,79,6,4,4,7,3642,8,0,615,583,580,579,1,"(1, 5, 0, 2)"
406,79,5,5,4,7,3644,8,0,616,584,581,580,1,"(1, 5, 1, 1)"
407,79,6,4,4,7,3642,8,0,617,585,582,581,1,"(1, 5, 2, 0)"
408,79,6,5,5,5,3648,8,0,618,586,584,583,1,"(1, 6, 0, 1)"
409,79,6,5,5,5,3648,8,0,618,587,585,584,1,"(1, 6, 1, 0)"
410,78,6,6,6,4,3792,8,0,619,588,587,586,1,"(1, 7, 0, 0)"
411,78,7,5,5,5,3792,8,0,620,564,590,589,1,"(2, 0, 0, 6)"
412,79,6,4,4,7,3642,8,0,621,597,591,590,1,"(2, 0, 1, 5)"
413,79,5,3,3,10,3616,8,0,622,598,592,591,1,"(2, 0, 2, 4)"
414,79,4,4,3,10,3618,8,0,623,552,593,592,1,"(2, 0, 3, 3)"
415,79,5,3,3,10,3616,8,0,624,599,594,593,1,"(2, 0, 4, 2)"
416,79,6,4,4,7,3642,8,0,625,600,595,594,1,"(2, 0, 5, 1)"
417,78,7,5,5,5,3792,8,0,626,569,596,595,1,"(2, 0, 6, 0)"
418,79,6,5,4,6,3646,8,0,627,601,597,564,1,"(2, 1, 0, 5)"
419,79,5,4,3,9,3628,8,0,628,602,598,597,1,"(2, 1, 1, 4)"
420,79,4,4,3,10,3618,8,0,592,603,552,598,1,"(2, 1, 2, 3)"
421,79,4,4,3,10,3618,8,0,593,604,599,552,1,"(2, 1, 3, 2)"
422,79,5,4,3,9,3628,8,0,629,605,600,599,1,"(2, 1, 4, 1)"
423,79,6,5,4,6,3646,8,0,630,606,569,600,1,"(2, 1, 5, 0)"
424,79,5,5,3,8,3636,8,0,631,607,602,601,1,"(2, 2, 0, 4)"
425,79,4,4,3,10,3618,8,0,632,608,603,602,1,"(2, 2, 1, 3)"
426,79,4,3,3,11,3604,8,0,552,509,604,603,1,"(2, 2, 2, 2)"
427,79,4,4,3,10,3618,8,0,633,609,605,604,1,"(2, 2, 3, 1)"
428,79,5,5,3,8,3636,8,0,634,610,606,605,1,"(2, 2, 4, 0)"
429,79,5,4,3,9,3628,8,0,635,611,608,607,1,"(2, 3, 0, 3)"
430,79,4,4,3,10,3618,8,0,603,612,509,608,1,"(2, 3, 1, 2)"
431,79,4,4,3,10,3618,8,0,604,613,609,509,1,"(2, 3, 2, 1)"
432,79,5,4,3,9,3628,8,0,636,614,610,609,1,"(2, 3, 3, 0)"
433,79,5,3,3,10,3616,8,0,608,615,612,611,1,"(2, 4, 0, 2)"
434,79,4,4,3,10,3618,8,0,637,616,613,612,1,"(2, 4, 1, 1)"
435,79,5,3,3,10,3616,8,0,609,617,614,613,1,"(2, 4, 2, 0)"
436,79,5,4,4,8,3638,8,0,638,618,616,615,1,"(2, 5, 0, 1)"
437,79,5,4,4,8,3638,8,0,639,618,617,616,1,"(2, 5, 1, 0)"
438,79,5,5,5,6,3648,8,0,640,619,618,618,1,"(2, 6, 0, 0)"
439,79,7,4,4,6,3642,8,0,641,627,621,620,1,"(3, 0, 0, 5)"
440,79,6,3,3,9,3624,8,0,642,628,622,621,1,"(3, 0, 1, 4)"
441,79,5,4,3,9,3628,8,0,643,592,623,622,1,"(3, 0, 2, 3)"
442,79,5,4,3,9,3628,8,0,644,593,624,623,1,"(3, 0, 3, 2)"
443,79,6,3,3,9,3624,8,0,645,629,625,624,1,"(3, 0, 4, 1)"
444,79,7,4,4,6,3642,8,0,646,630,626,625,1,"(3, 0, 5, 0)"
445,79,6,4,3,8,3634,8,0,647,631,628,627,1,"(3, 1, 0, 4)"
446,79,5,3,3,10,3616,8,0,648,632,592,628,1,"(3, 1, 1, 3)"
447,79,4,4,3,10,3618,8,0,649,552,593,592,1,"(3, 1, 2, 2)"
448,79,5,3,3,10,3616,8,0,650,633,629,593,1,"(3, 1, 3, 1)"
449,79,6,4,3,8,3634,8,0,651,634,630,629,1,"(3, 1, 4, 0)"
450,79,5,4,3,9,3628,8,0,652,635,632,631,1,"(3, 2, 0, 3)"
451,79,4,4,3,10,3618,8,0,653,603,552,632,1,"(3, 2, 1, 2)"
452,79,4,4,3,10,3618,8,0,654,604,633,552,1,"(3, 2, 2, 1)"
453,79,5,4,3,9,3628,8,0,655,636,634,633,1,"(3, 2, 3, 0)"
454,79,4,4,3,10,3618,8,0,632,608,603,635,1,"(3, 3, 0, 2)"
455,79,4,3,3,11,3604,8,0,656,637,604,603,1,"(3, 3, 1, 1)"
456,79,4,4,3,10,3618,8,0,633,609,636,604,1,"(3, 3, 2, 0)"
457,79,4,4,3,10,3618,8,0,603,638,637,608,1,"(3, 4, 0, 1)"
458,79,4,4,3,10,3618,8,0,604,639,609,637,1,"(3, 4, 1, 0)"
459,79,4,4,4,9,3630,8,0,657,640,639,638,1,"(3, 5, 0, 0)"
460,79,7,3,3,8,3628,8,0,658,647,642,641,1,"(4, 0, 0, 4)"
461,79,6,4,3,8,3634,8,0,659,648,643,642,1,"(4, 0, 1, 3)"
462,79,5,5,3,8,3636,8,0,660,649,644,643,1,"(4, 0, 2, 2)"
463,79,6,4,3,8,3634,8,0,661,650,645,644,1,"(4, 0, 3, 1)"
464,79,7,3,3,8,3628,8,0,662,651,646,645,1,"(4, 0, 4, 0)"
465,79,6,3,3,9,3624,8,0,663,652,648,647,1,"(4, 1, 0, 3)"
466,79,5,4,3,9,3628,8,0,664,653,649,648,1,"(4, 1, 1, 2)"
467,79,5,4,3,9,3628,8,0,665,654,650,649,1,"(4, 1, 2, 1)"
468,79,6,3,3,9,3624,8,0,666,655,651,650,1,"(4, 1, 3, 0)"
469,79,5,3,3,10,3616,8,0,667,632,653,652,1,"(4, 2, 0, 2)"
470,79,4,4,3,10,3618,8,0,668,656,654,653,1,"(4, 2, 1, 1)"
471,79,5,3,3,10,3616,8,0,669,633,655,654,1,"(4, 2, 2, 0)"
472,79,4,4,3,10,3618,8,0,670,603,656,632,1,"(4, 3, 0, 1)"
473,79,4,4,3,10,3618,8,0,671,604,633,656,1,"(4, 3, 1, 0)"
474,79,4,3,3,11,3604,8,0,672,657,604,603,1,"(4, 4, 0, 0)"
475,79,7,4,4,6,3642,8,0,673,663,659,658,1,"(5, 0, 0, 3)"
476,79,6,5,4,6,3646,8,0,674,664,660,659,1,"(5, 0, 1, 2)"
477,79,6,5,4,6,3646,8,0,674,665,661,660,1,"(5, 0, 2, 1)"
478,79,7,4,4,6,3642,8,0,675,666,662,661,1,"(5, 0, 3, 0)"
479,79,6,4,4,7,3642,8,0,676,667,664,663,1,"(5, 1, 0, 2)"
480,79,5,5,4,7,3644,8,0,677,668,665,664,1,"(5, 1, 1, 1)"
481,79,6,4,4,7,3642,8,0,678,669,666,665,1,"(5, 1, 2, 0)"
482,79,5,4,4,8,3638,8,0,679,670,668,667,1,"(5, 2, 0, 1)"
483,79,5,4,4,8,3638,8,0,679,671,669,668,1,"(5, 2, 1, 0)"
484,79,4,4,4,9,3630,8,0,680,672,671,670,1,"(5, 3, 0, 0)"
485,78,7,5,5,5,3792,8,0,681,676,674,673,1,"(6, 0, 0, 2)"
486,78,6,6,5,5,3794,8,0,682,677,674,674,1,"(6, 0, 1, 1)"
487,78,7,5,5,5,3792,8,0,683,678,675,674,1,"(6, 0, 2, 0)"
488,79,6,5,5,5,3648,8,0,684,679,677,676,1,"(6, 1, 0, 1)"
489,79,6,5,5,5,3648,8,0,685,679,678,677,1,"(6, 1, 1, 0)"
490,79,5,5,5,6,3648,8,0,686,680,679,679,1,"(6, 2, 0, 0)"
491,78,7,6,6,3,3786,8,0,687,684,682,681,1,"(7, 0, 0, 1)"
492,78,7,6,6,3,3786,8,0,688,685,683,682,1,"(7, 0, 1, 0)"
493,78,6,6,6,4,3792,8,0,689,686,685,684,1,"(7, 1, 0, 0)"
494,78,7,7,6,2,3778,8,0,690,689,688,687,1,"(8, 0, 0, 0)"
495,76,8,7,7,2,4058,9,0,697,697,692,691,1,"(0, 0, 0, 9)"
496,76,7,6,6,5,4078,9,0,698,698,693,692,1,"(0, 0, 1, 8)"
497,76,6,6,6,6,4080,9,0,699,699,694,693,1,"(0, 0, 2, 7)"
498,76,5,5,5,9,4068,9,0,700,700,695,694,1,"(0, 0, 3, 6)"
499,77,4,4,4,11,3902,9,0,701,701,696,695,1,"(0, 0, 4, 5)"
500,77,4,4,4,11,3902,9,0,701,701,695,696,1,"(0, 0, 5, 4)"
501,76,5,5,5,9,4068,9,0,700,700,694,695,1,"(0, 0, 6, 3)"
502,76,6,6,6,6,4080,9,0,699,699,693,694,1,"(0, 0, 7, 2)"
503,76,7,6,6,5,4078,9,0,698,698,692,693,1,"(0, 0, 8, 1)"
504,76,8,7,7,2,4058,9,0,697,697,691,692,1,"(0, 0, 9, 0)"
505,76,7,7,6,4,4074,9,0,692,702,698,697,1,"(0, 1, 0, 8)"
506,76,6,6,6,6,4080,9,0,699,703,699,698,1,"(0, 1, 1, 7)"
507,76,6,5,5,8,4074,9,0,700,700,700,699,2,"(0, 1, 2, 6);(1, 0, 2, 6)"
508,77,5,4,4,10,3914,9,0,716,704,701,700,1,"(0, 1, 3, 5)"
509,77,4,4,3,12,3886,9,0,696,705,701,701,3,"(0, 1, 4, 4);(1, 2, 3, 3);(2, 3, 2, 2)"
510,77,5,4,4,10,3914,9,0,716,704,700,701,1,"(0, 1, 5, 3)"
511,76,6,5,5,8,4074,9,0,700,700,699,700,2,"(0, 1, 6, 2);(1, 0, 6, 2)"
512,76,6,6,6,6,4080,9,0,699,703,698,699,1,"(0, 1, 7, 1)"
513,76,7,7,6,4,4074,9,0,692,702,697,698,1,"(0, 1, 8, 0)"
514,76,7,6,6,5,4078,9,0,693,706,703,702,1,"(0, 2, 0, 7)"
515,76,7,5,5,7,4076,9,0,694,707,700,703,1,"(0, 2, 1, 6)"
516,76,6,4,4,10,4056,9,0,717,708,704,700,1,"(0, 2, 2, 5)"
517,77,5,4,3,11,3900,9,0,701,709,705,704,2,"(0, 2, 3, 4);(1, 3, 2, 3)"
518,77,5,4,3,11,3900,9,0,701,709,704,705,2,"(0, 2, 4, 3);(1, 3, 3, 2)"
519,76,6,4,4,10,4056,9,0,717,708,700,704,1,"(0, 2, 5, 2)"
520,76,7,5,5,7,4076,9,0,694,707,703,700,1,"(0, 2, 6, 1)"
521,76,7,6,6,5,4078,9,0,693,706,702,703,1,"(0, 2, 7, 0)"
522,76,7,5,5,7,4076,9,0,703,710,707,706,1,"(0, 3, 0, 6)"
523,76,7,4,4,9,4062,9,0,717,708,708,707,1,"(0, 3, 1, 5)"
524,76,6,4,3,11,4042,9,0,704,711,709,708,1,"(0, 3, 2, 4)"
525,76,5,5,3,11,4044,9,0,705,712,709,709,1,"(0, 3, 3, 3)"
526,76,6,4,3,11,4042,9,0,704,711,708,709,1,"(0, 3, 4, 2)"
527,76,7,4,4,9,4062,9,0,717,708,707,708,1,"(0, 3, 5, 1)"
528,76,7,5,5,7,4076,9,0,703,710,706,707,1,"(0, 3, 6, 0)"
529,76,8,4,4,8,4064,9,0,714,713,708,710,1,"(0, 4, 0, 5)"
530,76,7,4,3,10,4050,9,0,704,714,711,708,1,"(0, 4, 1, 4)"
531,76,6,5,3,10,4054,9,0,709,715,712,711,1,"(0, 4, 2, 3)"
532,76,6,5,3,10,4054,9,0,709,715,711,712,1,"(0, 4, 3, 2)"
533,76,7,4,3,10,4050,9,0,704,714,708,711,1,"(0, 4, 4, 1)"
534,76,8,4,4,8,4064,9,0,714,713,710,708,1,"(0, 4, 5, 0)"
535,76,8,4,4,8,4064,9,0,708,710,714,713,1,"(0, 5, 0, 4)"
536,76,7,5,4,8,4070,9,0,717,703,715,714,1,"(0, 5, 1, 3)"
537,76,6,6,4,8,4072,9,0,715,703,715,715,1,"(0, 5, 2, 2)"
538,76,7,5,4,8,4070,9,0,717,703,714,715,1,"(0, 5, 3, 1)"
539,76,8,4,4,8,4064,9,0,708,710,713,714,1,"(0, 5, 4, 0)"
540,76,7,5,5,7,4076,9,0,707,706,703,710,1,"(0, 6, 0, 3)"
541,76,6,6,5,7,4078,9,0,694,693,703,703,2,"(0, 6, 1, 2);(0, 6, 2, 1)"
542,76,7,5,5,7,4076,9,0,707,706,710,703,1,"(0, 6, 3, 0)"
543,76,7,6,6,5,4078,9,0,703,702,693,706,1,"(0, 7, 0, 2)"
544,76,7,6,6,5,4078,9,0,699,692,693,693,1,"(0, 7, 1, 1)"
545,76,7,6,6,5,4078,9,0,703,702,706,693,1,"(0, 7, 2, 0)"
546,76,7,7,6,4,4074,9,0,698,697,692,702,1,"(0, 8, 0, 1)"
547,76,7,7,6,4,4074,9,0,698,697,702,692,1,"(0, 8, 1, 0)"
548,76,8,7,7,2,4058,9,0,692,691,697,697,1,"(0, 9, 0, 0)"
549,76,7,7,6,4,4074,9,0,702,692,698,697,1,"(1, 0, 0, 8)"
550,76,6,6,6,6,4080,9,0,703,699,699,698,1,"(1, 0, 1, 7)"
551,77,5,4,4,10,3914,9,0,704,716,701,700,1,"(1, 0, 3, 5)"
552,77,4,4,3,12,3886,9,0,705,696,701,701,3,"(1, 0, 4, 4);(2, 1, 3, 3);(3, 2, 2, 2)"
553,77,5,4,4,10,3914,9,0,704,716,700,701,1,"(1, 0, 5, 3)"
554,76,6,6,6,6,4080,9,0,703,699,698,699,1,"(1, 0, 7, 1)"
555,76,7,7,6,4,4074,9,0,702,692,697,698,1,"(1, 0, 8, 0)"
556,76,7,6,6,5,4078,9,0,693,693,699,692,1,"(1, 1, 0, 7)"
557,76,6,6,5,7,4078,9,0,694,694,700,699,1,"(1, 1, 1, 6)"
558,76,5,5,4,10,4058,9,0,717,717,716,700,1,"(1, 1, 2, 5)"
559,77,4,4,3,12,3886,9,0,701,701,696,716,1,"(1, 1, 3, 4)"
560,77,4,4,3,12,3886,9,0,701,701,716,696,1,"(1, 1, 4, 3)"
561,76,5,5,4,10,4058,9,0,717,717,700,716,1,"(1, 1, 5, 2)"
562,76,6,6,5,7,4078,9,0,694,694,699,700,1,"(1, 1, 6, 1)"
563,76,7,6,6,5,4078,9,0,693,693,692,699,1,"(1, 1, 7, 0)"
564,76,6,6,5,7,4078,9,0,703,703,694,693,2,"(1, 2, 0, 6);(2, 1, 0, 6)"
565,76,6,5,4,9,4066,9,0,715,717,717,694,1,"(1, 2, 1, 5)"
566,77,5,4,3,11,3900,9,0,705,704,701,717,1,"(1, 2, 2, 4)"
567,77,5,4,3,11,3900,9,0,705,704,717,701,1,"(1, 2, 4, 2)"
568,76,6,5,4,9,4066,9,0,715,717,694,717,1,"(1, 2, 5, 1)"
569,76,6,6,5,7,4078,9,0,703,703,693,694,2,"(1, 2, 6, 0);(2, 1, 6, 0)"
570,76,7,5,4,8,4070,9,0,715,714,717,703,1,"(1, 3, 0, 5)"
571,76,6,4,3,11,4042,9,0,709,704,704,717,1,"(1, 3, 1, 4)"
572,76,6,4,3,11,4042,9,0,709,704,717,704,1,"(1, 3, 4, 1)"
573,76,7,5,4,8,4070,9,0,715,714,703,717,1,"(1, 3, 5, 0)"
574,76,7,4,3,10,4050,9,0,711,708,704,714,1,"(1, 4, 0, 4)"
575,76,6,4,3,11,4042,9,0,704,717,709,704,1,"(1, 4, 1, 3)"
576,76,5,5,4,10,4058,9,0,705,715,709,709,1,"(1, 4, 2, 2)"
577,76,6,4,3,11,4042,9,0,704,717,704,709,1,"(1, 4, 3, 1)"
578,76,7,4,3,10,4050,9,0,711,708,714,704,1,"(1, 4, 4, 0)"
579,76,7,4,4,9,4062,9,0,708,707,717,708,1,"(1, 5, 0, 3)"
580,76,6,5,4,9,4066,9,0,717,694,715,717,1,"(1, 5, 1, 2)"
581,76,6,5,4,9,4066,9,0,717,694,717,715,1,"(1, 5, 2, 1)"
582,76,7,4,4,9,4062,9,0,708,707,708,717,1,"(1, 5, 3, 0)"
583,76,7,5,5,7,4076,9,0,700,703,694,707,1,"(1, 6, 0, 2)"
584,76,6,6,5,7,4078,9,0,700,699,694,694,1,"(1, 6, 1, 1)"
585,76,7,5,5,7,4076,9,0,700,703,707,694,1,"(1, 6, 2, 0)"
586,76,6,6,6,6,4080,9,0,699,698,699,703,1,"(1, 7, 0, 1)"
587,76,6,6,6,6,4080,9,0,699,698,703,699,1,"(1, 7, 1, 0)"
588,76,7,6,6,5,4078,9,0,693,692,698,698,1,"(1, 8, 0, 0)"
589,76,7,6,6,5,4078,9,0,706,693,703,702,1,"(2, 0, 0, 7)"
590,76,7,5,5,7,4076,9,0,707,694,700,703,1,"(2, 0, 1, 6)"
591,76,6,4,4,10,4056,9,0,708,717,704,700,1,"(2, 0, 2, 5)"
592,77,5,4,3,11,3900,9,0,709,701,705,704,2,"(2, 0, 3, 4);(3, 1, 2, 3)"
593,77,5,4,3,11,3900,9,0,709,701,704,705,2,"(2, 0, 4, 3);(3, 1, 3, 2)"
594,76,6,4,4,10,4056,9,0,708,717,700,704,1,"(2, 0, 5, 2)"
595,76,7,5,5,7,4076,9,0,707,694,703,700,1,"(2, 0, 6, 1)"
596,76,7,6,6,5,4078,9,0,706,693,702,703,1,"(2, 0, 7, 0)"
597,76,6,5,4,9,4066,9,0,717,715,717,694,1,"(2, 1, 1, 5)"
598,77,5,4,3,11,3900,9,0,704,705,701,717,1,"(2, 1, 2, 4)"
599,77,5,4,3,11,3900,9,0,704,705,717,701,1,"(2, 1, 4, 2)"
600,76,6,5,4,9,4066,9,0,717,715,694,717,1,"(2, 1, 5, 1)"
601,76,6,6,4,8,4072,9,0,715,715,715,703,1,"(2, 2, 0, 5)"
602,76,5,5,4,10,4058,9,0,709,709,705,715,1,"(2, 2, 1, 4)"
603,77,4,4,3,12,3886,9,0,701,701,696,705,3,"(2, 2, 2, 3);(3, 3, 1, 2);(4, 4, 0, 1)"
604,77,4,4,3,12,3886,9,0,701,701,705,696,3,"(2, 2, 3, 2);(3, 3, 2, 1);(4, 4, 1, 0)"
605,76,5,5,4,10,4058,9,0,709,709,715,705,1,"(2, 2, 4, 1)"
606,76,6,6,4,8,4072,9,0,715,715,703,715,1,"(2, 2, 5, 0)"
607,76,6,5,3,10,4054,9,0,712,711,709,715,1,"(2, 3, 0, 4)"
608,77,5,4,3,11,3900,9,0,705,704,701,709,2,"(2, 3, 1, 3);(3, 4, 0, 2)"
609,77,5,4,3,11,3900,9,0,705,704,709,701,2,"(2, 3, 3, 1);(3, 4, 2, 0)"
610,76,6,5,3,10,4054,9,0,712,711,715,709,1,"(2, 3, 4, 0)"
611,76,6,4,3,11,4042,9,0,709,708,704,711,1,"(2, 4, 0, 3)"
612,77,5,4,3,11,3900,9,0,701,717,705,704,1,"(2, 4, 1, 2)"
613,77,5,4,3,11,3900,9,0,701,717,704,705,1,"(2, 4, 2, 1)"
614,76,6,4,3,11,4042,9,0,709,708,711,704,1,"(2, 4, 3, 0)"
615,76,6,4,4,10,4056,9,0,704,700,717,708,1,"(2, 5, 0, 2)"
616,76,5,5,4,10,4058,9,0,716,700,717,717,1,"(2, 5, 1, 1)"
617,76,6,4,4,10,4056,9,0,704,700,708,717,1,"(2, 5, 2, 0)"
618,76,6,5,5,8,4074,9,0,700,699,700,700,2,"(2, 6, 0, 1);(2, 6, 1, 0)"
619,76,6,6,6,6,4080,9,0,694,693,699,699,1,"(2, 7, 0, 0)"
620,76,7,5,5,7,4076,9,0,710,703,707,706,1,"(3, 0, 0, 6)"
621,76,7,4,4,9,4062,9,0,708,717,708,707,1,"(3, 0, 1, 5)"
622,76,6,4,3,11,4042,9,0,711,704,709,708,1,"(3, 0, 2, 4)"
623,76,5,5,3,11,4044,9,0,712,705,709,709,1,"(3, 0, 3, 3)"
624,76,6,4,3,11,4042,9,0,711,704,708,709,1,"(3, 0, 4, 2)"
625,76,7,4,4,9,4062,9,0,708,717,707,708,1,"(3, 0, 5, 1)"
626,76,7,5,5,7,4076,9,0,710,703,706,707,1,"(3, 0, 6, 0)"
627,76,7,5,4,8,4070,9,0,714,715,717,703,1,"(3, 1, 0, 5)"
628,76,6,4,3,11,4042,9,0,704,709,704,717,1,"(3, 1, 1, 4)"
629,76,6,4,3,11,4042,9,0,704,709,717,704,1,"(3, 1, 4, 1)"
630,76,7,5,4,8,4070,9,0,714,715,703,717,1,"(3, 1, 5, 0)"
631,76,6,5,3,10,4054,9,0,711,712,709,715,1,"(3, 2, 0, 4)"
632,77,5,4,3,11,3900,9,0,704,705,701,709,2,"(3, 2, 1, 3);(4, 3, 0, 2)"
633,77,5,4,3,11,3900,9,0,704,705,709,701,2,"(3, 2, 3, 1);(4, 3, 2, 0)"
634,76,6,5,3,10,4054,9,0,711,712,715,709,1,"(3, 2, 4, 0)"
635,76,5,5,3,11,4044,9,0,709,709,705,712,1,"(3, 3, 0, 3)"
636,76,5,5,3,11,4044,9,0,709,709,712,705,1,"(3, 3, 3, 0)"
637,77,4,4,3,12,3886,9,0,696,716,701,701,1,"(3, 4, 1, 1)"
638,77,5,4,4,10,3914,9,0,701,700,716,704,1,"(3, 5, 0, 1)"
639,77,5,4,4,10,3914,9,0,701,700,704,716,1,"(3, 5, 1, 0)"
640,76,5,5,5,9,4068,9,0,695,694,700,700,1,"(3, 6, 0, 0)"
641,76,8,4,4,8,4064,9,0,713,714,708,710,1,"(4, 0, 0, 5)"
642,76,7,4,3,10,4050,9,0,714,704,711,708,1,"(4, 0, 1, 4)"
643,76,6,5,3,10,4054,9,0,715,709,712,711,1,"(4, 0, 2, 3)"
644,76,6,5,3,10,4054,9,0,715,709,711,712,1,"(4, 0, 3, 2)"
645,76,7,4,3,10,4050,9,0,714,704,708,711,1,"(4, 0, 4, 1)"
646,76,8,4,4,8,4064,9,0,713,714,710,708,1,"(4, 0, 5, 0)"
647,76,7,4,3,10,4050,9,0,708,711,704,714,1,"(4, 1, 0, 4)"
648,76,6,4,3,11,4042,9,0,717,704,709,704,1,"(4, 1, 1, 3)"
649,76,5,5,4,10,4058,9,0,715,705,709,709,1,"(4, 1, 2, 2)"
650,76,6,4,3,11,4042,9,0,717,704,704,709,1,"(4, 1, 3, 1)"
651,76,7,4,3,10,4050,9,0,708,711,714,704,1,"(4, 1, 4, 0)"
652,76,6,4,3,11,4042,9,0,708,709,704,711,1,"(4, 2, 0, 3)"
653,77,5,4,3,11,3900,9,0,717,701,705,704,1,"(4, 2, 1, 2)"
654,77,5,4,3,11,3900,9,0,717,701,704,705,1,"(4, 2, 2, 1)"
655,76,6,4,3,11,4042,9,0,708,709,711,704,1,"(4, 2, 3, 0)"
656,77,4,4,3,12,3886,9,0,716,696,701,701,1,"(4, 3, 1, 1)"
657,77,4,4,4,11,3902,9,0,696,695,701,701,1,"(4, 5, 0, 0)"
658,76,8,4,4,8,4064,9,0,710,708,714,713,1,"(5, 0, 0, 4)"
659,76,7,5,4,8,4070,9,0,703,717,715,714,1,"(5, 0, 1, 3)"
660,76,6,6,4,8,4072,9,0,703,715,715,715,1,"(5, 0, 2, 2)"
661,76,7,5,4,8,4070,9,0,703,717,714,715,1,"(5, 0, 3, 1)"
662,76,8,4,4,8,4064,9,0,710,708,713,714,1,"(5, 0, 4, 0)"
663,76,7,4,4,9,4062,9,0,707,708,717,708,1,"(5, 1, 0, 3)"
664,76,6,5,4,9,4066,9,0,694,717,715,717,1,"(5, 1, 1, 2)"
665,76,6,5,4,9,4066,9,0,694,717,717,715,1,"(5, 1, 2, 1)"
666,76,7,4,4,9,4062,9,0,707,708,708,717,1,"(5, 1, 3, 0)"
667,76,6,4,4,10,4056,9,0,700,704,717,708,1,"(5, 2, 0, 2)"
668,76,5,5,4,10,4058,9,0,700,716,717,717,1,"(5, 2, 1, 1)"
669,76,6,4,4,10,4056,9,0,700,704,708,717,1,"(5, 2, 2, 0)"
670,77,5,4,4,10,3914,9,0,700,701,716,704,1,"(5, 3, 0, 1)"
671,77,5,4,4,10,3914,9,0,700,701,704,716,1,"(5, 3, 1, 0)"
672,77,4,4,4,11,3902,9,0,695,696,701,701,1,"(5, 4, 0, 0)"
673,76,7,5,5,7,4076,9,0,706,707,703,710,1,"(6, 0, 0, 3)"
674,76,6,6,5,7,4078,9,0,693,694,703,703,2,"(6, 0, 1, 2);(6, 0, 2, 1)"
675,76,7,5,5,7,4076,9,0,706,707,710,703,1,"(6, 0, 3, 0)"
676,76,7,5,5,7,4076,9,0,703,700,694,707,1,"(6, 1, 0, 2)"
677,76,6,6,5,7,4078,9,0,699,700,694,694,1,"(6, 1, 1, 1)"
678,76,7,5,5,7,4076,9,0,703,700,707,694,1,"(6, 1, 2, 0)"
679,76,6,5,5,8,4074,9,0,699,700,700,700,2,"(6, 2, 0, 1);(6, 2, 1, 0)"
680,76,5,5,5,9,4068,9,0,694,695,700,700,1,"(6, 3, 0, 0)"
681,76,7,6,6,5,4078,9,0,702,703,693,706,1,"(7, 0, 0, 2)"
682,76,7,6,6,5,4078,9,0,692,699,693,693,1,"(7, 0, 1, 1)"
683,76,7,6,6,5,4078,9,0,702,703,706,693,1,"(7, 0, 2, 0)"
684,76,6,6,6,6,4080,9,0,698,699,699,703,1,"(7, 1, 0, 1)"
685,76,6,6,6,6,4080,9,0,698,699,703,699,1,"(7, 1, 1, 0)"
686,76,6,6,6,6,4080,9,0,693,694,699,699,1,"(7, 2, 0, 0)"
687,76,7,7,6,4,4074,9,0,697,698,692,702,1,"(8, 0, 0, 1)"
688,76,7,7,6,4,4074,9,0,697,698,702,692,1,"(8, 0, 1, 0)"
689,76,7,6,6,5,4078,9,0,692,693,698,698,1,"(8, 1, 0, 0)"
690,76,8,7,7,2,4058,9,0,691,692,697,697,1,"(9, 0, 0, 0)"
691,74,8,8,7,3,4338,10,1,,,,,4,"(0, 0, 0, 10);(0, 0, 10, 0);(0, 10, 0, 0);(10, 0, 0, 0)"
692,74,7,7,7,5,4352,10,1,,,,,8,"(0, 0, 1, 9);(0, 0, 9, 1);(0, 8, 1, 1);(1, 1, 0, 8);(1, 1, 8, 0);(1, 9, 0, 0);(8, 0, 1, 1);(9, 1, 0, 0)"
693,74,7,6,6,7,4354,10,1,,,,,12,"(0, 0, 2, 8);(0, 0, 8, 2);(0, 7, 1, 2);(0, 7, 2, 1);(1, 2, 0, 7);(1, 2, 7, 0);(2, 1, 0, 7);(2, 1, 7, 0);(2, 8, 0, 0);(7, 0, 1, 2);(7, 0, 2, 1);(8, 2, 0, 0)"
694,74,6,6,5,9,4346,10,1,,,,,12,"(0, 0, 3, 7);(0, 0, 7, 3);(1, 2, 1, 6);(1, 2, 6, 1);(1, 6, 1, 2);(1, 6, 2, 1);(2, 1, 1, 6);(2, 1, 6, 1);(3, 7, 0, 0);(6, 1, 1, 2);(6, 1, 2, 1);(7, 3, 0, 0)"
695,74,5,5,5,11,4328,10,1,,,,,4,"(0, 0, 4, 6);(0, 0, 6, 4);(4, 6, 0, 0);(6, 4, 0, 0)"
696,74,4,4,4,14,4280,10,1,,,,,6,"(0, 0, 5, 5);(1, 1, 4, 4);(2, 2, 3, 3);(3, 3, 2, 2);(4, 4, 1, 1);(5, 5, 0, 0)"
697,74,8,7,7,4,4346,10,1,,,,,8,"(0, 1, 0, 9);(0, 1, 9, 0);(0, 9, 0, 1);(0, 9, 1, 0);(1, 0, 0, 9);(1, 0, 9, 0);(9, 0, 0, 1);(9, 0, 1, 0)"
698,74,7,7,6,6,4354,10,1,,,,,8,"(0, 1, 1, 8);(0, 1, 8, 1);(1, 0, 1, 8);(1, 0, 8, 1);(1, 8, 0, 1);(1, 8, 1, 0);(8, 1, 0, 1);(8, 1, 1, 0)"
699,74,6,6,6,8,4352,10,1,,,,,12,"(0, 1, 2, 7);(0, 1, 7, 2);(1, 0, 2, 7);(1, 0, 7, 2);(1, 1, 1, 7);(1, 1, 7, 1);(1, 7, 1, 1);(2, 7, 0, 1);(2, 7, 1, 0);(7, 1, 1, 1);(7, 2, 0, 1);(7, 2, 1, 0)"
700,74,6,5,5,10,4338,10,1,,,,,20,"(0, 1, 3, 6);(0, 1, 6, 3);(0, 2, 2, 6);(0, 2, 6, 2);(1, 0, 3, 6);(1, 0, 6, 3);(1, 1, 2, 6);(1, 1, 6, 2);(2, 0, 2, 6);(2, 0, 6, 2);(2, 6, 0, 2);(2, 6, 1, 1);(2, 6, 2, 0);(3, 6, 0, 1);(3, 6, 1, 0);(6, 2, 0, 2);(6, 2, 1, 1);(6, 2, 2, 0);(6, 3, 0, 1);(6, 3, 1, 0)"
701,74,5,4,4,13,4298,10,1,,,,,20,"(0, 1, 4, 5);(0, 1, 5, 4);(1, 0, 4, 5);(1, 0, 5, 4);(1, 2, 3, 4);(1, 2, 4, 3);(2, 1, 3, 4);(2, 1, 4, 3);(2, 3, 2, 3);(2, 3, 3, 2);(3, 2, 2, 3);(3, 2, 3, 2);(3, 4, 1, 2);(3, 4, 2, 1);(4, 3, 1, 2);(4, 3, 2, 1);(4, 5, 0, 1);(4, 5, 1, 0);(5, 4, 0, 1);(5, 4, 1, 0)"
702,74,8,7,6,5,4350,10,1,,,,,8,"(0, 2, 0, 8);(0, 2, 8, 0);(0, 8, 0, 2);(0, 8, 2, 0);(2, 0, 0, 8);(2, 0, 8, 0);(8, 0, 0, 2);(8, 0, 2, 0)"
703,74,7,6,5,8,4350,10,1,,,,,20,"(0, 2, 1, 7);(0, 2, 7, 1);(0, 6, 1, 3);(0, 6, 2, 2);(0, 6, 3, 1);(1, 3, 0, 6);(1, 3, 6, 0);(1, 7, 0, 2);(1, 7, 2, 0);(2, 0, 1, 7);(2, 0, 7, 1);(2, 2, 0, 6);(2, 2, 6, 0);(3, 1, 0, 6);(3, 1, 6, 0);(6, 0, 1, 3);(6, 0, 2, 2);(6, 0, 3, 1);(7, 1, 0, 2);(7, 1, 2, 0)"
704,74,6,4,4,12,4312,10,1,,,,,20,"(0, 2, 3, 5);(0, 2, 5, 3);(1, 3, 2, 4);(1, 3, 4, 2);(1, 4, 1, 4);(1, 4, 4, 1);(2, 0, 3, 5);(2, 0, 5, 3);(2, 4, 1, 3);(2, 4, 3, 1);(3, 1, 2, 4);(3, 1, 4, 2);(3, 5, 0, 2);(3, 5, 2, 0);(4, 1, 1, 4);(4, 1, 4, 1);(4, 2, 1, 3);(4, 2, 3, 1);(5, 3, 0, 2);(5, 3, 2, 0)"
705,74,5,5,3,13,4296,10,1,,,,,12,"(0, 2, 4, 4);(1, 3, 3, 3);(2, 0, 4, 4);(2, 2, 2, 4);(2, 2, 4, 2);(2, 4, 2, 2);(3, 1, 3, 3);(3, 3, 1, 3);(3, 3, 3, 1);(4, 2, 2, 2);(4, 4, 0, 2);(4, 4, 2, 0)"
706,74,8,6,5,7,4350,10,1,,,,,8,"(0, 3, 0, 7);(0, 3, 7, 0);(0, 7, 0, 3);(0, 7, 3, 0);(3, 0, 0, 7);(3, 0, 7, 0);(7, 0, 0, 3);(7, 0, 3, 0)"
707,74,7,5,5,9,4344,10,1,,,,,8,"(0, 3, 1, 6);(0, 3, 6, 1);(1, 6, 0, 3);(1, 6, 3, 0);(3, 0, 1, 6);(3, 0, 6, 1);(6, 1, 0, 3);(6, 1, 3, 0)"
708,74,7,4,4,11,4322,10,1,,,,,16,"(0, 3, 2, 5);(0, 3, 5, 2);(0, 4, 1, 5);(0, 4, 5, 1);(1, 5, 0, 4);(1, 5, 4, 0);(2, 5, 0, 3);(2, 5, 3, 0);(3, 0, 2, 5);(3, 0, 5, 2);(4, 0, 1, 5);(4, 0, 5, 1);(5, 1, 0, 4);(5, 1, 4, 0);(5, 2, 0, 3);(5, 2, 3, 0)"
709,74,6,5,3,12,4310,10,1,,,,,16,"(0, 3, 3, 4);(0, 3, 4, 3);(1, 4, 2, 3);(1, 4, 3, 2);(2, 3, 1, 4);(2, 3, 4, 1);(3, 0, 3, 4);(3, 0, 4, 3);(3, 2, 1, 4);(3, 2, 4, 1);(3, 4, 0, 3);(3, 4, 3, 0);(4, 1, 2, 3);(4, 1, 3, 2);(4, 3, 0, 3);(4, 3, 3, 0)"
710,74,8,5,5,8,4346,10,1,,,,,8,"(0, 4, 0, 6);(0, 4, 6, 0);(0, 6, 0, 4);(0, 6, 4, 0);(4, 0, 0, 6);(4, 0, 6, 0);(6, 0, 0, 4);(6, 0, 4, 0)"
711,74,7,5,3,11,4320,10,1,,,,,8,"(0, 4, 2, 4);(0, 4, 4, 2);(2, 4, 0, 4);(2, 4, 4, 0);(4, 0, 2, 4);(4, 0, 4, 2);(4, 2, 0, 4);(4, 2, 4, 0)"
712,74,6,6,3,11,4322,10,1,,,,,4,"(0, 4, 3, 3);(3, 3, 0, 4);(3, 3, 4, 0);(4, 0, 3, 3)"
713,74,8,4,4,10,4328,10,1,,,,,4,"(0, 5, 0, 5);(0, 5, 5, 0);(5, 0, 0, 5);(5, 0, 5, 0)"
714,74,7,5,4,10,4334,10,1,,,,,8,"(0, 5, 1, 4);(0, 5, 4, 1);(1, 4, 0, 5);(1, 4, 5, 0);(4, 1, 0, 5);(4, 1, 5, 0);(5, 0, 1, 4);(5, 0, 4, 1)"
715,74,6,6,4,10,4336,10,1,,,,,12,"(0, 5, 2, 3);(0, 5, 3, 2);(1, 5, 2, 2);(2, 2, 1, 5);(2, 2, 5, 1);(2, 3, 0, 5);(2, 3, 5, 0);(3, 2, 0, 5);(3, 2, 5, 0);(5, 0, 2, 3);(5, 0, 3, 2);(5, 1, 2, 2)"
716,74,5,5,4,12,4314,10,1,,,,,4,"(1, 1, 3, 5);(1, 1, 5, 3);(3, 5, 1, 1);(5, 3, 1, 1)"
717,74,6,5,4,11,4326,10,1,,,,,16,"(1, 2, 2, 5);(1, 2, 5, 2);(1, 3, 1, 5);(1, 3, 5, 1);(1, 5, 1, 3);(1, 5, 3, 1);(2, 1, 2, 5);(2, 1, 5, 2);(2, 5, 1, 2);(2, 5, 2, 1);(3, 1, 1, 5);(3, 1, 5, 1);(5, 1, 1, 3);(5, 1, 3, 1);(5, 2, 1, 2);(5, 2, 2, 1)"
