h,map,raw_sigma_states,quantized_sigma_states,gvar_max,reduction_absolute,reduction_percent,mean_frobenius_error,rmse_frobenius_error,max_frobenius_error,weighted_mean_frobenius_error,weighted_rmse_frobenius_error
0.01,10,256,255,254,1,0.390625,0.004157127137611996,0.004377485900891061,0.007066116330771796,0.0033699815506234203,0.0038530067433408654
0.01,11,259,257,256,2,0.7722007722007722,0.004299693611950006,0.004530680482782432,0.007066116330771796,0.0033756947813426254,0.0038887698394476284
0.01,12,303,299,298,4,1.3201320132013201,0.003959570755252136,0.004190382671152253,0.006882586723027916,0.0033199404417993453,0.003753938894109553
0.01,13,303,301,300,2,0.6600660066006601,0.004273070008699377,0.004464143910996353,0.007066116330771796,0.003479687590730527,0.003924556659090832
0.01,14,344,343,342,1,0.29069767441860467,0.004163753337274271,0.00436637854839763,0.007066116330771796,0.0034263504216738064,0.0038785085863401155
0.01,15,258,258,257,0,0.0,0.003819262594343565,0.004059265408779618,0.006882586723027916,0.0031338641053661074,0.0036066544337348943
0.01,16,308,307,306,1,0.3246753246753247,0.004215084768336833,0.004422925810735778,0.007066116330771796,0.0034851107716387265,0.003938943001177754
0.01,17,250,245,244,5,2.0,0.004397584948386002,0.004586641472799024,0.006882586723027916,0.003638147617147014,0.004092251019293413
0.01,18,268,263,262,5,1.8656716417910448,0.004180242706059694,0.004381844326478582,0.007022819946431778,0.0034588139264760285,0.0038900910044525503
0.01,19,301,298,297,3,0.9966777408637874,0.004460831309396264,0.004612376820420772,0.006788225099390854,0.003651843438175234,0.004080181747957621
0.01,20,263,263,262,0,0.0,0.004497181718696491,0.00467038644072452,0.007022819946431778,0.003565878574923012,0.0040485764979704955
0.01,21,272,272,271,0,0.0,0.003934346112759394,0.004161487467381884,0.006882586723027916,0.003336081843146131,0.0037956323785865043
0.01,22,327,326,325,1,0.3058103975535168,0.004419540875896821,0.00459195880065483,0.007066116330771796,0.0035169867040528487,0.003956494621916165
0.01,23,299,296,295,3,1.0033444816053512,0.004268688831183617,0.0044580504760290416,0.007022819946431778,0.0034582900073829156,0.00390195702907098
0.01,24,332,326,325,6,1.8072289156626506,0.004396594807233769,0.004563586889849347,0.007066116330771796,0.0036697791957970073,0.004111509302958908
0.01,25,263,263,262,0,0.0,0.0043447038879886905,0.004547769268904692,0.007066116330771796,0.0036208742741615264,0.004076277770519049
0.01,26,261,259,258,2,0.7662835249042146,0.004329322012119617,0.004526727777083145,0.007022819946431778,0.0034806979551108806,0.003969782976771149
0.01,27,343,339,338,4,1.1661807580174928,0.004316815809360844,0.004485317803874022,0.007066116330771796,0.003527719352183565,0.003965592569396249
0.01,28,210,208,207,2,0.9523809523809523,0.004125454534641554,0.004356675228614024,0.006882586723027916,0.0035335611980990642,0.003982536190946057
0.01,29,258,252,251,6,2.3255813953488373,0.004400508891776691,0.00459554047398802,0.007066116330771796,0.0035135665520573444,0.003955943219381049
0.01,30,269,269,268,0,0.0,0.00430522149722376,0.00448466615070413,0.007066116330771796,0.0036040007069789207,0.004059107640690216
0.01,31,262,261,260,1,0.3816793893129771,0.004280392851469987,0.004478915831191827,0.007066116330771796,0.003522372454988301,0.003971178214366162
0.01,32,342,339,338,3,0.8771929824561403,0.0041687366114572565,0.004363843335291814,0.007066116330771796,0.0034597705153337557,0.0039049856251303886
0.01,33,312,305,304,7,2.2435897435897436,0.004410844406533719,0.004584260978385581,0.006882586723027916,0.0037134248657294485,0.004152716054934576
0.01,34,293,285,284,8,2.7303754266211606,0.004127454821776854,0.004327458168249835,0.007022819946431778,0.003469685582418824,0.0039074517405180585
0.01,35,321,321,320,0,0.0,0.004618719856030357,0.004776262045546276,0.007066116330771796,0.0037163327010544455,0.004156851802701295
0.01,36,305,304,303,1,0.32786885245901637,0.0044267231145077145,0.004621081414844686,0.007066116330771796,0.003605657186006865,0.004053844505514311
0.01,37,233,231,230,2,0.8583690987124464,0.004026425553008583,0.004274070940383829,0.007066116330771796,0.0035098421288886545,0.0039767293047201545
0.01,38,282,275,274,7,2.482269503546099,0.004284311951998959,0.004480746834912855,0.006882586723027916,0.003529560698319723,0.003965459797672794
0.01,39,253,253,252,0,0.0,0.004362836733585463,0.004546583654228876,0.007066116330771796,0.0034347044701695394,0.003934341325643553
0.01,40,249,247,246,2,0.8032128514056225,0.004433721902577199,0.0046363804952123545,0.007022819946431778,0.003575657907494352,0.004059605793866791
0.01,41,300,300,299,0,0.0,0.004395594809243205,0.004595505050227524,0.007066116330771796,0.0035744555476864646,0.004044800780573873
0.01,42,247,245,244,2,0.8097165991902834,0.004337649603094817,0.004516761406499005,0.006882586723027916,0.0036069548709666286,0.004082085977282438
0.01,43,291,288,287,3,1.0309278350515463,0.004365466234314565,0.004542408038736505,0.007022819946431778,0.0036585942748056767,0.004087499661021887
0.01,44,301,296,295,5,1.6611295681063123,0.004277765055564132,0.004469367871347716,0.007066116330771796,0.0035830061978785717,0.004018816086915147
0.01,45,278,274,273,4,1.4388489208633093,0.004456167730020446,0.004631961997085689,0.007022819946431778,0.0036448717868661083,0.004082734297753045
0.01,46,335,331,330,4,1.1940298507462686,0.004382113895947304,0.004550105788502855,0.007066116330771796,0.0035590361650073834,0.004000543117889778
0.01,47,319,316,315,3,0.9404388714733543,0.004553818490698943,0.004713789548996188,0.007066116330771796,0.003823116632467696,0.004261450469779391
0.01,48,353,350,349,3,0.8498583569405099,0.004256287105953769,0.004422864235461655,0.007066116330771796,0.003491000269133114,0.003910006027995943
0.01,49,261,253,252,8,3.0651340996168583,0.004304063250365522,0.004504463516433589,0.006882586723027916,0.0036122300033379134,0.004053567467563867
0.01,50,256,254,253,2,0.78125,0.004193294465929009,0.004399547206815724,0.007066116330771796,0.0035150425720466474,0.0039524395144646465
0.01,51,321,321,320,0,0.0,0.004476067167754787,0.004639136642204748,0.007066116330771796,0.003734808777100781,0.004167716394379255
0.01,52,257,255,254,2,0.7782101167315175,0.004421687884226145,0.0046332918099456005,0.007066116330771796,0.003561664211597729,0.004045721125450957
0.01,53,273,273,272,0,0.0,0.00431429416225171,0.004489425915965768,0.007066116330771796,0.0035973666680343386,0.004018471015916466
0.01,54,299,293,292,6,2.0066889632107023,0.004416954753269652,0.004605337168414775,0.006882586723027916,0.0036250413479505016,0.004071763223839874
0.01,55,319,319,318,0,0.0,0.004522614193195225,0.004698015321641943,0.007066116330771796,0.00370973784211259,0.0041585408630859235
0.01,56,251,251,250,0,0.0,0.004522893218879871,0.004696964349831246,0.007066116330771796,0.003580143948676443,0.0040717542754171
0.01,57,277,276,275,1,0.36101083032490977,0.0041006980529451065,0.004310305843219698,0.007022819946431778,0.0034352413052536365,0.003867346479735977
0.01,58,305,301,300,4,1.3114754098360655,0.004252921759167223,0.004449155381255797,0.006882586723027916,0.0034422144054810566,0.0039022645619763473
0.01,59,318,317,316,1,0.31446540880503143,0.004445748461700986,0.0046128989234523075,0.007066116330771796,0.003640666973511988,0.004069063238759708
0.01,60,250,246,245,4,1.6,0.0041338449542084165,0.004342239053760171,0.006882586723027916,0.0036114808004445004,0.004052815867479822
0.01,61,306,305,304,1,0.32679738562091504,0.004293668341220182,0.004471295523685583,0.007066116330771796,0.0035346362361184697,0.003972850808115447
0.01,62,300,293,292,7,2.3333333333333335,0.004233870463709693,0.00443060943889213,0.006882586723027916,0.0035598170690687124,0.004000548081119485
0.01,63,296,294,293,2,0.6756756756756757,0.004522651994463891,0.004695429779137459,0.007066116330771796,0.00357839742784756,0.0040363415727036845
0.01,64,265,265,264,0,0.0,0.004500681855552221,0.004684820932523604,0.007066116330771796,0.003594050472674219,0.004063007251188604
0.01,65,265,259,258,6,2.2641509433962264,0.0045015620903174096,0.0046770939211405425,0.007066116330771796,0.00372817313533065,0.004184446385042564
0.01,66,348,345,344,3,0.8620689655172413,0.004453547979421241,0.004602073495694105,0.007066116330771796,0.0036218730821490764,0.004043677420090282
0.01,67,282,273,272,9,3.1914893617021276,0.004238471739295813,0.004403685593739709,0.007066116330771796,0.0035905753881581392,0.00400315563314542
0.01,68,280,279,278,1,0.35714285714285715,0.004346104254318153,0.004527018097726455,0.007066116330771796,0.003634937632391553,0.0040710899417973736
0.01,69,252,250,249,2,0.7936507936507936,0.004444347553840536,0.004632930780731312,0.007066116330771796,0.0036606571477621015,0.004098552895614537
0.01,70,286,285,284,1,0.34965034965034963,0.004278234851497195,0.0044622425294473175,0.006882586723027916,0.0036333961548074235,0.004058639565570785
0.01,71,320,318,317,2,0.625,0.004329977923362079,0.004543491223717729,0.007066116330771796,0.0035378285663198463,0.003999831762019162
0.01,72,283,283,282,0,0.0,0.0044887583787399776,0.004667578574876935,0.007066116330771796,0.0036881252804418616,0.004133446783115225
0.01,73,253,253,252,0,0.0,0.004239939966793733,0.0044253938437089175,0.007066116330771796,0.003508912974536907,0.003948558316899331
0.01,74,310,304,303,6,1.935483870967742,0.004487711333138272,0.0046546092313720835,0.007066116330771796,0.0037578040252426188,0.00418704719801564
0.01,75,250,247,246,3,1.2,0.004244262714947914,0.004434469528590764,0.007066116330771796,0.0035267140098771406,0.003967022617258425
0.01,76,294,289,288,5,1.7006802721088434,0.0045426882185182,0.004709340840973672,0.007066116330771796,0.003618619494239971,0.004084779640375319
0.01,77,284,282,281,2,0.704225352112676,0.004393429623107111,0.0045754704214391794,0.007066116330771796,0.003607825668600915,0.004056043735867463
0.01,78,268,264,263,4,1.492537313432836,0.004095685049979959,0.004341194553259939,0.006882586723027916,0.003487403485308158,0.0039463043525320585
0.01,79,269,269,268,0,0.0,0.0043645200738286725,0.004546619316799674,0.007066116330771796,0.0035322694846794123,0.003981863933463245
0.01,80,281,277,276,4,1.4234875444839858,0.004566108086666948,0.004705860660406359,0.007066116330771796,0.0036737880545257267,0.004108780088263215
0.01,81,225,225,224,0,0.0,0.004154250962926521,0.004362486548849051,0.006882586723027916,0.003458412432234111,0.0039170786739709884
0.01,82,370,366,365,4,1.0810810810810811,0.004379251239237672,0.004530634464249867,0.007066116330771796,0.0036351087147418132,0.004038083201474307
0.01,83,258,251,250,7,2.7131782945736433,0.004164067190906849,0.004377510353982597,0.007022819946431778,0.0034685533144055477,0.003906780377410113
0.01,84,279,270,269,9,3.225806451612903,0.0042956072013674036,0.004485568256157202,0.007066116330771796,0.0035719219879470957,0.004031107182801877
0.01,85,277,277,276,0,0.0,0.004160561601679842,0.00436007485114433,0.007066116330771796,0.003487651215277131,0.003935747143897055
0.01,86,215,215,214,0,0.0,0.0041781774301112165,0.00442100693570836,0.007066116330771796,0.003356921289378641,0.0038696302271971823
0.01,87,265,264,263,1,0.37735849056603776,0.004531210495804858,0.004699462032640165,0.007066116330771796,0.0036434760243496704,0.004085165084851751
0.01,88,300,297,296,3,1.0,0.00415264722384651,0.004387843054014884,0.007022819946431778,0.0034606258943468125,0.003931291746299243
0.01,89,265,261,260,4,1.509433962264151,0.004315410630099669,0.004522305306259065,0.006882586723027916,0.0036624262246791025,0.004104556245716329
0.01,90,349,349,348,0,0.0,0.004389771673701586,0.004577458160286021,0.007066116330771796,0.0035828505730406365,0.004026241297055891
0.01,91,223,222,221,1,0.4484304932735426,0.004394758926025492,0.004591911391154589,0.006882586723027916,0.0036600549049117586,0.004109838682212242
0.01,92,314,307,306,7,2.229299363057325,0.0042526161763281915,0.0044452257363528525,0.007022819946431778,0.0035636421536028276,0.003997331731125271
0.01,93,318,317,316,1,0.31446540880503143,0.004273254823367236,0.0044572003791759,0.007066116330771796,0.0035116218196967483,0.0039566142892555395
0.01,94,246,246,245,0,0.0,0.0042562192970764055,0.004492880547016149,0.007066116330771796,0.0033624368323064927,0.0038638877284903595
0.01,95,282,282,281,0,0.0,0.004475689338054547,0.004643717635168759,0.007066116330771796,0.0035467095971456765,0.003996252677320706
0.01,96,230,230,229,0,0.0,0.004414466150365352,0.0045837994492892425,0.007022819946431778,0.0034427958048017984,0.0039471860581657145
0.01,97,245,235,234,10,4.081632653061225,0.004180563365973668,0.0044086325336011555,0.007022819946431778,0.003598884393671993,0.004036637130597294
0.01,98,271,271,270,0,0.0,0.004265929122296815,0.004452342971243269,0.007066116330771796,0.0033985176614967118,0.0038724490256791142
0.01,99,309,305,304,4,1.2944983818770226,0.004227328958280732,0.0044462230799157424,0.007022819946431778,0.0035601371888032895,0.004011537602468943
0.025,10,256,200,199,56,21.875,0.012994970954744804,0.013717656562346942,0.021496976531596237,0.010410447190907461,0.011767958712327916
0.025,11,259,186,185,73,28.185328185328185,0.013508506014966747,0.014104068527724514,0.02211877030940013,0.011019816133201682,0.012472401631968711
0.025,12,303,222,221,81,26.73267326732673,0.013161710591553473,0.013874671226741376,0.021458098704218883,0.010315990873300124,0.01163005888870596
0.025,13,303,238,237,65,21.45214521452145,0.013068760156927428,0.013783612980589664,0.021496976531596237,0.010521150282845546,0.011850389477533245
0.025,14,344,269,268,75,21.802325581395348,0.013314187529263942,0.01402545961606465,0.021496976531596237,0.011134628400345747,0.012455651455562697
0.025,15,258,202,201,56,21.705426356589147,0.013240138101375592,0.013887034553214392,0.021458098704218883,0.01055330856861903,0.011952793400414505
0.025,16,308,233,232,75,24.350649350649352,0.012762045999119719,0.0134506288174351,0.021458098704218883,0.01049986076777314,0.011758165802558078
0.025,17,250,175,174,75,30.0,0.012954876771589732,0.01364365346965394,0.021458098704218883,0.010040167560910866,0.011377901436745465
0.025,18,268,200,199,68,25.37313432835821,0.012816165348238514,0.013552103708479105,0.021242410409367394,0.010393230319594715,0.011733349477934536
0.025,19,301,222,221,79,26.245847176079735,0.013316908191877459,0.013971908218604315,0.021496976531596237,0.010934629105347534,0.012261185369558144
0.025,20,263,204,203,59,22.433460076045627,0.013452137537488858,0.014089838044550865,0.021740285186721886,0.011074732228161452,0.01254474905069604
0.025,21,272,220,219,52,19.11764705882353,0.013072309558997986,0.013714055960304113,0.021458098704218883,0.010397288413259128,0.011733312781749062
0.025,22,327,247,246,80,24.464831804281346,0.013495449221257786,0.014091894779303036,0.022483549541831703,0.011441018305265702,0.012716910026161887
0.025,23,299,236,235,63,21.070234113712374,0.013018023050976553,0.013695126443166358,0.022406918574404657,0.01063682585995876,0.011983317383862775
0.025,24,332,236,235,96,28.91566265060241,0.013443254259966874,0.014092459318321772,0.02211877030940013,0.010850990841718013,0.012163093681866577
0.025,25,263,206,205,57,21.673003802281368,0.013518371640613492,0.014214197903970239,0.021242410409367394,0.010651212545291458,0.01201151302237587
0.025,26,261,196,195,65,24.904214559386972,0.013260979225138018,0.013901710250638964,0.021458098704218883,0.010538612074138504,0.011938215873768006
0.025,27,343,253,252,90,26.239067055393587,0.013317394459568564,0.0140044245403208,0.023255321971540177,0.010976411435004078,0.012309762098228372
0.025,28,210,165,164,45,21.428571428571427,0.012676365325185788,0.013493548723106801,0.021242410409367394,0.009987545326467263,0.011310511380257165
0.025,29,258,196,195,62,24.031007751937985,0.013185229659610288,0.01387760730443559,0.021567336414124002,0.011096546576234797,0.01241556182766969
0.025,30,269,212,211,57,21.189591078066915,0.013211422244285854,0.013953612741873908,0.021496976531596237,0.010905943276640274,0.012311896947733639
0.025,31,262,204,203,58,22.137404580152673,0.012470377789991223,0.013218784344333056,0.021458098704218883,0.010123363387445147,0.011401402364063376
0.025,32,342,270,269,72,21.05263157894737,0.01325351854776596,0.013865661864742283,0.02211877030940013,0.010909288562591391,0.01219787910456155
0.025,33,312,203,202,109,34.93589743589744,0.01318499783666419,0.013856038672445585,0.021458098704218883,0.010558212439312934,0.011849402591360964
0.025,34,293,216,215,77,26.27986348122867,0.012919092741459122,0.013677162650089262,0.021458098704218883,0.010362910270983818,0.011715831870503709
0.025,35,321,248,247,73,22.741433021806852,0.013718266379201344,0.014352034818338173,0.022406918574404657,0.011785843434547303,0.013097897812767609
0.025,36,305,214,213,91,29.83606557377049,0.013025380688551,0.013714069597243294,0.023255321971540177,0.010763300916369142,0.012028436465470619
0.025,37,233,174,173,59,25.321888412017167,0.013305061672744756,0.014057113727644495,0.021523475555773993,0.01023347878129352,0.011626475418739672
0.025,38,282,202,201,80,28.368794326241133,0.013159936967270401,0.013856757063326786,0.022406918574404657,0.010826325079165143,0.012170134074397237
0.025,39,253,189,188,64,25.296442687747035,0.013289372098079484,0.013845686818582198,0.021458098704218883,0.01085998794640634,0.012255860842878398
0.025,40,249,174,173,75,30.120481927710845,0.013210110106883657,0.013878345502817774,0.021652251615016833,0.010692372323990671,0.012055980535264094
0.025,41,300,223,222,77,25.666666666666668,0.013049509349785908,0.013723896434079253,0.021458098704218883,0.010863575498033603,0.012207577984775357
0.025,42,247,185,184,62,25.101214574898787,0.012806758009970769,0.013402682673032584,0.021458098704218883,0.010226937773991314,0.011594638767471287
0.025,43,291,211,210,80,27.491408934707902,0.013188736451959069,0.013817954851882376,0.02211877030940013,0.010757158425068889,0.012045033167696723
0.025,44,301,219,218,82,27.242524916943523,0.012936530705881662,0.013600194204202623,0.021458098704218883,0.01035364901816691,0.01161172003454862
0.025,45,278,204,203,74,26.618705035971225,0.013079045714005947,0.013745307897920401,0.021458098704218883,0.010289575820628121,0.01161348694488755
0.025,46,335,261,260,74,22.08955223880597,0.01362322666600121,0.0142411700844114,0.021496976531596237,0.011441654220002198,0.012787812743464176
0.025,47,319,223,222,96,30.094043887147336,0.01332553563245076,0.013981304131008725,0.021496976531596237,0.011129243679031798,0.012439977701457744
0.025,48,353,265,264,88,24.929178470254957,0.013556536198430271,0.01418356887607357,0.022406918574404657,0.011419416544359124,0.012721042877064322
0.025,49,261,182,181,79,30.268199233716476,0.013283610152305926,0.013982027325198777,0.021523475555773993,0.010337851490672284,0.01165344081920998
0.025,50,256,193,192,63,24.609375,0.012872086118385079,0.013628746617902907,0.023255321971540177,0.010370794658072353,0.011720473475088075
0.025,51,321,246,245,75,23.364485981308412,0.013693371181326715,0.014340478187345934,0.021496976531596237,0.011264631891685658,0.012581837427546953
0.025,52,257,196,195,61,23.735408560311285,0.01334770593602723,0.013949759770883854,0.021242410409367394,0.010841856347763761,0.012189876908383185
0.025,53,273,224,223,49,17.94871794871795,0.013062217649758113,0.013782892724973662,0.023255321971540177,0.010382348807358156,0.011749683046732386
0.025,54,299,206,205,93,31.103678929765888,0.01323918135951324,0.01393361350419484,0.02211877030940013,0.010371661348993798,0.011722840664024233
0.025,55,319,234,233,85,26.645768025078368,0.013445002339573811,0.014137785915609673,0.021496976531596237,0.01111623945687131,0.012437033085757462
0.025,56,251,190,189,61,24.302788844621514,0.013605345647713069,0.0142611429837579,0.021496976531596237,0.011250959254272727,0.012725223886329013
0.025,57,277,204,203,73,26.353790613718413,0.012964225335736166,0.013685391035620206,0.021458098704218883,0.010227119120671646,0.011532085366827694
0.025,58,305,223,222,82,26.885245901639344,0.013521410716344958,0.014102141448823397,0.021458098704218883,0.011215315725666879,0.012547054991393606
0.025,59,318,241,240,77,24.21383647798742,0.013404809685279072,0.014047501400515479,0.022483549541831703,0.01137176035601044,0.012686161196257748
0.025,60,250,171,170,79,31.6,0.013333528939415222,0.014055712006156075,0.02211877030940013,0.010231320325860674,0.011561758586105125
0.025,61,306,241,240,65,21.241830065359476,0.01339483349491117,0.014002415757962038,0.023255321971540177,0.011211756089371864,0.012492150087707628
0.025,62,300,210,209,90,30.0,0.013261016719855977,0.013966756960726419,0.021242410409367394,0.010665408334082157,0.012004402834358375
0.025,63,296,226,225,70,23.64864864864865,0.013256135430067501,0.013916489587264186,0.022483549541831703,0.011293219737484272,0.012644669413503949
0.025,64,265,205,204,60,22.641509433962263,0.013271420265831689,0.013883083231040575,0.021458098704218883,0.011311884488221981,0.012654359318951074
0.025,65,265,196,195,69,26.037735849056602,0.013345922549997247,0.01397611574511154,0.021496976531596237,0.010801961853498675,0.01213462105584736
0.025,66,348,263,262,85,24.42528735632184,0.013899542421553291,0.014508550788311403,0.023255321971540177,0.011942892148377411,0.013246532754906452
0.025,67,282,206,205,76,26.95035460992908,0.013181129237268883,0.01388206021254341,0.021496976531596237,0.010627390076950073,0.01197681557355059
0.025,68,280,195,194,85,30.357142857142858,0.012649465285335688,0.013354010900956205,0.021458098704218883,0.010353826282914452,0.01160362333951994
0.025,69,252,187,186,65,25.793650793650794,0.013319323316053152,0.01397516788665945,0.02211877030940013,0.010829262601508691,0.012109466392066089
0.025,70,286,207,206,79,27.622377622377623,0.012980963031601385,0.013618518860142459,0.021465087933665673,0.010154123804433599,0.011432956889735132
0.025,71,320,244,243,76,23.75,0.013408264689844318,0.014021062281439307,0.021496976531596237,0.011245337006097115,0.012539435333974768
0.025,72,283,231,230,52,18.374558303886925,0.013632405726759137,0.014292813682693759,0.021496976531596237,0.011026874622013152,0.012365010241033753
0.025,73,253,207,206,46,18.181818181818183,0.01301583370232256,0.013796341956598469,0.023255321971540177,0.010436626691250726,0.011830512989468588
0.025,74,310,229,228,81,26.129032258064516,0.013345684052485514,0.013988966850642935,0.02211877030940013,0.011014601265057386,0.012308408798553851
0.025,75,250,186,185,64,25.6,0.013341197293685535,0.013987584494829692,0.021242410409367394,0.010655411424329485,0.011982826539182314
0.025,76,294,202,201,92,31.292517006802722,0.013563465026760478,0.014098209950540655,0.021458098704218883,0.011194703821718523,0.012551134791563053
0.025,77,284,204,203,80,28.169014084507044,0.013258136494046002,0.013956360557108001,0.021458098704218883,0.010735971489031177,0.012123563998268016
0.025,78,268,204,203,64,23.880597014925375,0.013090989441628906,0.013856638045011055,0.02211877030940013,0.010447518694155842,0.011788979848636597
0.025,79,269,225,224,44,16.356877323420075,0.013783276411248104,0.014455379364273213,0.02211877030940013,0.011177411520852686,0.01257163257150083
0.025,80,281,202,201,79,28.11387900355872,0.013667870772432904,0.014274106163314251,0.022406918574404657,0.011722681756098783,0.01303758929488669
0.025,81,225,181,180,44,19.555555555555557,0.01309100584456924,0.013871800331768208,0.022406918574404657,0.010418632412387867,0.011860326671489634
0.025,82,370,270,269,100,27.027027027027028,0.013546432001832495,0.014227102039151623,0.023255321971540177,0.011468954402591634,0.012794429267843677
0.025,83,258,196,195,62,24.031007751937985,0.012996439984091989,0.01373982357739664,0.02211877030940013,0.010383230164695428,0.011700470009360206
0.025,84,279,200,199,79,28.315412186379927,0.01315442666627891,0.013775669424763303,0.02211877030940013,0.010609742740285746,0.011951288254326262
0.025,85,277,217,216,60,21.660649819494584,0.01308063191909198,0.01373062665369826,0.021458098704218883,0.010636468710182274,0.012002195626183177
0.025,86,215,165,164,50,23.25581395348837,0.01296410263929983,0.013691151445622706,0.023255321971540177,0.010234214596961244,0.011650495186696487
0.025,87,265,203,202,62,23.39622641509434,0.01315373785286148,0.013839171913278738,0.022483549541831703,0.010867310078970915,0.012228764129344689
0.025,88,300,231,230,69,23.0,0.013075298730596234,0.01376686238763212,0.021458098704218883,0.010344058646054519,0.011669371571627684
0.025,89,265,194,193,71,26.79245283018868,0.012703623420352094,0.013373527780021951,0.021242410409367394,0.010201840752874888,0.011438979115488315
0.025,90,349,259,258,90,25.787965616045845,0.013174200970897866,0.01382044496897264,0.021465087933665673,0.010789229566045463,0.01205227723378221
0.025,91,223,171,170,52,23.318385650224215,0.01309371329653106,0.013868229976842133,0.02211877030940013,0.010286830976008311,0.01165821572145796
0.025,92,314,230,229,84,26.751592356687897,0.013095822413221209,0.013768982264912138,0.02211877030940013,0.010733359343814069,0.012029878520083956
0.025,93,318,250,249,68,21.38364779874214,0.013510909584643079,0.014217602474601198,0.023365572965369372,0.011001985203562393,0.012362220759385702
0.025,94,246,194,193,52,21.13821138211382,0.013419994346288773,0.014106699959233469,0.022483549541831703,0.010588942587884958,0.012004949711163618
0.025,95,282,223,222,59,20.921985815602838,0.013425164983548697,0.014033657616576333,0.022483549541831703,0.01143200022178679,0.012771387290867553
0.025,96,230,185,184,45,19.565217391304348,0.013262861352440782,0.013811712106192624,0.023365572965369372,0.010985779385081029,0.0124575835894803
0.025,97,245,162,161,83,33.87755102040816,0.01318738382959708,0.013829549847323007,0.021465087933665673,0.01019486582084753,0.011463337672732072
0.025,98,271,222,221,49,18.081180811808117,0.013314519380021692,0.014074804108800484,0.023255321971540177,0.010876872931811015,0.012349676576546167
0.025,99,309,232,231,77,24.919093851132686,0.013267323788948193,0.013892046803883666,0.021458098704218883,0.010911410516393272,0.012218368943455044
0.05,10,256,84,83,172,67.1875,0.02671972486737074,0.02815328924499763,0.04455120649320285,0.021946510744257304,0.024745854704149552
0.05,11,259,98,97,161,62.16216216216216,0.026656057014833416,0.027879810300535084,0.04455120649320285,0.022140106608206787,0.025086170423204456
0.05,12,303,99,98,204,67.32673267326733,0.02400173449019781,0.025369511469699627,0.043886330445823345,0.0201560117199598,0.022513077337986433
0.05,13,303,115,114,188,62.04620462046205,0.0254155445173347,0.02684181507096027,0.04425923632418435,0.02116502785178439,0.02373584442675018
0.05,14,344,128,127,216,62.7906976744186,0.02613186520982277,0.02752295289474789,0.04455120649320285,0.022867253710450296,0.025522580068484298
0.05,15,258,98,97,160,62.01550387596899,0.024619397349655753,0.02595353854083672,0.043886330445823345,0.020543069854464607,0.023144750788269355
0.05,16,308,100,99,208,67.53246753246754,0.027071210830653714,0.02851823180799513,0.04455120649320285,0.022421980415898043,0.025134185214319694
0.05,17,250,89,88,161,64.4,0.025110016266551273,0.02666513228918995,0.04425923632418435,0.020308655673564477,0.022959043622265283
0.05,18,268,97,96,171,63.80597014925373,0.025406498521446788,0.02695461567097831,0.043886330445823345,0.020481291069109134,0.02303369588519839
0.05,19,301,107,106,194,64.45182724252491,0.026744605132266733,0.028161817651244155,0.04425923632418435,0.022432158927730397,0.02512270393020252
0.05,20,263,106,105,157,59.6958174904943,0.026701321458541524,0.028003034191929496,0.043886330445823345,0.022289898455838196,0.025298266891079876
0.05,21,272,115,114,157,57.720588235294116,0.026259760728510346,0.02768098798071042,0.043886330445823345,0.02127132785843911,0.023942711853928433
0.05,22,327,120,119,207,63.30275229357798,0.026758002340763053,0.028061811960739057,0.04455120649320285,0.02302258558446892,0.02570855739462803
0.05,23,299,106,105,193,64.54849498327759,0.02581066035832668,0.027235771652829723,0.043935748542616185,0.021492069826997508,0.024230760332037797
0.05,24,332,97,96,235,70.78313253012048,0.02636202706312021,0.02761091215225454,0.043886330445823345,0.02223138348462562,0.024806656131476146
0.05,25,263,99,98,164,62.3574144486692,0.02578972556174044,0.02717339198442409,0.04455120649320285,0.02089650803687804,0.02338989394435818
0.05,26,261,91,90,170,65.13409961685824,0.026609055108336485,0.027962770816286033,0.043886330445823345,0.02160734171652501,0.024472526144677556
0.05,27,343,124,123,219,63.84839650145773,0.026965201972464065,0.028267284245229198,0.04455120649320285,0.022571253364311566,0.02518672266593002
0.05,28,210,88,87,122,58.095238095238095,0.023546075030697996,0.025063341661440423,0.043886330445823345,0.019484171278825475,0.02191587818143308
0.05,29,258,104,103,154,59.689922480620154,0.027320043659251298,0.028675050603822524,0.04425923632418435,0.022773997259027443,0.025555558550884424
0.05,30,269,89,88,180,66.91449814126393,0.025597268064944948,0.02698272819449219,0.04455120649320285,0.021962228353808753,0.02468123683312696
0.05,31,262,99,98,163,62.213740458015266,0.026529415399379,0.02804684603514419,0.04425923632418435,0.02124397321611745,0.0239478342068252
0.05,32,342,134,133,208,60.8187134502924,0.027538710465343993,0.028811585449960042,0.043886330445823345,0.022668883724968808,0.02535027829121527
0.05,33,312,88,87,224,71.7948717948718,0.025238773532052006,0.02666631530217237,0.043886330445823345,0.021073861434205487,0.023632406146077572
0.05,34,293,108,107,185,63.13993174061434,0.02532356484927726,0.026777746606288212,0.043886330445823345,0.020968161742171795,0.023534974926184206
0.05,35,321,130,129,191,59.50155763239876,0.02739205670887634,0.02858146088887087,0.043886330445823345,0.023408145725585784,0.026155001082635288
0.05,36,305,106,105,199,65.24590163934427,0.027215441638613096,0.028599730022800026,0.04455120649320285,0.02311381254403827,0.025821476772336423
0.05,37,233,83,82,150,64.37768240343348,0.02386417850964597,0.02518313779465436,0.04425923632418435,0.019683160711581445,0.022010766730855228
0.05,38,282,98,97,184,65.2482269503546,0.02531484220304931,0.02673495732673631,0.043935748542616185,0.020995248050378057,0.023626638854058173
0.05,39,253,99,98,154,60.869565217391305,0.027690249931132817,0.02899269841295945,0.043886330445823345,0.02263314329024247,0.02563907905912379
0.05,40,249,84,83,165,66.26506024096386,0.02635591977737054,0.027788249083895062,0.04410204076910728,0.021558761028744336,0.02437230685260149
0.05,41,300,114,113,186,62.0,0.02633645846888476,0.027776104838511822,0.04455120649320285,0.022168053239551004,0.02496059533654696
0.05,42,247,98,97,149,60.32388663967611,0.02649202050553243,0.027917539072315298,0.043935748542616185,0.021442499539527454,0.024330679078982658
0.05,43,291,108,107,183,62.88659793814433,0.027988992505607706,0.029274288825764754,0.043886330445823345,0.022562744442601104,0.025256952631055207
0.05,44,301,106,105,195,64.78405315614619,0.026144669934876606,0.02759848267291476,0.04455120649320285,0.021094895849993536,0.02368136417571128
0.05,45,278,85,84,193,69.42446043165468,0.025152991772567444,0.026531405986059645,0.04425923632418435,0.02064231496748544,0.02309460580825514
0.05,46,335,112,111,223,66.56716417910448,0.02722277539467777,0.028461634821570207,0.0439507679113801,0.023131026202770216,0.025785023569432516
0.05,47,319,107,106,212,66.4576802507837,0.026609750469823685,0.028107056867769434,0.04425923632418435,0.02252300316628459,0.02525861686759254
0.05,48,353,118,117,235,66.57223796033995,0.02613808595349185,0.02746768846023344,0.043886330445823345,0.02242760344709711,0.02503266258681418
0.05,49,261,78,77,183,70.11494252873563,0.024501836400811935,0.02581244910378773,0.043886330445823345,0.020268010413575257,0.022668889776202912
0.05,50,256,87,86,169,66.015625,0.024520320141869383,0.025939769479025827,0.043886330445823345,0.02039040245491333,0.02284941886020825
0.05,51,321,109,108,212,66.04361370716511,0.026864887181376834,0.028088557664128825,0.04425923632418435,0.022874838040821417,0.025426283848886483
0.05,52,257,95,94,162,63.03501945525292,0.02725633872419763,0.02854725892652215,0.043886330445823345,0.022415804034044005,0.025218035789360813
0.05,53,273,114,113,159,58.24175824175824,0.026181236428832327,0.027513320117404653,0.043886330445823345,0.021466396672398,0.02409386708925371
0.05,54,299,95,94,204,68.22742474916387,0.02612450383067251,0.027497006830114884,0.04425923632418435,0.02077562483292903,0.023304249642947934
0.05,55,319,106,105,213,66.77115987460814,0.026670643420693852,0.027952644683957657,0.04455120649320285,0.022051358264069995,0.024637777079829348
0.05,56,251,103,102,148,58.96414342629482,0.02709741811359646,0.028418712621996675,0.04455120649320285,0.022602133120103715,0.025619093226404228
0.05,57,277,83,82,194,70.03610108303249,0.024771150092181688,0.02618486831205869,0.043935748542616185,0.020070389603343917,0.022470539893838057
0.05,58,305,111,110,194,63.60655737704918,0.025506269948990985,0.026858186772775832,0.043886330445823345,0.022031396533614134,0.02473195072174995
0.05,59,318,107,106,211,66.35220125786164,0.025951601664122907,0.027341692424831487,0.04410204076910728,0.022229839045876137,0.024931821778191164
0.05,60,250,69,68,181,72.4,0.024223145254880493,0.025580911633481702,0.043886330445823345,0.019546815815455434,0.02179666938001961
0.05,61,306,122,121,184,60.130718954248366,0.026971404457467964,0.028288990675951163,0.04455120649320285,0.02260538917997119,0.025291449492218072
0.05,62,300,91,90,209,69.66666666666667,0.024156367015839425,0.025559805033163553,0.04410204076910728,0.020558796120974325,0.023011889898494526
0.05,63,296,115,114,181,61.148648648648646,0.02602793015692002,0.02742224449681759,0.043886330445823345,0.022488152316271635,0.02530281589394765
0.05,64,265,109,108,156,58.867924528301884,0.027236919803476686,0.028597143279942925,0.04455120649320285,0.023195960578132082,0.026036325141541975
0.05,65,265,95,94,170,64.15094339622641,0.02615456772570057,0.02756898243412024,0.04425923632418435,0.021504627870417823,0.024176341887106368
0.05,66,348,132,131,216,62.06896551724138,0.026917587476010318,0.028100717870324695,0.043886330445823345,0.02349520922241647,0.026202093780815682
0.05,67,282,95,94,187,66.31205673758865,0.02636479671743058,0.027708888785559348,0.04425923632418435,0.02128076579256885,0.02387041069934025
0.05,68,280,90,89,190,67.85714285714286,0.02599352482964484,0.027369971162362797,0.04455120649320285,0.021408790079888017,0.023998801978707185
0.05,69,252,89,88,163,64.68253968253968,0.02621854006055758,0.027574354026885194,0.043886330445823345,0.021493354772886535,0.024095915934860927
0.05,70,286,90,89,196,68.53146853146853,0.025085195523149646,0.026470904993762704,0.043935748542616185,0.020392367343931406,0.02281443611971248
0.05,71,320,130,129,190,59.375,0.0269313480729942,0.0282905604840201,0.04455120649320285,0.022532056309920917,0.02526734248466462
0.05,72,283,114,113,169,59.71731448763251,0.026592209412226387,0.027893507736596886,0.043886330445823345,0.021983051261436903,0.024628269309381286
0.05,73,253,107,106,146,57.70750988142292,0.02565298167163734,0.026987830664070955,0.04425923632418435,0.020996773646798386,0.023681917533111912
0.05,74,310,99,98,211,68.06451612903226,0.02674032990776131,0.02796335562954697,0.043886330445823345,0.022330733427056697,0.024910972076603612
0.05,75,250,90,89,160,64.0,0.024813384303881546,0.026260093678431535,0.043886330445823345,0.02072027259397539,0.023302348269023526
0.05,76,294,93,92,201,68.36734693877551,0.02642244520332216,0.027718231187001355,0.04410204076910728,0.02216355162312121,0.024925024639543557
0.05,77,284,94,93,190,66.90140845070422,0.025619430823885774,0.027085384032149412,0.043886330445823345,0.021214044874315878,0.023877743468883928
0.05,78,268,97,96,171,63.80597014925373,0.025619440547721833,0.02702560422233125,0.043886330445823345,0.020681075812863603,0.023216273094349944
0.05,79,269,125,124,144,53.531598513011154,0.027138844369420944,0.028481696985907027,0.04455120649320285,0.02195041297512642,0.024759602837935574
0.05,80,281,100,99,181,64.41281138790036,0.026676650986775324,0.02807075326050406,0.043886330445823345,0.023029494479393744,0.025872402189960772
0.05,81,225,97,96,128,56.888888888888886,0.025215747752831297,0.02661044406494061,0.043886330445823345,0.020594560259720365,0.023292013278423954
0.05,82,370,123,122,247,66.75675675675676,0.025966612325938693,0.027257374900868325,0.04455120649320285,0.022397414270140224,0.024964357781050363
0.05,83,258,93,92,165,63.95348837209303,0.02551823345167822,0.026983051671732376,0.043886330445823345,0.020905069478439647,0.02350236619680397
0.05,84,279,98,97,181,64.87455197132617,0.027456802004934885,0.02871723284659563,0.043886330445823345,0.022097215781299313,0.02482873418713595
0.05,85,277,117,116,160,57.761732851985556,0.026503263912429728,0.02796967413968465,0.043935748542616185,0.021672180902330983,0.024443795845867502
0.05,86,215,85,84,130,60.46511627906977,0.02549878573433219,0.02689654944584943,0.04425923632418435,0.021163967595665995,0.024098423975339928
0.05,87,265,104,103,161,60.75471698113208,0.025937047941812667,0.027441086809436292,0.04410204076910728,0.02191008528096187,0.02470965929135977
0.05,88,300,102,101,198,66.0,0.02536389876369178,0.026776728079932886,0.04425923632418435,0.020850246091939396,0.023422626632300752
0.05,89,265,93,92,172,64.90566037735849,0.025050339982890052,0.026578866622627005,0.04425923632418435,0.020688103073989977,0.023230336339932326
0.05,90,349,115,114,234,67.0487106017192,0.02696909742507341,0.028348053707391175,0.04425923632418435,0.02231150361488917,0.024954349517367466
0.05,91,223,84,83,139,62.33183856502242,0.026415680322306793,0.02785807239041167,0.04425923632418435,0.021168011016809752,0.023872579708098265
0.05,92,314,99,98,215,68.47133757961784,0.026103663214324283,0.02748912060420188,0.043886330445823345,0.02167681457932534,0.024265184396356308
0.05,93,318,119,118,199,62.57861635220126,0.02762673377083688,0.028873264057922,0.04455120649320285,0.02312568516122504,0.025838908385142054
0.05,94,246,95,94,151,61.38211382113821,0.025076112188759343,0.026405511096363254,0.04455120649320285,0.02079558933308777,0.0234854878998051
0.05,95,282,124,123,158,56.02836879432624,0.027342559622392574,0.028640785777088545,0.043935748542616185,0.0231627982100318,0.026051405129471582
0.05,96,230,99,98,131,56.95652173913044,0.02828789637794552,0.02947958615720376,0.04425923632418435,0.023385637498753064,0.026566333819189127
0.05,97,245,72,71,173,70.61224489795919,0.02516687351349604,0.026548978995703115,0.043886330445823345,0.0202687336058034,0.022729683793348783
0.05,98,271,122,121,149,54.981549815498155,0.026804180474350483,0.028131880380218764,0.04455120649320285,0.022000408361769645,0.024890904771014584
0.05,99,309,103,102,206,66.66666666666667,0.02570425672633211,0.02704057780256258,0.043886330445823345,0.021881437106600125,0.02454278600573914
0.1,10,256,23,22,233,91.015625,0.04848803826858661,0.05129790329840489,0.09265500526145362,0.039855588252651585,0.04474423184107883
0.1,11,259,29,28,230,88.8030888030888,0.048671754052193,0.05146376728951492,0.08777266089164669,0.04079357515152535,0.046300315751440925
0.1,12,303,29,28,274,90.42904290429043,0.045905776477200455,0.04879486494380826,0.09202586592909628,0.03847155557275252,0.04303062039470421
0.1,13,303,30,29,273,90.0990099009901,0.04945635211682708,0.05260464535448641,0.09202586592909628,0.040581886420974114,0.045617425204065615
0.1,14,344,31,30,313,90.98837209302326,0.0510104494520246,0.05397605116009514,0.09606159482332158,0.04340365313254509,0.048319002443874465
0.1,15,258,29,28,229,88.75968992248062,0.045121791338532904,0.04820158051704411,0.09202586592909628,0.03803017797289153,0.0430684898448767
0.1,16,308,24,23,284,92.20779220779221,0.046786911106852604,0.04920778829180832,0.09265500526145362,0.039744958295305964,0.04408829181985561
0.1,17,250,26,25,224,89.6,0.04714429027315846,0.05019152597799752,0.09606159482332158,0.03839430846732667,0.04327896260649599
0.1,18,268,28,27,240,89.55223880597015,0.04660496317625089,0.04964071473802017,0.09606159482332158,0.038361551424186145,0.04303518085045008
0.1,19,301,32,31,269,89.3687707641196,0.05026272011414044,0.053086448646526854,0.09202586592909628,0.04131350225570267,0.04618268740679504
0.1,20,263,33,32,230,87.45247148288973,0.05371672847705436,0.05651059626737536,0.09202586592909628,0.044340078559166496,0.05021010793925119
0.1,21,272,31,30,241,88.6029411764706,0.047507055687180354,0.05033112744322226,0.09202586592909628,0.03969591714296206,0.044552499706092256
0.1,22,327,38,37,289,88.37920489296636,0.052041280425661335,0.054861826715677624,0.09202586592909628,0.04434749156963952,0.049498347093925005
0.1,23,299,30,29,269,89.96655518394648,0.046949438107115576,0.04981418281337706,0.09202586592909628,0.03954888045234001,0.04446459148043967
0.1,24,332,23,22,309,93.07228915662651,0.04701269308193806,0.04948695641703664,0.09265500526145362,0.039842714954797576,0.04420815272277461
0.1,25,263,21,20,242,92.01520912547528,0.04741466209203061,0.05022222176422862,0.09202586592909628,0.03927125688061945,0.04391242434164498
0.1,26,261,25,24,236,90.42145593869732,0.04642336234787057,0.04898041754295273,0.09202586592909628,0.037915662327455656,0.04282319145971137
0.1,27,343,31,30,312,90.96209912536443,0.04891533983691535,0.05159074487025964,0.09606159482332158,0.04113630054659703,0.04586224326856278
0.1,28,210,26,25,184,87.61904761904762,0.04452232873944104,0.0478054554567632,0.09202586592909628,0.037510534241465915,0.04224457949786246
0.1,29,258,29,28,229,88.75968992248062,0.049375806066975884,0.051935883996632105,0.09202586592909628,0.04191385274801342,0.04670029655875321
0.1,30,269,28,27,241,89.59107806691449,0.05013862176943653,0.05331013943465868,0.09202586592909628,0.042968040277409913,0.04822730688139509
0.1,31,262,22,21,240,91.6030534351145,0.04546515397929429,0.04783104408881279,0.0774132417613421,0.038465067105812996,0.042720807467188274
0.1,32,342,30,29,312,91.2280701754386,0.048883635969215515,0.05143828272623961,0.09202586592909628,0.040881816527202824,0.04551789080575752
0.1,33,312,27,26,285,91.34615384615384,0.04642445893391621,0.04923552826556998,0.09606159482332158,0.038935500057375054,0.04343462408747491
0.1,34,293,31,30,262,89.419795221843,0.0473065697202319,0.050586828675999056,0.09606159482332158,0.038810094139516325,0.04364578726828808
0.1,35,321,39,38,282,87.85046728971963,0.056375610677155415,0.05893749976462078,0.09202586592909628,0.04779181229949976,0.05304890312201543
0.1,36,305,31,30,274,89.8360655737705,0.05081853850395172,0.05333018368431969,0.09202586592909628,0.04218121522331492,0.046757282450009395
0.1,37,233,23,22,210,90.12875536480686,0.045657319574909025,0.048507614994414555,0.09265500526145362,0.03802608296301381,0.04261327747974199
0.1,38,282,27,26,255,90.42553191489361,0.04659105358703063,0.049451306374328076,0.09202586592909628,0.039750644628205434,0.04459418868132074
0.1,39,253,28,27,225,88.93280632411067,0.05055999583281561,0.0532966887862006,0.09202586592909628,0.04191822058156682,0.0474274432686393
0.1,40,249,26,25,223,89.5582329317269,0.04731288249694978,0.05015536143947621,0.09606159482332158,0.039436118580685714,0.04438712568017561
0.1,41,300,30,29,270,90.0,0.05019189142920868,0.053062340694696085,0.09202586592909628,0.04237869713163103,0.047437125989024345
0.1,42,247,24,23,223,90.2834008097166,0.047087433373529074,0.04977272556859142,0.09202586592909628,0.038543716528966675,0.04357667253117073
0.1,43,291,22,21,269,92.43986254295532,0.047485440829908666,0.0498024392507682,0.09265500526145362,0.0395355873944423,0.043792900774597604
0.1,44,301,26,25,275,91.36212624584718,0.04736302930876751,0.05006721561794922,0.09202586592909628,0.03960971513925977,0.04421906956627406
0.1,45,278,24,23,254,91.36690647482014,0.04571256864352923,0.048770070946676736,0.09202586592909628,0.038340873187081945,0.04307045175887872
0.1,46,335,31,30,304,90.74626865671642,0.05057080094721965,0.0531963880493078,0.09202586592909628,0.043247107474018984,0.04813517857728033
0.1,47,319,28,27,291,91.22257053291536,0.05036983003971902,0.05309517449692518,0.09606159482332158,0.04247380232243541,0.047200403019601087
0.1,48,353,34,33,319,90.36827195467423,0.04995494233959911,0.05279655994673924,0.09202586592909628,0.04251534048108644,0.04741174936871276
0.1,49,261,21,20,240,91.95402298850574,0.04368834410403587,0.046444452052282634,0.09202586592909628,0.0374497480479903,0.04175474235922306
0.1,50,256,28,27,228,89.0625,0.04762222827029406,0.050808507684491175,0.09202586592909628,0.03992432360344025,0.044882811441775056
0.1,51,321,31,30,290,90.34267912772586,0.049607819442681944,0.05229018093109692,0.09202586592909628,0.04199675951256542,0.04667364013523469
0.1,52,257,28,27,229,89.10505836575875,0.05094989965424268,0.053714228708590356,0.09202586592909628,0.042351187947395084,0.04746420006215143
0.1,53,273,30,29,243,89.01098901098901,0.04935726004221329,0.05214049420106349,0.09202586592909628,0.04059342547424421,0.04548975682905242
0.1,54,299,22,21,277,92.64214046822742,0.04662583739540768,0.04915607285298284,0.09202586592909628,0.03842312531518362,0.04285217170408554
0.1,55,319,28,27,291,91.22257053291536,0.04907619424152677,0.05182956031922336,0.09202586592909628,0.04180769939980278,0.04658907173098462
0.1,56,251,31,30,220,87.64940239043824,0.053650260926091285,0.05643327795332972,0.09606159482332158,0.043850399442688044,0.04956400766716842
0.1,57,277,23,22,254,91.69675090252707,0.04319980297491367,0.04570365656954283,0.07804485889538143,0.03706888190037408,0.041216471265091356
0.1,58,305,31,30,274,89.8360655737705,0.04903705784768126,0.05199418220922952,0.09202586592909628,0.042229997321818216,0.047388688433117054
0.1,59,318,34,33,284,89.30817610062893,0.0516349599908182,0.054705232695572446,0.09606159482332158,0.043913191010997533,0.04909494562475281
0.1,60,250,21,20,229,91.6,0.04300111910885829,0.045398491604898075,0.07524227535102854,0.03657809918425521,0.04069823772780692
0.1,61,306,37,36,269,87.90849673202614,0.051725197967733276,0.0545508008124633,0.09202586592909628,0.04347114960082017,0.04860195376638588
0.1,62,300,27,26,273,91.0,0.04597412925221032,0.049133189393728544,0.09202586592909628,0.039222703438079175,0.04401481512849905
0.1,63,296,35,34,261,88.17567567567568,0.05127278173801498,0.054379979734695987,0.09202586592909628,0.04384026700251126,0.04920907876197115
0.1,64,265,29,28,236,89.05660377358491,0.051542904977546496,0.05422128315679933,0.09202586592909628,0.04399184058974906,0.04919511142159956
0.1,65,265,30,29,235,88.67924528301887,0.04999612822801502,0.0529037192400871,0.09202586592909628,0.040585581256720266,0.045507804778682194
0.1,66,348,38,37,310,89.08045977011494,0.0552117380936134,0.05779293994984142,0.09202586592909628,0.046887188041875076,0.05205245974671749
0.1,67,282,28,27,254,90.0709219858156,0.04894707973501025,0.05198999733309317,0.09202586592909628,0.040134112009963425,0.0450129354583552
0.1,68,280,22,21,258,92.14285714285714,0.044892476231359335,0.047355505412329225,0.08675505748946284,0.03851438135019041,0.04267880640902792
0.1,69,252,29,28,223,88.4920634920635,0.04911576145388633,0.05186585796284702,0.09202586592909628,0.04097048607212819,0.04578986165774951
0.1,70,286,26,25,260,90.9090909090909,0.047295823846140554,0.05031483814008483,0.09202586592909628,0.0387955105397675,0.04351996634669108
0.1,71,320,35,34,285,89.0625,0.05180745247240929,0.05463154594645844,0.09202586592909628,0.043364640407655995,0.048449043307325274
0.1,72,283,33,32,250,88.33922261484099,0.05154007097311059,0.054341789683512144,0.09202586592909628,0.043062778211788,0.04811873043722739
0.1,73,253,29,28,224,88.53754940711462,0.048317286813515055,0.051216458415710674,0.09202586592909628,0.03995841684605087,0.044883543378006756
0.1,74,310,27,26,283,91.29032258064517,0.04961608757783211,0.05238518228068547,0.09202586592909628,0.04187692640343174,0.04665585119072554
0.1,75,250,27,26,223,89.2,0.04701438928346891,0.049765776593960635,0.09202586592909628,0.03939204732603916,0.04416788010141605
0.1,76,294,28,27,266,90.47619047619048,0.04802667125265178,0.050743797583520274,0.09202586592909628,0.040625381795889925,0.045679998453231785
0.1,77,284,26,25,258,90.84507042253522,0.04835255664952398,0.05134039674591703,0.09202586592909628,0.04108773791154702,0.04607505238479179
0.1,78,268,25,24,243,90.67164179104478,0.04534735397082779,0.048242728939420366,0.09265500526145362,0.03858847160433793,0.043050055319325
0.1,79,269,31,30,238,88.47583643122677,0.05095844982752375,0.053641890499467645,0.09202586592909628,0.042836245658288544,0.048025028030264524
0.1,80,281,33,32,248,88.25622775800711,0.0531882458907133,0.05582091280201194,0.09202586592909628,0.04580988861961983,0.05096757817087809
0.1,81,225,31,30,194,86.22222222222223,0.046670317549688305,0.049689526730153796,0.09202586592909628,0.03911202269869378,0.04411133298268028
0.1,82,370,36,35,334,90.27027027027027,0.05172883694867424,0.05457840529297577,0.09202586592909628,0.043941972353570814,0.04895859267893071
0.1,83,258,23,22,235,91.08527131782945,0.04559247721841489,0.04832688877110312,0.09265500526145362,0.038031761419740955,0.04246616603144553
0.1,84,279,23,22,256,91.75627240143369,0.046299938974882576,0.048630549641382186,0.08439342391442595,0.03855031585541061,0.04308543551569493
0.1,85,277,31,30,246,88.8086642599278,0.04802735829243219,0.05073779983532951,0.09202586592909628,0.04097846217763608,0.04580653032277343
0.1,86,215,27,26,188,87.44186046511628,0.04712281625927004,0.04998121693708176,0.09202586592909628,0.03881155128568107,0.04385203193424341
0.1,87,265,33,32,232,87.54716981132076,0.05084175490513543,0.05378708935359928,0.09202586592909628,0.04291848290634144,0.048115912469648595
0.1,88,300,29,28,271,90.33333333333333,0.04540662369714542,0.048181875914773874,0.09202586592909628,0.038563502168901115,0.043116157064376694
0.1,89,265,28,27,237,89.43396226415095,0.0461501235175718,0.0492278330537696,0.09202586592909628,0.038994604160616626,0.04359168588944267
0.1,90,349,33,32,316,90.54441260744986,0.05054330094944004,0.053263701440263024,0.09202586592909628,0.0423882571606449,0.047216133908209425
0.1,91,223,21,20,202,90.5829596412556,0.04809574633654403,0.050635162989188666,0.09265500526145362,0.038607448348821356,0.04312727653613372
0.1,92,314,28,27,286,91.0828025477707,0.04857616122363076,0.051340149856239664,0.09202586592909628,0.04050453065666199,0.04518302476036469
0.1,93,318,26,25,292,91.82389937106919,0.0496840210595061,0.05220471285262621,0.09265500526145362,0.04149359101472686,0.04615380515965384
0.1,94,246,30,29,216,87.8048780487805,0.05007035907694772,0.0531676956599458,0.09202586592909628,0.04096678070409883,0.04647958611773211
0.1,95,282,35,34,247,87.58865248226951,0.052561839259907386,0.05531191630296663,0.09202586592909628,0.045013823443889954,0.050322243506121224
0.1,96,230,27,26,203,88.26086956521739,0.05294221817246022,0.055481707913901473,0.09202586592909628,0.04341721432806735,0.04926479567188513
0.1,97,245,20,19,225,91.83673469387755,0.04266127269101787,0.045084855595661326,0.07798570381807171,0.03676272538720687,0.04086698065097154
0.1,98,271,31,30,240,88.56088560885608,0.05131893365711966,0.054136636277606634,0.09202586592909628,0.04193165545204047,0.0473676649607788
0.1,99,309,30,29,279,90.29126213592232,0.046492631753569734,0.049436258525073766,0.09202586592909628,0.04071120901322025,0.045486987241901665
0.2,10,256,8,7,248,96.875,0.08561770124205484,0.08981834031985056,0.14434129693195918,0.07328302520462003,0.08195279679194464
0.2,11,259,9,8,250,96.52509652509653,0.08229594013330137,0.0868995450312654,0.14434129693195918,0.07081092055890206,0.08013013528159627
0.2,12,303,9,8,294,97.02970297029702,0.08348290682604238,0.08805459733717043,0.14434129693195918,0.07252487089347145,0.08075596138816951
0.2,13,303,10,9,293,96.6996699669967,0.08566733009412557,0.09001313362183569,0.14434129693195918,0.07350459744231104,0.08192038502258468
0.2,14,344,11,10,333,96.80232558139535,0.08628379900600573,0.09035386585853092,0.14434129693195918,0.07549420056338649,0.08348755321439003
0.2,15,258,10,9,248,96.12403100775194,0.08398370565760449,0.08894461367798262,0.14434129693195918,0.07204685683083914,0.08108482491882674
0.2,16,308,9,8,299,97.07792207792208,0.08226750469861453,0.08659678880402455,0.13911736052700252,0.07221311407635014,0.08037367792510063
0.2,17,250,8,7,242,96.8,0.08288511248894175,0.0874943957062394,0.14434129693195918,0.07133739668137906,0.07998831135852119
0.2,18,268,9,8,259,96.64179104477611,0.08190979522624581,0.08655008363723246,0.13911736052700252,0.07185264596571192,0.08034911913368273
0.2,19,301,10,9,291,96.67774086378738,0.08467318443668237,0.08858446576432481,0.14434129693195918,0.07368996891483197,0.08177366472945885
0.2,20,263,10,9,253,96.1977186311787,0.08885304881786388,0.09302595185555036,0.15358554619494635,0.07481049490973242,0.08408763911914509
0.2,21,272,10,9,262,96.32352941176471,0.084417294741953,0.08929701945655034,0.15358554619494635,0.07283422068140555,0.08155685331157579
0.2,22,327,11,10,316,96.63608562691131,0.08908986200083567,0.0938586866416954,0.1793794860066223,0.07808789665136992,0.08676033831008832
0.2,23,299,10,9,289,96.65551839464882,0.08316930543632912,0.08851609059552043,0.1793794860066223,0.07287083033771075,0.0817087741685029
0.2,24,332,8,7,324,97.59036144578313,0.08549662500374272,0.08949245004165347,0.1472014945576301,0.07374634223896004,0.08179521790179188
0.2,25,263,7,6,256,97.33840304182509,0.08140208786928807,0.08587322471197559,0.13911736052700252,0.07175176891557195,0.08019831182545666
0.2,26,261,8,7,253,96.93486590038314,0.08229863450172889,0.08658484687757008,0.13911736052700252,0.07134703920890693,0.08025129631613634
0.2,27,343,11,10,332,96.7930029154519,0.08659443870653354,0.09052536168318645,0.14434129693195918,0.07443863740681812,0.0825141292444286
0.2,28,210,9,8,201,95.71428571428571,0.08168251541239219,0.08674884190252093,0.14434129693195918,0.0709756689239105,0.07964977215452843
0.2,29,258,10,9,248,96.12403100775194,0.08730242026991691,0.09172322497601139,0.1793794860066223,0.07523237435047662,0.08365427008810432
0.2,30,269,9,8,260,96.6542750929368,0.08823398327609616,0.09226296243844664,0.15358554619494635,0.07638147433562842,0.08498748807343502
0.2,31,262,10,9,252,96.18320610687023,0.08279861436821007,0.0868346217053864,0.13911736052700252,0.07109018919293299,0.07935144044726478
0.2,32,342,10,9,332,97.07602339181287,0.08588040830859757,0.09005775843202615,0.1472014945576301,0.0736893229729123,0.08198523009798969
0.2,33,312,8,7,304,97.43589743589743,0.08231175924681777,0.0869333450084545,0.14434129693195918,0.0714764742262335,0.080099523458182
0.2,34,293,11,10,282,96.24573378839591,0.0830489455277155,0.08773048590425445,0.13911736052700252,0.0720946515060787,0.08058868925488796
0.2,35,321,10,9,311,96.88473520249221,0.09142753533148941,0.09569315691507849,0.1793794860066223,0.0791626700531346,0.08766863533209154
0.2,36,305,9,8,296,97.04918032786885,0.08648377728856715,0.0906988005776786,0.14434129693195918,0.07488239777350453,0.0829688877222437
0.2,37,233,8,7,225,96.56652360515021,0.08325940675230828,0.08775517959108957,0.13911736052700252,0.07267923766420595,0.08120067335219912
0.2,38,282,9,8,273,96.80851063829788,0.08561344034365453,0.0904674962201366,0.1793794860066223,0.07357273009027272,0.08217847206417148
0.2,39,253,10,9,243,96.04743083003953,0.0854823697094511,0.08965449425389084,0.14434129693195918,0.07314120031309065,0.0823619291602619
0.2,40,249,8,7,241,96.78714859437751,0.08406930236835361,0.08872081815615313,0.14434129693195918,0.07242730870097791,0.0814602100926785
0.2,41,300,8,7,292,97.33333333333333,0.08619998117298426,0.09064626486145656,0.14434129693195918,0.07518894570698985,0.08367328677014496
0.2,42,247,8,7,239,96.76113360323886,0.08332088779676983,0.08748577860138113,0.14434129693195918,0.07112923810609866,0.08018335758331238
0.2,43,291,7,6,284,97.59450171821305,0.08492439582204217,0.08902801481938377,0.1472014945576301,0.07349112275588045,0.08167383230899722
0.2,44,301,9,8,292,97.00996677740864,0.08501496079443134,0.0892405117470596,0.14434129693195918,0.07323627206334082,0.08155530726011946
0.2,45,278,9,8,269,96.76258992805755,0.08353533796113392,0.08779817663336685,0.14434129693195918,0.07234827365004068,0.08047184455241209
0.2,46,335,11,10,324,96.71641791044776,0.08604185205459407,0.09005473725181001,0.15358554619494635,0.07519619928276822,0.08336256261199086
0.2,47,319,9,8,310,97.17868338557994,0.08588832883101358,0.09010847033621361,0.14434129693195918,0.07494481782027433,0.08320079762877174
0.2,48,353,10,9,343,97.1671388101983,0.08771595319654622,0.0921459504028115,0.1793794860066223,0.07589132068782531,0.08410564509463524
0.2,49,261,7,6,254,97.31800766283524,0.08196362282045831,0.08683493258615096,0.13911736052700252,0.07183690577238057,0.08021695159062846
0.2,50,256,9,8,247,96.484375,0.08477874422049786,0.08954496818987094,0.14434129693195918,0.07300341257883466,0.08152161525509286
0.2,51,321,9,8,312,97.19626168224299,0.08748298735278794,0.0914040434492835,0.15358554619494635,0.07504755302628782,0.08316143121337305
0.2,52,257,9,8,248,96.49805447470817,0.0879489708029339,0.09265981293879318,0.1793794860066223,0.07566179168553105,0.08464928850692387
0.2,53,273,10,9,263,96.33699633699634,0.08734807379057297,0.09199391403663736,0.1793794860066223,0.0741389969722562,0.08281912692333025
0.2,54,299,7,6,292,97.65886287625418,0.08410863715372016,0.08817320158790243,0.13911736052700252,0.07231279370464475,0.08047383415596553
0.2,55,319,10,9,309,96.86520376175548,0.0851934294485204,0.089315241777611,0.14434129693195918,0.0739485650137746,0.08213382422439384
0.2,56,251,9,8,242,96.41434262948208,0.08700804677975679,0.09098407176391389,0.14434129693195918,0.07407561395756845,0.08305461730242886
0.2,57,277,9,8,268,96.75090252707581,0.07952690966049211,0.08431041813737016,0.13911736052700252,0.07016829503454974,0.07847565679381
0.2,58,305,10,9,295,96.72131147540983,0.08813736740124013,0.09272620493672334,0.1793794860066223,0.07606486309401822,0.08497625471289422
0.2,59,318,10,9,308,96.85534591194968,0.08697449540154073,0.09165094210470093,0.1793794860066223,0.07617488761802334,0.08453583426950385
0.2,60,250,7,6,243,97.2,0.08321695835783172,0.08746784003278006,0.1472014945576301,0.07178851871320545,0.08002410326065697
0.2,61,306,11,10,295,96.40522875816994,0.08887525208333145,0.09311093425818134,0.1793794860066223,0.07573652303378878,0.0841514065195539
0.2,62,300,8,7,292,97.33333333333333,0.08193052423723354,0.08684048767711983,0.14434129693195918,0.07210499852353022,0.08056275501981083
0.2,63,296,11,10,285,96.28378378378379,0.0888299146082182,0.09402784826847839,0.1793794860066223,0.07621303725792433,0.08520469847745034
0.2,64,265,10,9,255,96.22641509433963,0.087273091530137,0.09143109788456745,0.15358554619494635,0.07560083304271031,0.08420007648203859
0.2,65,265,9,8,256,96.60377358490567,0.08528757958638715,0.08983303023250813,0.14434129693195918,0.0729141729288649,0.08166490971569881
0.2,66,348,11,10,337,96.83908045977012,0.09307955688810034,0.0976512725697047,0.1793794860066223,0.07925369763163272,0.0879944557874515
0.2,67,282,10,9,272,96.45390070921985,0.08620324621509097,0.09010857654727376,0.14434129693195918,0.07388724191615388,0.0819890702181673
0.2,68,280,9,8,271,96.78571428571429,0.08330945098346071,0.08764197237299359,0.13911736052700252,0.072461035576473,0.0806388758148508
0.2,69,252,10,9,242,96.03174603174604,0.08383027469286426,0.08869953159268602,0.1793794860066223,0.07359431704138866,0.08201935051182435
0.2,70,286,8,7,278,97.2027972027972,0.08332721185883886,0.08770725145643297,0.14434129693195918,0.07252476178232144,0.08082313511556703
0.2,71,320,11,10,309,96.5625,0.08538433912581536,0.08979584240097087,0.14434129693195918,0.07465755705150028,0.08290973829007366
0.2,72,283,9,8,274,96.81978798586573,0.08685725994161193,0.09125020005786677,0.15358554619494635,0.07503102944736592,0.08335757723302015
0.2,73,253,10,9,243,96.04743083003953,0.08672016859214819,0.09160213807332636,0.1793794860066223,0.07283491241811181,0.08156610023022381
0.2,74,310,8,7,302,97.41935483870968,0.0860522000791393,0.0904245233294312,0.15358554619494635,0.07561598617869365,0.08377042247786032
0.2,75,250,8,7,242,96.8,0.0837236078487184,0.08837280418771379,0.15358554619494635,0.07273787805821454,0.0812427090316456
0.2,76,294,8,7,286,97.27891156462584,0.08543765572311084,0.08973677114337299,0.15358554619494635,0.07348505601953559,0.08214911399705982
0.2,77,284,8,7,276,97.1830985915493,0.08441395786074163,0.08893258880811174,0.14434129693195918,0.07303330640192715,0.0815457609093082
0.2,78,268,8,7,260,97.01492537313433,0.0832956271389571,0.08826758672169326,0.1472014945576301,0.0723486154732125,0.0808610291781854
0.2,79,269,10,9,259,96.28252788104089,0.08846076529392828,0.09250730303733666,0.15358554619494635,0.07494354457551891,0.08343636902623489
0.2,80,281,11,10,270,96.08540925266904,0.08981845890225436,0.09458485391830619,0.1793794860066223,0.07734397258250232,0.08621577439166402
0.2,81,225,11,10,214,95.11111111111111,0.08672190814492528,0.0919428817859823,0.1793794860066223,0.07353010659381114,0.08281980020532421
0.2,82,370,11,10,359,97.02702702702703,0.09075496920459188,0.09493407186042323,0.1793794860066223,0.07844106656704777,0.08661116857391504
0.2,83,258,8,7,250,96.89922480620154,0.0821441587924268,0.0869388083386748,0.1472014945576301,0.0725366225424519,0.08088496039111784
0.2,84,279,9,8,270,96.7741935483871,0.08234585306651154,0.0864495951925778,0.13911736052700252,0.07138551785761811,0.0798297785623261
0.2,85,277,10,9,267,96.38989169675091,0.08606301964275923,0.09036923536448127,0.15358554619494635,0.07461934715277374,0.08303256679954717
0.2,86,215,9,8,206,95.81395348837209,0.08300695103015009,0.08774318339653592,0.14434129693195918,0.07068475654630284,0.0799861341555076
0.2,87,265,11,10,254,95.84905660377359,0.0870019607224292,0.09215324623936387,0.1793794860066223,0.07528519773957855,0.08396697272259326
0.2,88,300,9,8,291,97.0,0.08174146320020645,0.08663501890113491,0.14434129693195918,0.0718855960118328,0.0804907225999216
0.2,89,265,8,7,257,96.98113207547169,0.08340743423311807,0.08828204330333163,0.14434129693195918,0.0723502915149281,0.08079313842166852
0.2,90,349,10,9,339,97.13467048710602,0.08688754578770196,0.09117445477456063,0.15358554619494635,0.07523851822502998,0.08338956752789693
0.2,91,223,7,6,216,96.8609865470852,0.08364014728090952,0.08798170672070867,0.14173690415696258,0.07152069022995769,0.08009258806243372
0.2,92,314,9,8,305,97.13375796178345,0.08374746749245277,0.08791543146212721,0.1472014945576301,0.07330617980201054,0.08127296537154832
0.2,93,318,10,9,308,96.85534591194968,0.08705826114353715,0.09086543354091602,0.1472014945576301,0.07474275416547482,0.08281846070400056
0.2,94,246,10,9,236,95.9349593495935,0.0854016116059424,0.09062326533243104,0.1793794860066223,0.07430543190886622,0.08358710802736494
0.2,95,282,10,9,272,96.45390070921985,0.0890663366639418,0.09348024936464705,0.1793794860066223,0.07724836420636466,0.08594998029944616
0.2,96,230,10,9,220,95.65217391304348,0.08868992093052519,0.09265481943869615,0.15358554619494635,0.07398857463360713,0.08356651653135477
0.2,97,245,7,6,238,97.14285714285714,0.07848593452074419,0.08353021767783275,0.13911736052700252,0.07032849203673097,0.07875492016424629
0.2,98,271,9,8,262,96.6789667896679,0.08581709194634972,0.08994832731471923,0.14434129693195918,0.07322113273678342,0.08206548386019434
0.2,99,309,10,9,299,96.76375404530744,0.08535237831394757,0.0901454881240665,0.15358554619494635,0.07436368297585617,0.08282913407742887
