map,metric,raw_sigma_candidates,state_count,cluster_frobenius_weighted_mean,cluster_frobenius_weighted_rmse,cluster_frobenius_max,cluster_bures_weighted_mean,cluster_bures_weighted_rmse,cluster_bures_max,transition_frobenius_mean,transition_frobenius_rmse,transition_frobenius_max,transition_bures_mean,transition_bures_rmse,transition_bures_max,unique_gstate_edges,self_loop_fraction,transition_rows
10,frobenius,256,100,0.00755661631986635,0.014055944099960457,0.035310196827545416,0.010641732685515208,0.022824125599015595,0.19748417658131498,0.022143115586304975,0.02951270675488703,0.06172973351635338,0.022530613095297577,0.029976666333076368,0.19748417658131498,345,0.093,7000
10,bures_wasserstein,256,100,0.007756546646017117,0.015051680798761555,0.06172973351635338,0.00795503580435627,0.015217214081493059,0.04841154846300409,0.020367349003054248,0.02777225745750011,0.06888446849617118,0.022615660140774426,0.029467777695160548,0.08306443965872455,363,0.07628571428571429,7000
11,frobenius,259,100,0.008217172407510005,0.013826281111807186,0.03989774429714038,0.011854699629107667,0.023764630415583327,0.19748417658131498,0.023437641719619488,0.029585262695300825,0.06172973351635338,0.02483622043918322,0.031024344914342708,0.19748417658131498,347,0.09708333333333333,4800
11,bures_wasserstein,259,100,0.00818666858508523,0.014631274637941302,0.04649042912256244,0.008817962960572146,0.01570382932113091,0.054376724024015076,0.022618066854062577,0.029057660851600334,0.06743767493026433,0.02555800773488306,0.0314607698280626,0.08550829036600892,366,0.10270833333333333,4800
12,frobenius,303,100,0.008598538323234817,0.01530520605627601,0.054305800795126834,0.0123699247007976,0.025061334363266227,0.19748417658131498,0.02140475547470637,0.02803420230123602,0.06172973351635338,0.02230430020369422,0.028994514877315657,0.19748417658131498,337,0.10493333333333334,7500
12,bures_wasserstein,303,100,0.009114062633147332,0.01691636664566192,0.06076915335924963,0.00982381858640282,0.01789669963307706,0.05488907667835236,0.021496996407891027,0.028017134305039524,0.067963078211629,0.024161269302085835,0.030181905422241286,0.08306443965872455,346,0.09533333333333334,7500
13,frobenius,303,100,0.010018574624594892,0.016713777844116668,0.05076386510107361,0.014026775835670368,0.026003518819550514,0.19748417658131498,0.021416574467423885,0.02948246390276299,0.06172973351635338,0.021366388034351036,0.0288494162481881,0.19748417658131498,314,0.11458333333333333,7200
13,bures_wasserstein,303,100,0.011412280039786796,0.01958851855479627,0.06440403714053958,0.011850565791994,0.019853874421160482,0.05598363872195759,0.024247626604742195,0.030638938574049757,0.06936540924697268,0.025689391262021268,0.031008753655271882,0.08550829036600892,330,0.11486111111111111,7200
14,frobenius,344,100,0.01200731723559005,0.01840805893252644,0.054305800795126834,0.016939542338820383,0.029210442156927766,0.19748417658131498,0.02506806362255607,0.031488609866923103,0.06172973351635338,0.025892635348156376,0.03206352471034834,0.19748417658131498,315,0.155,7400
14,bures_wasserstein,344,100,0.01165448504276122,0.018995186988099676,0.059074106002545645,0.01302222254735179,0.021038256893570677,0.05941788025618689,0.025164234291314917,0.031418994685173667,0.07104097409242077,0.02788349421051013,0.03351845118702758,0.07254467480466564,328,0.12905405405405404,7400
15,frobenius,258,100,0.009366092240426132,0.015937108375036677,0.0512183560845133,0.01456818022449836,0.02783622532606789,0.19748417658131498,0.022395722573612317,0.028960392246093283,0.06172973351635338,0.022844825675058772,0.02940671944809983,0.19748417658131498,310,0.10539682539682539,6300
15,bures_wasserstein,258,100,0.009462819350108606,0.0175034501291419,0.06076915335924963,0.010382748560122506,0.01866773083396248,0.05238564646851995,0.022868514616221587,0.029584930795232427,0.06172973351635338,0.024787387676874828,0.03074424788624204,0.08492964435635521,319,0.10714285714285714,6300
16,frobenius,308,100,0.00917456688558717,0.015563334858273124,0.039897744297140415,0.013075060434067932,0.025781990291086715,0.19748417658131498,0.022987475382816234,0.028895398480264928,0.06172973351635338,0.023834301490817823,0.030403504594797424,0.19748417658131498,358,0.082,7500
16,bures_wasserstein,308,100,0.009204455450503784,0.016593254918388103,0.060769153359249636,0.009727351726133694,0.017200193468910007,0.0490044938576881,0.021721312077282177,0.02785264609811129,0.06301777527015692,0.02461773684831514,0.03060381535489901,0.08306443965872455,366,0.07573333333333333,7500
17,frobenius,250,100,0.005891789166265833,0.011930204745773384,0.035310196827545444,0.008966871094305287,0.021308296764676975,0.19748417658131498,0.021088166020712604,0.02835229488066115,0.06172973351635338,0.022523227890715872,0.030514198086223653,0.19748417658131498,348,0.07367647058823529,6800
17,bures_wasserstein,250,100,0.007195792458971022,0.015244989622461444,0.054305800795126834,0.007430181912622423,0.015212213822458444,0.04600558413273921,0.02169744641130333,0.02857889114569727,0.06172973351635338,0.025075743868435803,0.03161906766618861,0.08594445178532838,352,0.0863235294117647,6800
18,frobenius,268,100,0.007644997727815207,0.01434971271539353,0.040788969097048766,0.010953484891683924,0.021918269712815158,0.08550829036600892,0.022587996634007988,0.02972730415508155,0.06172973351635338,0.023224976845521376,0.030620679755136,0.12677720779305812,331,0.09520547945205479,7300
18,bures_wasserstein,268,100,0.007947190715174919,0.016064237987540645,0.05896448083380365,0.008403510903141015,0.0167342651788454,0.05579383875891173,0.021332250474090552,0.028565489740411378,0.06172973351635338,0.02403417063182641,0.030861766190458304,0.07639472238629155,331,0.0889041095890411,7300
19,frobenius,301,100,0.009656064441965094,0.016001440989613275,0.0512183560845133,0.014918510989181982,0.028713322653219676,0.19748417658131498,0.024232321542737818,0.03068554105520553,0.06172973351635338,0.02534381357465751,0.03220844141235745,0.19748417658131498,344,0.10044776119402984,6700
19,bures_wasserstein,301,100,0.010723535931314065,0.018730755052429767,0.06440403714053958,0.011437085235969069,0.019527833886793803,0.05584508449358955,0.025569720937619143,0.03201107627802545,0.07264000275330393,0.028900360858293794,0.03475164128107175,0.08742739640671283,333,0.10537313432835821,6700
20,frobenius,263,100,0.0084360021304645,0.014157899327242167,0.03531019682754543,0.012320937856441009,0.02251885742186598,0.08550829036600892,0.02233098159690549,0.029194960461122264,0.06172973351635338,0.022762717253485002,0.028944064088558433,0.09349399079916143,312,0.1326530612244898,4900
20,bures_wasserstein,263,100,0.0088343421081763,0.016114123611201608,0.06172973351635338,0.009555374873284424,0.01719597960831161,0.050863559813029334,0.022512862926178698,0.029236726344563722,0.07334861961891308,0.02397813811524384,0.029559103206739767,0.0736020127082976,330,0.10306122448979592,4900
21,frobenius,272,100,0.008070589640135292,0.014728038657587324,0.050763865101073634,0.012059248698459478,0.024851168990084202,0.19748417658131498,0.021910117934589822,0.029328028402876936,0.06172973351635338,0.021725694352107135,0.02892411645923264,0.19748417658131498,307,0.1076388888888889,7200
21,bures_wasserstein,272,100,0.008144410957946947,0.016239194141963086,0.06440403714053958,0.00894117327614112,0.01747421911788704,0.057604904145692526,0.02320042190977011,0.030288146379583457,0.0745172463259345,0.02490268041872919,0.03117717771089224,0.08492964435635521,323,0.09833333333333333,7200
22,frobenius,327,100,0.010353724188558693,0.016546523924611176,0.06076915335924961,0.015445469219110945,0.02817293117637635,0.19748417658131498,0.022189558277455855,0.02917145428201153,0.06172973351635338,0.022018935397226946,0.028433504707802697,0.19748417658131498,316,0.09318840579710144,6900
22,bures_wasserstein,327,100,0.009697711028378825,0.01699493699416338,0.06076915335924963,0.010313781649331413,0.01769736443006695,0.050939092492844076,0.02348196981057669,0.030336040100603968,0.08116618754136477,0.023992804202363962,0.029370985284253637,0.06679749098738173,303,0.09840579710144927,6900
23,frobenius,299,100,0.009346948173490778,0.015650999205143516,0.03989774429714042,0.013794129921557326,0.02715026847181372,0.19748417658131498,0.02224699184633739,0.029041388439014246,0.06172973351635338,0.023185297227895148,0.030097135100443793,0.19748417658131498,321,0.11835616438356164,7300
23,bures_wasserstein,299,100,0.009688259917534189,0.017021188726750014,0.06076915335924963,0.010277648159657895,0.017861378155109298,0.052572838516679536,0.023593496435764236,0.030348122146323507,0.09079851320368632,0.025784515238839945,0.031884659645723394,0.07712458108152029,316,0.11054794520547945,7300
24,frobenius,332,100,0.009063263955315704,0.015246280132330182,0.051217575108550385,0.012949862112742544,0.024065385262772757,0.11929586243396864,0.022652802080842256,0.029395020266290813,0.06172973351635338,0.02364865056239062,0.03058433154811831,0.10472584008723237,364,0.09227848101265823,7900
24,bures_wasserstein,332,100,0.009977727688687927,0.017503360569466782,0.056667803910156946,0.010568051219607754,0.01832485911662709,0.050863559813029334,0.02393172573234866,0.030230938277100713,0.06888446849617115,0.027241032800323597,0.032881060647605556,0.07533329782879326,367,0.09430379746835443,7900
25,frobenius,263,100,0.007758847245544202,0.014514091219591945,0.05337124694065147,0.01129766981865035,0.02406830816677852,0.19748417658131498,0.021763652375289606,0.028834318432111556,0.06172973351635338,0.021797736917986362,0.028605399189211914,0.19748417658131498,337,0.0875,7200
25,bures_wasserstein,263,100,0.007699403135370316,0.015650552632027446,0.06060627030266754,0.008086062128931074,0.0160358193100551,0.05177430499450927,0.02123954093283006,0.028544569803690165,0.06888446849617118,0.023122206100121143,0.02976311341553834,0.08550829036600892,326,0.08,7200
26,frobenius,261,100,0.008226121730121924,0.01442485814139257,0.035595364866791296,0.012409838284328664,0.02609456634703575,0.19748417658131498,0.021683532429408965,0.028126798259450792,0.06172973351635338,0.02227449833579517,0.02896510195344952,0.19748417658131498,366,0.09573770491803278,6100
26,bures_wasserstein,261,100,0.009424633723929323,0.016728434636691072,0.054305800795126834,0.010147889392075626,0.017886619630716038,0.054962425073077414,0.022115717255365312,0.028786214369119215,0.06888446849617118,0.02507685205939329,0.031187590148975774,0.08550829036600892,374,0.0960655737704918,6100
27,frobenius,343,100,0.010835062683075096,0.01740619431523764,0.06076915335924963,0.015327294594389577,0.027250378593228018,0.19748417658131498,0.02331408508150735,0.030633929530203594,0.06172973351635338,0.02348849416092735,0.030271805734316724,0.19748417658131498,342,0.12192307692307693,7800
27,bures_wasserstein,343,100,0.011687796299409142,0.020257228429469927,0.06440403714053958,0.012245689287682113,0.020666076729777244,0.06057807127817656,0.023588153375576536,0.030740580671157477,0.07044898863716924,0.026026095774085992,0.03230515854002769,0.08550829036600892,344,0.11115384615384616,7800
28,frobenius,210,100,0.004966298253051867,0.011336135025531113,0.04193268414971787,0.006816075889580012,0.01634717181448878,0.07232099345029265,0.019711198036064748,0.02778516338645021,0.06172973351635338,0.020041113554212092,0.027705102113271415,0.08263943444974621,307,0.07882352941176471,6800
28,bures_wasserstein,210,100,0.005203717386199579,0.012278703926797458,0.054305800795126834,0.005378033656723816,0.012598447211049421,0.04562204488077487,0.018342144999801174,0.026591732046545226,0.06172973351635338,0.020741545896371723,0.028398942292881306,0.08550829036600892,319,0.06676470588235293,6800
29,frobenius,258,100,0.007517978707640866,0.013574053087362786,0.034878216697532,0.01151804974147491,0.02497041831752284,0.19748417658131498,0.021222398611617004,0.028529721902222208,0.06172973351635338,0.022601150265939396,0.03051206272084996,0.19748417658131498,321,0.11378787878787879,6600
29,bures_wasserstein,258,100,0.007708790375506511,0.01460392422087319,0.06172973351635338,0.008285608873468492,0.015621308733739068,0.04839504428472098,0.021873621808012198,0.029210140362551436,0.07092256340544946,0.024627929602457833,0.03144978327682146,0.08625185783118851,311,0.10681818181818181,6600
30,frobenius,269,100,0.00846911736632934,0.014792622943494073,0.03531019682754545,0.011935908043573154,0.02272075343868435,0.09777618834185971,0.021800277024585542,0.028254345588163112,0.06172973351635338,0.022054536896394986,0.028304331682270766,0.09777618834185971,347,0.082,6500
30,bures_wasserstein,269,100,0.009089651466262224,0.016499257070273433,0.061787053660131756,0.00960956150505883,0.017361358491988305,0.054962425073077414,0.021056944351879745,0.027406975529822294,0.06440403714053958,0.023297018966671617,0.02893276611087435,0.08550829036600892,381,0.07661538461538461,6500
31,frobenius,262,100,0.007269349089253399,0.013767681898442892,0.035310196827545465,0.010605949018181075,0.022981859536957028,0.19748417658131498,0.020944911198585974,0.027908985099342615,0.06172973351635338,0.02112330412092559,0.02789743390740904,0.19748417658131498,340,0.08536231884057971,6900
31,bures_wasserstein,262,100,0.00786415860106734,0.015189333996919846,0.06172973351635338,0.008470359602123776,0.01605609919935858,0.05543027072706774,0.021416473135200138,0.02823921977203506,0.06172973351635338,0.022987900044691853,0.029055514335300455,0.08550829036600892,341,0.08695652173913043,6900
32,frobenius,342,100,0.0111581059709229,0.018274024890369615,0.06440403714053958,0.015900873394861525,0.02916345287655584,0.19748417658131498,0.025570886235162786,0.03234071574249387,0.06172973351635338,0.0263706296384339,0.03338085712502325,0.19748417658131498,321,0.12223684210526316,7600
32,bures_wasserstein,342,100,0.01321675872215294,0.022150282003778728,0.06440403714053958,0.013634906585883478,0.0222308715582238,0.05543027072706774,0.02568296843822209,0.03216503258279989,0.07119417110971937,0.028589075371638628,0.03412953313044327,0.07639472238629155,340,0.12473684210526316,7600
33,frobenius,312,100,0.007658655078548064,0.01372803746564774,0.051217575108550385,0.011138560793543037,0.02193485534238444,0.11929586243396864,0.021818609059569394,0.028616222497037453,0.06172973351635338,0.022993189454276055,0.03000158859500943,0.09777618834185971,371,0.08625,8000
33,bures_wasserstein,312,100,0.010272389518231681,0.017878575326244612,0.058148774707641085,0.011107601039505366,0.019134222696580164,0.05781132155152938,0.023569760752701858,0.029891663281757103,0.06888446849617118,0.027509588616560634,0.033527772144404604,0.08492964435635521,377,0.09675,8000
34,frobenius,293,100,0.008773865295820504,0.015550535816463193,0.058964480833803665,0.012035111433879673,0.02364489638201362,0.19748417658131498,0.023282718334948067,0.029679739794777102,0.06172973351635338,0.023796889220931552,0.029980818468387266,0.19748417658131498,339,0.09457142857142857,7000
34,bures_wasserstein,293,100,0.009055419130445044,0.01699492637195171,0.0647363112943578,0.009747189980812547,0.018140575172797112,0.06834548403105696,0.024231635009859313,0.030868485755817486,0.07264000275330391,0.02653360824687352,0.03246314796057686,0.08550829036600892,334,0.087,7000
35,frobenius,321,100,0.010950645931099892,0.017455540358660565,0.050956059502280986,0.016303797749914223,0.028916124867467367,0.19748417658131498,0.025005574498852705,0.03194683127288705,0.06172973351635338,0.02602375042974084,0.03282007010078076,0.19748417658131498,315,0.125,7400
35,bures_wasserstein,321,100,0.011571705595647073,0.019862222959040502,0.06440403714053958,0.012321948924654682,0.020672840440068223,0.054962425073077414,0.026248993632672357,0.03287413116722535,0.0800752770835044,0.028358976144219485,0.03389724084946214,0.09753528604949088,320,0.10702702702702703,7400
36,frobenius,305,100,0.009229061686390363,0.015500478351435755,0.035310196827545465,0.013965126579019856,0.02726912430998569,0.19748417658131498,0.02324596582815182,0.0296144025047651,0.06172973351635338,0.024076662657820814,0.030772560012305047,0.19748417658131498,341,0.11357142857142857,7000
36,bures_wasserstein,305,100,0.010205731854904017,0.017717750772092693,0.06996291874986343,0.010939926197314579,0.018623159341183245,0.05533366955970861,0.02303961121846423,0.028960619764480455,0.06639578299862124,0.025869195628215904,0.031207182698523798,0.08550829036600892,356,0.09128571428571429,7000
37,frobenius,233,100,0.005448791742166318,0.011557248140958104,0.03384257673404907,0.007720941370171516,0.017477847461991068,0.073725234916584,0.01864193814225647,0.02646122324876295,0.06172973351635338,0.019088283030232384,0.02674024951664661,0.10472584008723237,331,0.07671641791044777,6700
37,bures_wasserstein,233,100,0.007560604640157879,0.016475163171903097,0.054305800795126855,0.007767565866412065,0.016492707921544864,0.056224346988811694,0.019617033292645254,0.027578204540390356,0.06178705366013174,0.021469147937754018,0.02877130724816202,0.08306443965872455,351,0.07582089552238806,6700
38,frobenius,282,100,0.008045719119820962,0.014606413218529688,0.03961843005471068,0.01146299382570717,0.023491262816366886,0.19748417658131498,0.022074160916566308,0.029039559446677188,0.06172973351635338,0.022756544255552524,0.029545910807373572,0.19748417658131498,334,0.08385714285714285,7000
38,bures_wasserstein,282,100,0.01000825205116733,0.017902243370607328,0.0668600777744089,0.010299767056517167,0.017980374495430888,0.05602015311207295,0.02227289788449749,0.02906094986649294,0.07290891577852462,0.025327849001915682,0.03144762881980192,0.08550829036600892,349,0.10357142857142858,7000
39,frobenius,253,100,0.008594347590582928,0.014572985138033102,0.035310196827545465,0.013253501634534395,0.02575515259421857,0.19748417658131498,0.022888520150207353,0.029108250007832577,0.06172973351635338,0.024168870222474343,0.03048689575344325,0.19748417658131498,327,0.10296296296296296,5400
39,bures_wasserstein,253,100,0.00911708957639889,0.016144721144489723,0.05401120254169499,0.010089026837612085,0.017588431243668563,0.046977120210840016,0.023036579070384554,0.029182561827481635,0.0692117042125102,0.025465286079829775,0.031095563666445485,0.0854598499970121,340,0.09481481481481481,5400
40,frobenius,249,100,0.006594209284696294,0.011936543798114738,0.03487821669753201,0.009271870647445897,0.01816834491377478,0.07232099345029265,0.02143837390709466,0.028158232530811084,0.06172973351635338,0.022673443237402623,0.029403492964448018,0.09412100636461031,343,0.08203703703703703,5400
40,bures_wasserstein,249,100,0.007619772132058251,0.014726385406667469,0.06172973351635331,0.008068210000627763,0.015124296250099077,0.04939483248942799,0.021719074316214552,0.028442006167195524,0.06172973351635338,0.02485574185622855,0.031224112328085717,0.08550829036600892,357,0.08648148148148148,5400
41,frobenius,300,100,0.009533993497770461,0.01596842572177347,0.050763865101073634,0.0137067624878657,0.026019071952678885,0.19748417658131498,0.024398431073186885,0.03173021355386472,0.06172973351635338,0.025227979262899256,0.032833334162015886,0.19748417658131498,311,0.12666666666666668,6900
41,bures_wasserstein,300,100,0.010644763845968538,0.01853949593111874,0.06172973351635338,0.011332091287067983,0.019410578887891376,0.0578933270801288,0.024615854041605698,0.03174136675960989,0.07513853871349907,0.026956138875046536,0.03357241933728765,0.10094006495718988,328,0.11652173913043479,6900
42,frobenius,247,100,0.007441782330469366,0.013631942335993505,0.034878216697532,0.010591882201560017,0.020928312849747194,0.09777618834185971,0.021336900183146674,0.027749708548528505,0.06172973351635338,0.022820433596745605,0.029550468587298897,0.11847880435661907,342,0.0879245283018868,5300
42,bures_wasserstein,247,100,0.008969871305900469,0.01663752674817674,0.06172973351635338,0.009227516806902486,0.016813433657279605,0.05781132155152938,0.022397963482942443,0.028432340939865047,0.06888446849617118,0.02539874052787564,0.03104756102852024,0.08933986710303256,369,0.08283018867924528,5300
43,frobenius,291,100,0.00951310384148408,0.015769381630191964,0.05076386510107362,0.013615085520813966,0.026449209199197198,0.19748417658131498,0.02318908434609479,0.02960236611708075,0.06172973351635338,0.02490334753878394,0.03165779005879881,0.19748417658131498,338,0.09432432432432432,7400
43,bures_wasserstein,291,100,0.01066298575783512,0.018476501797967976,0.054305800795126834,0.010984822584401845,0.018864958780093876,0.054962425073077414,0.02319500733803249,0.02982092064487721,0.06888446849617118,0.026222874560022747,0.03236411072642547,0.07639472238629155,343,0.08648648648648649,7400
44,frobenius,301,100,0.00796265011994432,0.014655574467676185,0.04193268414971786,0.011265769631514561,0.024241489911309193,0.19748417658131498,0.021361471329295265,0.02888843493038743,0.06172973351635338,0.022252479042200398,0.029913455018419195,0.19748417658131498,365,0.09909090909090909,7700
44,bures_wasserstein,301,100,0.009133850064492315,0.01731485535815363,0.06076915335924963,0.009739336522227662,0.018364797359605993,0.06834548403105696,0.02203316844450419,0.029103574823935538,0.06172973351635338,0.025326248566291547,0.032175524680560195,0.08933986710303256,382,0.10428571428571429,7700
45,frobenius,278,100,0.00738715608923626,0.013688158927441208,0.034878216697531994,0.009919018617906292,0.01967917910595968,0.07232099345029265,0.02137361835626892,0.028029519463117717,0.06172973351635338,0.022213663086560458,0.029030062232146714,0.08606024871664086,333,0.08573333333333333,7500
45,bures_wasserstein,278,100,0.009497356105308358,0.016776025777040716,0.05042895993375234,0.009978082493758273,0.01763236461305761,0.050863559813029334,0.021704119702294352,0.028471517065305044,0.06743767493026431,0.024145718443746758,0.03029236978411519,0.07533329782879326,339,0.0964,7500
46,frobenius,335,100,0.010732670891868953,0.016947200920730807,0.04004335150808433,0.015370745014568279,0.027341492444861656,0.19748417658131498,0.02417465343832565,0.030664785464234415,0.06172973351635338,0.024905479323703794,0.031484928289244186,0.19748417658131498,347,0.11162162162162162,7400
46,bures_wasserstein,335,100,0.01076578533154788,0.018180129622619254,0.06172973351635338,0.011934343201176478,0.0198092079831252,0.05568746215099243,0.023583696088350488,0.030149826901030696,0.0735686074355088,0.026223978073393012,0.032140048904305815,0.08492964435635521,359,0.11527027027027027,7400
47,frobenius,319,100,0.008878678041305571,0.01476204926167961,0.04074162490623077,0.012423908840195617,0.0231559568185296,0.09777618834185971,0.022807451315560313,0.029071355202901848,0.06172973351635338,0.02384331001640104,0.030196243058977,0.09777618834185971,336,0.09013333333333333,7500
47,bures_wasserstein,319,100,0.009522476518490213,0.016410463466039374,0.06204659539410686,0.009898054491694971,0.016958701760854452,0.053003061006849705,0.022152357229634705,0.028577210524004828,0.06172973351635338,0.025246656744575602,0.03129717696138924,0.07849162287969456,338,0.08386666666666667,7500
48,frobenius,353,100,0.01137368061029139,0.017859829264648578,0.051217575108550385,0.016880810387904267,0.030169407008112294,0.19748417658131498,0.025469648983490877,0.03157402386984092,0.06172973351635338,0.0256367406809578,0.03142251171909,0.19748417658131498,338,0.13192307692307692,7800
48,bures_wasserstein,353,100,0.011739570154240835,0.019240388449403092,0.060769153359249636,0.013045979428483772,0.02091917685980776,0.0578933270801288,0.02573706147141746,0.03146484269213784,0.07614610955262259,0.028259396948414676,0.03293188158843914,0.08933986710303256,342,0.11833333333333333,7800
49,frobenius,261,100,0.006113822404640004,0.012069672401101818,0.03531019682754539,0.008798337174228803,0.01898957203427767,0.09777618834185971,0.02029132297770098,0.02708122642487388,0.06172973351635338,0.02098363857814435,0.0280938208096494,0.11047695369754787,369,0.06701298701298701,7700
49,bures_wasserstein,261,100,0.006171814579973599,0.012998520866446584,0.054305800795126875,0.006557304651498107,0.013688203494822372,0.054962425073077414,0.019313520096961686,0.026396488033816952,0.06172973351635338,0.022157630026846616,0.028968523031463935,0.08550829036600892,377,0.06558441558441558,7700
50,frobenius,256,100,0.006925608397485327,0.013283194355260916,0.035310196827545444,0.009644841535856161,0.019463429265251027,0.07232099345029265,0.02088017465256274,0.027670251793728375,0.06172973351635338,0.02144681663132611,0.02811093155100607,0.10472584008723237,337,0.08253731343283582,6700
50,bures_wasserstein,256,100,0.007370154048047104,0.014603810865432115,0.054305800795126834,0.00801416712581118,0.01564937286872797,0.052214909319020016,0.02003766082749959,0.026885151453110417,0.06172973351635338,0.022538981704361433,0.028959825702715783,0.08550829036600892,343,0.07776119402985075,6700
51,frobenius,321,100,0.010093308929236369,0.016383781349753372,0.043637140144606165,0.014453317268410195,0.02646863597165349,0.19748417658131498,0.02522707522246643,0.031126236829691362,0.06172973351635338,0.025585251396492127,0.03147581815186418,0.19748417658131498,337,0.12972602739726027,7300
51,bures_wasserstein,321,100,0.011042398280360539,0.018643976806155368,0.060769153359249636,0.011584421035711917,0.019386185757096122,0.06834548403105696,0.0245181241135976,0.030406507527171847,0.06440403714053958,0.0271212045438043,0.032383524099199916,0.08550829036600892,337,0.11424657534246575,7300
52,frobenius,257,100,0.007308541872710997,0.013420490627771255,0.03531019682754544,0.011313916248656002,0.024814641921015835,0.19748417658131498,0.02067161658040716,0.027993187224499356,0.06172973351635338,0.021282605601789933,0.02852492594268377,0.19748417658131498,338,0.10154929577464789,7100
52,bures_wasserstein,257,100,0.006962191465285066,0.013733303542778161,0.06076915335924963,0.007516659856799644,0.014792407226978449,0.0516152107595321,0.021144046552164727,0.02835630337059166,0.06888446849617115,0.023092157140992546,0.029766419511332975,0.08550829036600892,322,0.08535211267605634,7100
53,frobenius,273,100,0.008610573024755607,0.01564496322929797,0.049649572002183444,0.012778165316290372,0.026549563034015622,0.19748417658131498,0.022144728358119533,0.029562912377424012,0.06172973351635338,0.022818762324916468,0.02993511386320565,0.19748417658131498,332,0.10338235294117647,6800
53,bures_wasserstein,273,100,0.008964279367086003,0.017141216405269766,0.06172973351635338,0.009456905916290507,0.01768476985423026,0.05418695260643807,0.023383695293084074,0.030281032623816827,0.08907777500589023,0.02577711278809838,0.03187476779484768,0.07976433312505699,337,0.08955882352941176,6800
54,frobenius,299,100,0.007098103311759377,0.013273623463004312,0.034878216697532015,0.011202772728520714,0.024743095820989165,0.19748417658131498,0.02146634501459918,0.02812880374278227,0.06172973351635338,0.02242850197555997,0.02928889000118877,0.19748417658131498,342,0.08,7900
54,bures_wasserstein,299,100,0.008597942435026039,0.016804896509193652,0.06996291874986349,0.00911224692893668,0.017329216778790513,0.059404421448355664,0.023015754714430632,0.029490352681271714,0.06888446849617115,0.026833531680854405,0.03302540801678679,0.08933986710303256,383,0.08240506329113924,7900
55,frobenius,319,100,0.009660137228849607,0.01588866399002182,0.054305800795126855,0.013086289186385332,0.023275164453732844,0.08550829036600892,0.022420581770158127,0.028886032466258586,0.06172973351635338,0.023182116659643013,0.029379882121080916,0.11040809658715806,340,0.10686567164179105,6700
55,bures_wasserstein,319,100,0.010590875058288984,0.01817985307832493,0.06172973351635336,0.011299840042925731,0.019325170473446035,0.05890537594957579,0.022327843194742552,0.028919141571866997,0.06172973351635338,0.024853995659862262,0.031089515356359232,0.07639472238629155,332,0.10373134328358209,6700
56,frobenius,251,100,0.008158634714739,0.013806714658085958,0.04869065618781494,0.01291249944140258,0.026317568914613447,0.19748417658131498,0.022535267329564686,0.02914671897354892,0.06172973351635338,0.023674444274330075,0.030315989946852064,0.19748417658131498,341,0.08961538461538461,5200
56,bures_wasserstein,251,100,0.00815184774166263,0.014980648347208607,0.051020388081628676,0.008580956383721633,0.0156383883790997,0.05908031654187857,0.02230548991682473,0.02890698993855386,0.06333348245596478,0.025054782282257094,0.031035671147258564,0.07565033273214018,328,0.08826923076923077,5200
57,frobenius,277,100,0.007117558380960124,0.013683644531321858,0.05645821463702159,0.010051036776664826,0.02236322334559164,0.19748417658131498,0.02130016590915425,0.028402838742784348,0.06172973351635338,0.02187845480562833,0.02931374865389368,0.19748417658131498,371,0.0768918918918919,7400
57,bures_wasserstein,277,100,0.007166266877937233,0.014529121648830839,0.060769153359249636,0.007441174452571714,0.014993447485962206,0.05622557993167893,0.020169599319459847,0.026925460622423764,0.07142569565639528,0.023569597011663286,0.03028800194136005,0.08550829036600892,365,0.07040540540540541,7400
58,frobenius,305,100,0.01009167532547243,0.016825946768683674,0.06076915335924963,0.015086967610001521,0.028413959683255576,0.19748417658131498,0.02365497109464982,0.031228029098092438,0.06172973351635338,0.02421151189475194,0.03171773869360726,0.19748417658131498,316,0.14067567567567568,7400
58,bures_wasserstein,305,100,0.009625127162161755,0.017250060905022735,0.06076915335924963,0.010483768270736316,0.018516283082040737,0.061985081936785105,0.02421726891011497,0.031747576647248574,0.07119417110971937,0.02593601609480424,0.032480733400977464,0.08550829036600892,306,0.14108108108108108,7400
59,frobenius,318,100,0.009744124476131601,0.016127476454637038,0.054305800795126834,0.013619141056424651,0.025130861007460474,0.19748417658131498,0.0233760473770857,0.030172218492347445,0.06172973351635338,0.023911672237281887,0.030667776109517982,0.19748417658131498,322,0.1065625,6400
59,bures_wasserstein,318,100,0.01004200278077904,0.01760551113816062,0.07345379500066691,0.010627399131973699,0.01825570489188229,0.055052548981753026,0.023321299231543642,0.02992563896038738,0.06790699522140559,0.02535173183432428,0.031249856728323276,0.08594445178532838,327,0.0946875,6400
60,frobenius,250,100,0.0054816651309685235,0.011275218959643507,0.035310196827545444,0.007796358235160848,0.017305851056989,0.073725234916584,0.020236099784582347,0.02668510276769038,0.06172973351635338,0.02161836907868231,0.028660061110910105,0.09907539431582643,364,0.059444444444444446,7200
60,bures_wasserstein,250,100,0.006001798339533098,0.013218904014607189,0.054305800795126834,0.0061347515732971284,0.01316196720505755,0.04573123184742796,0.01970008752996285,0.02630156493548484,0.06888446849617115,0.02293999324028317,0.02935241874991321,0.07533329782879326,393,0.059444444444444446,7200
61,frobenius,306,100,0.010339077619681674,0.017308307037156828,0.05076386510107361,0.014501120876975237,0.027287488832264863,0.19748417658131498,0.022737230035712937,0.03014247015495248,0.06172973351635338,0.0225399929084167,0.029288367640896602,0.19748417658131498,322,0.11464788732394367,7100
61,bures_wasserstein,306,100,0.011108877054586007,0.019348796239454173,0.06076915335924963,0.01175947645245882,0.02005683983734535,0.054962425073077414,0.024335390610309288,0.031079732628863398,0.07239647781487718,0.026391636110693437,0.03228848193117428,0.0702622208346512,307,0.11971830985915492,7100
62,frobenius,300,100,0.008097523305000595,0.014371544887735715,0.05076386510107362,0.011724073727396717,0.022659946050076155,0.10472584008723237,0.021441105526494506,0.02832169662996835,0.06172973351635338,0.021522015286633868,0.028067489094265506,0.11642079035505558,352,0.08301369863013698,7300
62,bures_wasserstein,300,100,0.008993901090657931,0.016254042355944194,0.054305800795126855,0.009569003123239064,0.016991216976210866,0.054041235189232914,0.021506311626055923,0.027683853832399637,0.06341994954271091,0.024858139631285928,0.030612404517480228,0.08550829036600892,369,0.07835616438356165,7300
63,frobenius,296,100,0.008341271093337488,0.01460770076466841,0.06076915335924963,0.012218231529245595,0.024411454508884763,0.19748417658131498,0.02254889168597794,0.029822540015191395,0.06172973351635338,0.02367879007388826,0.030725286192513728,0.19748417658131498,315,0.11802816901408451,7100
63,bures_wasserstein,296,100,0.009447694794231423,0.01696215869475955,0.06076915335924963,0.010155872726223257,0.017913555002610132,0.054962425073077414,0.023958142140250237,0.030860292551075603,0.07434742766229376,0.02581864812427129,0.031813415628197644,0.07976433312505699,319,0.09788732394366197,7100
64,frobenius,265,100,0.009301600602253166,0.015563253808569337,0.04055527092746393,0.014200795959602802,0.027287856557623877,0.19748417658131498,0.02254161998070077,0.029905674781334483,0.06172973351635338,0.023195877802856858,0.03034100000697582,0.19748417658131498,320,0.10952380952380952,6300
64,bures_wasserstein,265,100,0.009213627544141345,0.01640024475193012,0.06172973351635338,0.010154248955769635,0.01804880726475452,0.050863559813029334,0.023826078430827062,0.030677451726706474,0.06440403714053958,0.025854047104980436,0.031960161675624675,0.07472393132208738,332,0.10571428571428572,6300
65,frobenius,265,100,0.007248213941038014,0.013496168992154365,0.04959606839256514,0.011118288231935202,0.02459440981092067,0.19748417658131498,0.022042036456968523,0.029314149224168022,0.06172973351635338,0.023020131226935366,0.0301386244805017,0.19748417658131498,330,0.08855263157894737,7600
65,bures_wasserstein,265,100,0.008619938335743106,0.016477710937702457,0.054305800795126875,0.00899152565713962,0.016886126684603153,0.054962425073077414,0.022413683827703364,0.029746184894695677,0.06888446849617118,0.025327378433936985,0.0320938506618481,0.08550829036600892,331,0.1013157894736842,7600
66,frobenius,348,100,0.010624859193132807,0.016995177915692994,0.06076915335924961,0.01635814755107658,0.029243681966402976,0.19748417658131498,0.023692540126674856,0.03080120083437411,0.06172973351635338,0.02498243434839324,0.03200290242728897,0.19748417658131498,336,0.12308641975308642,8100
66,bures_wasserstein,348,100,0.01067003607158965,0.018753408626717535,0.09377243731502347,0.011695811980187503,0.02000147815163368,0.07411822568067922,0.025683054276755626,0.03277601784352304,0.08909837260017718,0.028124165913723832,0.03387646501813336,0.08933986710303256,326,0.1028395061728395,8100
67,frobenius,282,100,0.007124440999868312,0.013227046549882816,0.040650092250817824,0.009948316297580702,0.020067778088727443,0.073725234916584,0.021752170149567523,0.028551200335974584,0.06172973351635338,0.022920647346716595,0.029772566791466955,0.08606024871664086,348,0.08453125,6400
67,bures_wasserstein,282,100,0.008354415972577947,0.015775466641557306,0.054305800795126875,0.008561367148708443,0.016092606528746726,0.05622557993167893,0.0220961106671189,0.028691940043110695,0.06888446849617118,0.024923602746645998,0.03102080222739891,0.07976433312505699,354,0.07828125,6400
68,frobenius,280,100,0.008359684703721,0.014366233026196685,0.040741624906230726,0.011765046573646442,0.02373611696040345,0.19748417658131498,0.021092183264667688,0.02808902116486017,0.06172973351635338,0.02175583915729823,0.029023909182308745,0.19748417658131498,352,0.08414285714285714,7000
68,bures_wasserstein,280,100,0.008951098365578695,0.016079178637380634,0.06172973351635337,0.009289977693256143,0.016602361010029498,0.05774133459479426,0.021421704485264027,0.028229458296507318,0.06318077239160662,0.024458670374151264,0.031071703775144538,0.08492964435635521,359,0.08614285714285715,7000
69,frobenius,252,100,0.00688905686666687,0.013030022580153362,0.035310196827545444,0.009889569218188458,0.022781123464203933,0.19748417658131498,0.020819992444585798,0.028160849744517442,0.06172973351635338,0.02056414202894887,0.027305501067941065,0.19748417658131498,345,0.08972222222222222,7200
69,bures_wasserstein,252,100,0.007213054893873851,0.014464209366610959,0.06172973351635338,0.0072871347341327995,0.014498019835372293,0.0497374672385771,0.02028381632395806,0.02737588522160737,0.06440403714053958,0.02241465760848638,0.02867896418066647,0.08550829036600892,345,0.07444444444444444,7200
70,frobenius,286,100,0.007515696842298327,0.014155835945290804,0.034878216697532015,0.01048304693180289,0.022612470237029107,0.19748417658131498,0.02166164337589024,0.028266741601557042,0.06172973351635338,0.022506176876484,0.029068849353094332,0.19748417658131498,368,0.08038461538461539,7800
70,bures_wasserstein,286,100,0.008284314827791569,0.01652130134657002,0.06659331798311298,0.008707155275075621,0.01698805499093771,0.058072581803306336,0.020884848628508795,0.027511114863371138,0.06229614755344026,0.023930755806135812,0.030202091594474897,0.08550829036600892,358,0.09153846153846154,7800
71,frobenius,320,100,0.010049075626073507,0.016627979749939542,0.05896448083380367,0.014478987491664359,0.02746478189434786,0.19748417658131498,0.023733852800293793,0.03131274037388237,0.06172973351635338,0.02394230346576706,0.030973348173372033,0.19748417658131498,322,0.1326388888888889,7200
71,bures_wasserstein,320,100,0.01242904151448368,0.02140442493170556,0.06440403714053952,0.012980112163268876,0.02177142662955131,0.06834548403105696,0.025790996910883244,0.03249372789905335,0.07504725178179411,0.02908404025650109,0.03508868006902856,0.08933986710303256,337,0.13361111111111112,7200
72,frobenius,283,100,0.01001962227582258,0.01680204885057806,0.05042895993375234,0.014159497602897279,0.02646979926556906,0.19748417658131498,0.022111023152411837,0.029078274612014364,0.06172973351635338,0.02192531455548791,0.02835944426508329,0.19748417658131498,330,0.10176470588235294,6800
72,bures_wasserstein,283,100,0.009438259028873226,0.01708221937836401,0.05861279723746342,0.010252403911904672,0.018294308515742347,0.05267812019846469,0.023465648125712085,0.03018340745002246,0.06885644486901717,0.024811359033986742,0.030615024075895766,0.0736020127082976,311,0.1125,6800
73,frobenius,253,100,0.0067770551580021415,0.013398137004373782,0.03989774429714041,0.009672239233505188,0.02089613971003399,0.09777618834185971,0.020190231801143984,0.027807827390486126,0.06172973351635338,0.020695172679728813,0.027645771187736697,0.09777618834185971,327,0.08402985074626866,6700
73,bures_wasserstein,253,100,0.008776067388110946,0.016590937375794014,0.054305800795126875,0.009278867318899745,0.01720189555061411,0.04754221851778054,0.021986596103638206,0.028639491782365755,0.07434742766229374,0.023961484743986978,0.029499348126711906,0.08550829036600892,330,0.08597014925373134,6700
74,frobenius,310,100,0.008715700826130325,0.015395984253233951,0.06076915335924961,0.012457442645764058,0.023459671004819327,0.10472584008723237,0.023226384126246214,0.029811688695789956,0.06172973351635338,0.024980552380437723,0.031947710629259364,0.10472584008723237,344,0.09210526315789473,7600
74,bures_wasserstein,310,100,0.01075025246022817,0.018941674856189878,0.06076915335924963,0.011277207079317121,0.0194986262037484,0.05781132155152938,0.023676309193472363,0.030338589765302605,0.06888446849617115,0.0269236849750615,0.03300664939126236,0.0735771792276698,337,0.09776315789473684,7600
75,frobenius,250,100,0.00688413294820508,0.013548641366887685,0.06076915335924961,0.009684619502745916,0.0220445984743302,0.19748417658131498,0.01977999411748688,0.027214144533432114,0.06172973351635338,0.01931931810005875,0.026145424562073093,0.19748417658131498,329,0.06194029850746269,6700
75,bures_wasserstein,250,100,0.00747301764174529,0.015214955874421607,0.054305800795126875,0.007478808979304162,0.015045456408724494,0.051105166869843136,0.018788596349749703,0.026264698258819486,0.07999662492880562,0.020420498262966515,0.027023900776681816,0.08550829036600892,331,0.06492537313432836,6700
76,frobenius,294,100,0.009094800864076165,0.014774821402993259,0.050763865101073634,0.01353386037454348,0.025648582217915366,0.19748417658131498,0.02238568711881789,0.02866173664090663,0.06172973351635338,0.0233245849921274,0.02971689433965608,0.19748417658131498,346,0.07363636363636364,5500
76,bures_wasserstein,294,100,0.009502153035754761,0.016371954313119986,0.05526572174503829,0.010151450266415953,0.0172384321045484,0.04999372018569033,0.022494229075261756,0.0286123608062855,0.06440403714053958,0.02486574890786651,0.030460829007729312,0.08492964435635521,361,0.07872727272727273,5500
77,frobenius,284,100,0.008332774201341583,0.014651102599128317,0.050942811072809895,0.012758655712991708,0.025671089541223806,0.19748417658131498,0.022889388277959045,0.029309290624698517,0.06172973351635338,0.02392377942422828,0.030386645014435103,0.19748417658131498,335,0.09938461538461539,6500
77,bures_wasserstein,284,100,0.008854750292106613,0.01634543000587785,0.054305800795126834,0.009626938924466704,0.017398084371908946,0.051802241626995114,0.022953169601575663,0.029582217891574242,0.07120681147193715,0.026323230139806485,0.03238172826074147,0.08306443965872455,348,0.09353846153846154,6500
78,frobenius,268,100,0.007088781659063107,0.013699801333410774,0.05076386510107361,0.0106830842798421,0.02382749908882228,0.19748417658131498,0.020379107311552506,0.028146455397981454,0.06172973351635338,0.020672634566435293,0.028497550918214924,0.19748417658131498,340,0.07058823529411765,6800
78,bures_wasserstein,268,100,0.009107204322322896,0.017426038112013455,0.06172973351635338,0.009470500562888997,0.017637089313749642,0.0490044938576881,0.022797236949015053,0.02945931374245558,0.06172973351635338,0.025801283182183454,0.03193983850228788,0.08492964435635521,357,0.08352941176470588,6800
79,frobenius,269,100,0.00915651249364664,0.016028850691399543,0.04832235507505816,0.013227332735673903,0.02688717956777447,0.19748417658131498,0.022466456263145827,0.030033977893794712,0.06172973351635338,0.02291919224198737,0.030075329698907253,0.19748417658131498,326,0.121875,6400
79,bures_wasserstein,269,100,0.010769233535145728,0.01995054502500801,0.06440403714053958,0.010941527693597963,0.019851571545752886,0.056507903290771426,0.02409693639649626,0.03130435927111353,0.07340367838194486,0.026546592787245023,0.03287551150950173,0.0735771792276698,331,0.10640625,6400
80,frobenius,281,100,0.007891773986911212,0.013408933228781452,0.039897744297140394,0.011787297330576051,0.023832636774528286,0.19748417658131498,0.021015436713205438,0.0278118797002104,0.06172973351635338,0.02196753601673933,0.02852208936843121,0.19748417658131498,316,0.07721311475409837,6100
80,bures_wasserstein,281,100,0.0074277007870609,0.013361604620390273,0.04930415803966229,0.008114900972471074,0.014684026157817501,0.05565820926558023,0.021635396263497638,0.028124774709479494,0.08231111711063092,0.023300253377826846,0.02883624829053441,0.06679749098738173,333,0.08098360655737705,6100
81,frobenius,225,100,0.006443268222163589,0.012919569145444234,0.03989774429714041,0.009699836412516758,0.02136611528934059,0.09777618834185971,0.020594781828624092,0.02778442723301359,0.06172973351635338,0.02094877969832625,0.027496907889973363,0.09777618834185971,317,0.084,6000
81,bures_wasserstein,225,100,0.007784745376290996,0.016456990748128463,0.060769153359249636,0.007964420607599604,0.016483127017926057,0.05186691844705022,0.022363928929839873,0.029605154900230152,0.08907777500589023,0.024346760251881178,0.03045671638292051,0.08550829036600892,324,0.071,6000
82,frobenius,370,100,0.010838567569974502,0.01687384306286345,0.05076386510107361,0.015318053856633134,0.027463424586300588,0.19748417658131498,0.022163399014547922,0.029097571229752834,0.06172973351635338,0.022332546849462113,0.028784563458509535,0.19748417658131498,328,0.11514705882352941,6800
82,bures_wasserstein,370,100,0.012056509048558851,0.01928791128502852,0.06172973351635338,0.012806276041197297,0.020103088402179208,0.05422500888222959,0.02436548903775553,0.030768427978921403,0.08264278552904666,0.026110982440578516,0.031554175414280045,0.08550829036600892,329,0.11323529411764706,6800
83,frobenius,258,100,0.007864916390230983,0.014455988939697247,0.051217575108550385,0.011533478331683068,0.02450746235624895,0.19748417658131498,0.021212522171406577,0.0284302351326353,0.06172973351635338,0.02223625766356733,0.03014015011335436,0.19748417658131498,333,0.09454545454545454,6600
83,bures_wasserstein,258,100,0.009989501825441558,0.017475345682082182,0.05830574585750532,0.010324394055912036,0.01798557288415814,0.04839504428472098,0.02369384305363489,0.03023935024153558,0.06888446849617118,0.026935390528399297,0.03317518544966994,0.08742739640671283,358,0.09363636363636364,6600
84,frobenius,279,100,0.0077423105367346,0.013989927105362444,0.03500642798115797,0.011545496297405469,0.024498087281245556,0.19748417658131498,0.022872629654950162,0.03008465313985552,0.06172973351635338,0.02365992398261189,0.03126436106107855,0.19748417658131498,365,0.10833333333333334,6600
84,bures_wasserstein,279,100,0.008797405360448653,0.01622203157517804,0.054305800795126834,0.009246855750310966,0.017008897000592934,0.06217389174772501,0.02356850244591277,0.03007264583093233,0.08243749147081078,0.026899138289536884,0.03310244786814651,0.09122240145530545,360,0.08378787878787879,6600
85,frobenius,277,100,0.008683840060893615,0.015361944910488416,0.05076386510107361,0.01247801088755588,0.025761266655157884,0.19748417658131498,0.023428145204521494,0.030583652910534827,0.06172973351635338,0.023693699467460916,0.030441738445528305,0.19748417658131498,340,0.13788732394366196,7100
85,bures_wasserstein,277,100,0.010597373213990527,0.01859729500757552,0.0633334824559648,0.010988502463038976,0.018857499982267815,0.052181974088281874,0.024433279116175568,0.030750686354414247,0.07434742766229374,0.026406057601518623,0.03172449705573801,0.08306443965872455,337,0.12647887323943663,7100
86,frobenius,215,100,0.0059803141629564465,0.011941505847453326,0.03384257673404907,0.008666947552162282,0.01853681267408902,0.07232099345029265,0.02057715275134518,0.028339168079843064,0.06172973351635338,0.021106902923617922,0.02860471892240578,0.08664780227177926,324,0.08372881355932203,5900
86,bures_wasserstein,215,100,0.006341297658654153,0.013441318671136689,0.06172973351635337,0.006693078570138308,0.014006406064326059,0.05150555454097039,0.02003957467729596,0.027724488257720965,0.07264000275330393,0.022176132364336406,0.029175587533041388,0.08550829036600892,341,0.0923728813559322,5900
87,frobenius,265,100,0.008242225641267637,0.014862798756803708,0.06076915335924963,0.011855154650611946,0.024318469011361848,0.19748417658131498,0.023636012806928442,0.030419277718628283,0.06172973351635338,0.024834450808321622,0.031760037154801496,0.19748417658131498,338,0.11953846153846154,6500
87,bures_wasserstein,265,100,0.008269456948432157,0.015769643487970962,0.06360833278745798,0.00861682585110775,0.01597930388924563,0.054855671578298376,0.022763374716483695,0.02929742894994162,0.07969422814733826,0.025081288971814344,0.031144659145188852,0.08066738767529189,328,0.0983076923076923,6500
88,frobenius,300,100,0.00905869994023586,0.016042433884280373,0.05656014497859778,0.01229287899289505,0.022788453068919245,0.09777618834185971,0.021867329920131778,0.028980927680644166,0.06172973351635338,0.022490138256706406,0.029669546385329225,0.10472584008723237,345,0.1064102564102564,7800
88,bures_wasserstein,300,100,0.010347135159479857,0.017971378690985144,0.054305800795126875,0.011111571484579865,0.01916680243823733,0.0516152107595321,0.02331865384823702,0.029778649725720186,0.06440403714053958,0.02582110361077417,0.031538747192317834,0.07533329782879326,357,0.10628205128205129,7800
89,frobenius,265,100,0.007928486279857613,0.014623737733331931,0.039463527465243106,0.011166835516603454,0.02348760864814677,0.19748417658131498,0.021182069833208642,0.027981164225752586,0.06172973351635338,0.022326855815063055,0.029471821475289144,0.19748417658131498,325,0.08942857142857143,7000
89,bures_wasserstein,265,100,0.008259121960951115,0.015842917210888686,0.054305800795126875,0.00868394404076775,0.016539749394226592,0.05096982292132959,0.020613658525328562,0.02774804955822438,0.07194115651002561,0.02348741966145909,0.030123687657357182,0.07941676315787859,342,0.084,7000
90,frobenius,349,100,0.00984703063913101,0.016208831461012214,0.04396953490770625,0.013710522811693302,0.023859009224472198,0.08550829036600892,0.02317340116831602,0.029887610431971297,0.06172973351635338,0.023812860473550992,0.030523902804786934,0.11847880435661907,323,0.1212,7500
90,bures_wasserstein,349,100,0.010694152855161218,0.01830187827193169,0.06172973351635338,0.011689743030416618,0.019674457871220706,0.050863559813029334,0.02385664448324236,0.03050019444746668,0.07434742766229376,0.026165729352721198,0.03191106513411385,0.0702622208346512,336,0.12026666666666666,7500
91,frobenius,223,100,0.005606752694594421,0.01171604176652348,0.04539074795594362,0.00885195375091373,0.021616129670326962,0.19748417658131498,0.021245478194073034,0.028199400967491187,0.06172973351635338,0.02228294139399853,0.029572133183220814,0.19748417658131498,353,0.06402985074626866,6700
91,bures_wasserstein,223,100,0.006492187731350641,0.013894603268895446,0.06163456822271087,0.006748575576754335,0.014227069198297148,0.05405568298635,0.02056507125375543,0.02794172664778732,0.06888446849617115,0.02367950028005645,0.030771636038341203,0.08594445178532838,345,0.07985074626865672,6700
92,frobenius,314,100,0.010063667575341603,0.016762873608779958,0.04959606839256518,0.014608081446456093,0.02774025108030298,0.19748417658131498,0.022683222176321648,0.029263818957886566,0.06172973351635338,0.02317703194293242,0.029871915162775414,0.19748417658131498,349,0.09547945205479452,7300
92,bures_wasserstein,314,100,0.010739645971835217,0.01844730000549884,0.057941004478693665,0.0113509539726819,0.019292282573103194,0.054041235189232914,0.022316935436377444,0.02903885608996424,0.06888446849617115,0.02526737168766181,0.031457352789537055,0.08550829036600892,355,0.09424657534246575,7300
93,frobenius,318,100,0.010119507815990893,0.01654283826603565,0.05896448083380367,0.014527949629339346,0.02723065361986396,0.19748417658131498,0.023039833277531754,0.03043379847708038,0.06172973351635338,0.02347789001620882,0.03052893864080495,0.19748417658131498,361,0.11961538461538461,7800
93,bures_wasserstein,318,100,0.012717330196305849,0.020642168403768466,0.06626801641817873,0.013477290047015207,0.021518439199572813,0.058193210171891434,0.025246948969824233,0.03160271862291159,0.06440403714053958,0.028325456601457546,0.03379264554366007,0.08550829036600892,373,0.12102564102564102,7800
94,frobenius,246,100,0.007712503896441491,0.014265477014788516,0.039897744297140394,0.011309701257812737,0.024124778293915298,0.19748417658131498,0.01994766692110952,0.027298448759727548,0.06172973351635338,0.01950662696637153,0.026315677485050447,0.19748417658131498,320,0.09015625,6400
94,bures_wasserstein,246,100,0.007810399163316414,0.015216029954214982,0.060769153359249636,0.008160694262620715,0.015764513823032556,0.06095783314018339,0.02210249697860929,0.028843695693339402,0.08490865680247216,0.02314793664420752,0.029001606707827927,0.08550829036600892,325,0.09859375,6400
95,frobenius,282,100,0.009475197175411258,0.015929195061871425,0.060769153359249636,0.014432275956595927,0.027064179720585165,0.19748417658131498,0.023883247818779613,0.030685420141016898,0.06172973351635338,0.024755181601992048,0.03097441783668844,0.19748417658131498,324,0.10892307692307693,6500
95,bures_wasserstein,282,100,0.009931552656745809,0.018265861658505453,0.07434742766229374,0.010666141723181734,0.0189081848849247,0.05951367132790613,0.025970464752251537,0.03252758803042237,0.08826239289754159,0.028439326574580377,0.03382242517497306,0.07639472238629155,322,0.10646153846153845,6500
96,frobenius,230,100,0.008216636924959062,0.014125699753234128,0.04074162490623071,0.012580848515728367,0.024642140122019277,0.19748417658131498,0.023361068812308493,0.02948947386592133,0.06172973351635338,0.02424224026709417,0.030133376951541915,0.19748417658131498,330,0.09222222222222222,4500
96,bures_wasserstein,230,100,0.007960278664187491,0.014363610624950302,0.06076915335924958,0.009020838703785746,0.016029478710207927,0.0516152107595321,0.021371735710234315,0.028028034219727094,0.06440403714053958,0.02329754944230013,0.028953763936482767,0.0736020127082976,333,0.08844444444444445,4500
97,frobenius,245,100,0.005195705029776636,0.011217690248030923,0.034878216697532015,0.007267637697547922,0.016998317472525375,0.073725234916584,0.0201388330969314,0.02707907656291062,0.06172973351635338,0.02165091877965459,0.029045104331363536,0.10472584008723237,386,0.058125,6400
97,bures_wasserstein,245,100,0.0059040364780015425,0.012919946712021482,0.045390747955943625,0.006037489950457773,0.013084378981970473,0.040767201211773095,0.019873230281447486,0.026544764049384013,0.06333348245596479,0.02325773647737854,0.029829737842872402,0.08306443965872455,389,0.06890625,6400
98,frobenius,271,100,0.0086770511395764,0.014891413955413184,0.03989774429714041,0.01307273034257744,0.026056273409671822,0.19748417658131498,0.022522460975160242,0.029730578778693072,0.06172973351635338,0.02321869106066819,0.030351884790362157,0.19748417658131498,327,0.13,6200
98,bures_wasserstein,271,100,0.00979295276380242,0.018301476223834538,0.06076915335924963,0.010344381028135494,0.01876276151687002,0.062179907315379236,0.023720534656622345,0.030747822451091124,0.07682271799409338,0.026003940716589992,0.032160094788380104,0.07732817567308506,308,0.10258064516129033,6200
99,frobenius,309,100,0.008997233173411329,0.015681487628474627,0.054305800795126834,0.013103873421654496,0.02447026642465298,0.09777618834185971,0.02203454691644167,0.02928873822550341,0.06172973351635338,0.02294529775036491,0.030243809762651237,0.10472584008723237,336,0.10947368421052632,7600
99,bures_wasserstein,309,100,0.009355329618274424,0.01741643349747317,0.060769153359249636,0.010164296726484666,0.01842280235436517,0.0516152107595321,0.022685748123874454,0.030232121489184284,0.06743767493026433,0.024604843808976526,0.031168390243094892,0.08306443965872455,338,0.10842105263157895,7600
