model,group,median_first_passage,q3_first_passage,mean_not_reached_fraction,minimum_not_reached_fraction,maximum_not_reached_fraction,not_reached_tolerance,thresholds,minimum_threshold,maximum_threshold
10,1,1.0,1.0,0.0,0.0,0.0,0.02,"1,2,3",1,3
10,2,1.0,1.0,0.02857142857142858,0.02857142857142858,0.02857142857142858,0.02,"4,5",4,5
10,3,1.0,2.0,0.02857142857142858,0.02857142857142858,0.02857142857142858,0.02,6,6,6
10,4,2.0,2.0,0.05714285714285716,0.05714285714285716,0.05714285714285716,0.02,"7,8,9",7,9
10,5,2.0,3.0,0.09999999999999998,0.09999999999999998,0.09999999999999998,0.02,10,10,10
10,6,3.0,3.0,0.09999999999999998,0.09999999999999998,0.09999999999999998,0.02,"11,12",11,12
10,7,3.0,4.0,0.1428571428571429,0.1428571428571429,0.1428571428571429,0.02,"13,14",13,14
10,8,4.0,4.5,0.15714285714285714,0.15714285714285714,0.15714285714285714,0.02,15,15,15
10,9,4.0,5.0,0.18571428571428572,0.18571428571428572,0.18571428571428572,0.02,16,16,16
10,10,4.0,6.0,0.2142857142857143,0.2142857142857143,0.2142857142857143,0.02,17,17,17
10,11,5.0,6.0,0.27142857142857146,0.27142857142857146,0.27142857142857146,0.02,18,18,18
10,12,nie,nie,1.0,1.0,1.0,0.02,19,19,19
11,1,1.0,1.0,0.0,0.0,0.0,0.02,"1,2,3",1,3
11,2,1.0,1.0,0.02083333333333337,0.02083333333333337,0.02083333333333337,0.02,"4,5",4,5
11,3,2.0,2.0,0.02083333333333337,0.02083333333333337,0.02083333333333337,0.02,6,6,6
11,4,2.0,2.0,0.04166666666666663,0.04166666666666663,0.04166666666666663,0.02,"7,8",7,8
11,5,2.0,2.75,0.04166666666666663,0.04166666666666663,0.04166666666666663,0.02,9,9,9
11,6,2.0,3.0,0.0625,0.0625,0.0625,0.02,10,10,10
11,7,3.0,3.0,0.0625,0.0625,0.0625,0.02,"11,12",11,12
11,8,3.0,4.0,0.08333333333333337,0.08333333333333337,0.08333333333333337,0.02,13,13,13
11,9,4.0,4.0,0.08333333333333337,0.08333333333333337,0.08333333333333337,0.02,14,14,14
11,10,4.0,4.5,0.10416666666666663,0.10416666666666663,0.10416666666666663,0.02,15,15,15
11,11,4.0,5.0,0.14583333333333337,0.14583333333333337,0.14583333333333337,0.02,16,16,16
11,12,5.0,5.0,0.16666666666666663,0.16666666666666663,0.16666666666666663,0.02,17,17,17
11,13,5.0,6.0,0.20833333333333337,0.20833333333333337,0.20833333333333337,0.02,18,18,18
11,14,nie,nie,1.0,1.0,1.0,0.02,19,19,19
12,1,1.0,1.0,0.005333333333333324,0.0,0.013333333333333308,0.02,"1,2,3,4,5",1,5
12,2,2.0,2.0,0.02333333333333329,0.013333333333333308,0.026666666666666616,0.02,"6,7,8,9",6,9
12,3,2.0,3.0,0.040000000000000036,0.040000000000000036,0.040000000000000036,0.02,10,10,10
12,4,3.0,3.0,0.040000000000000036,0.040000000000000036,0.040000000000000036,0.02,"11,12",11,12
12,5,3.0,4.0,0.053333333333333344,0.053333333333333344,0.053333333333333344,0.02,13,13,13
12,6,4.0,4.0,0.053333333333333344,0.053333333333333344,0.053333333333333344,0.02,14,14,14
12,7,4.0,5.0,0.053333333333333344,0.053333333333333344,0.053333333333333344,0.02,15,15,15
12,8,5.0,5.0,0.09333333333333338,0.09333333333333338,0.09333333333333338,0.02,16,16,16
12,9,5.0,6.0,0.10666666666666669,0.10666666666666669,0.10666666666666669,0.02,17,17,17
12,10,6.0,7.0,0.1466666666666666,0.1466666666666666,0.1466666666666666,0.02,18,18,18
12,11,nie,nie,1.0,1.0,1.0,0.02,19,19,19
13,1,1.0,1.0,0.005555555555555536,0.0,0.01388888888888884,0.02,"1,2,3,4,5",1,5
13,2,1.0,2.0,0.01388888888888884,0.01388888888888884,0.01388888888888884,0.02,6,6,6
13,3,2.0,2.0,0.04166666666666663,0.04166666666666663,0.04166666666666663,0.02,"7,8,9",7,9
13,4,2.0,3.0,0.06944444444444442,0.06944444444444442,0.06944444444444442,0.02,10,10,10
13,5,3.0,3.0,0.06944444444444442,0.06944444444444442,0.06944444444444442,0.02,"11,12",11,12
13,6,3.0,4.0,0.11111111111111116,0.11111111111111116,0.11111111111111116,0.02,13,13,13
13,7,4.0,4.0,0.11111111111111116,0.11111111111111116,0.11111111111111116,0.02,14,14,14
13,8,4.0,5.0,0.125,0.125,0.125,0.02,15,15,15
13,9,5.0,5.0,0.16666666666666663,0.16666666666666663,0.16666666666666663,0.02,16,16,16
13,10,5.0,6.0,0.18055555555555558,0.18055555555555558,0.18055555555555558,0.02,17,17,17
13,11,6.0,7.0,0.20833333333333337,0.20833333333333337,0.20833333333333337,0.02,18,18,18
13,12,nie,nie,1.0,1.0,1.0,0.02,19,19,19
14,1,1.0,1.0,0.0,0.0,0.0,0.02,"1,2,3",1,3
14,2,1.0,1.0,0.027027027027026973,0.027027027027026973,0.027027027027026973,0.02,"4,5",4,5
14,3,2.0,2.0,0.03716216216216217,0.027027027027026973,0.04054054054054057,0.02,"6,7,8,9",6,9
14,4,2.0,3.0,0.06756756756756754,0.06756756756756754,0.06756756756756754,0.02,10,10,10
14,5,3.0,3.0,0.06756756756756754,0.06756756756756754,0.06756756756756754,0.02,"11,12",11,12
14,6,3.0,4.0,0.09459459459459463,0.09459459459459463,0.09459459459459463,0.02,13,13,13
14,7,4.0,4.0,0.09459459459459463,0.09459459459459463,0.09459459459459463,0.02,14,14,14
14,8,4.0,5.0,0.10810810810810811,0.10810810810810811,0.10810810810810811,0.02,15,15,15
14,9,5.0,6.0,0.1216216216216216,0.1216216216216216,0.1216216216216216,0.02,16,16,16
14,10,6.0,6.0,0.1351351351351351,0.1351351351351351,0.1351351351351351,0.02,17,17,17
14,11,6.0,7.0,0.17567567567567566,0.17567567567567566,0.17567567567567566,0.02,18,18,18
14,12,nie,nie,1.0,1.0,1.0,0.02,19,19,19
15,1,1.0,1.0,0.0,0.0,0.0,0.02,"1,2,3",1,3
15,2,1.0,1.0,0.031746031746031744,0.031746031746031744,0.031746031746031744,0.02,"4,5",4,5
15,3,2.0,2.0,0.031746031746031744,0.031746031746031744,0.031746031746031744,0.02,6,6,6
15,4,2.0,2.0,0.06349206349206349,0.06349206349206349,0.06349206349206349,0.02,"7,8,9",7,9
15,5,2.0,3.0,0.11111111111111116,0.11111111111111116,0.11111111111111116,0.02,10,10,10
15,6,3.0,3.0,0.11111111111111116,0.11111111111111116,0.11111111111111116,0.02,"11,12",11,12
15,7,3.0,4.0,0.17460317460317465,0.17460317460317465,0.17460317460317465,0.02,13,13,13
15,8,4.0,4.0,0.17460317460317465,0.17460317460317465,0.17460317460317465,0.02,14,14,14
15,9,4.0,5.0,0.17460317460317465,0.17460317460317465,0.17460317460317465,0.02,15,15,15
15,10,5.0,5.25,0.23809523809523814,0.23809523809523814,0.23809523809523814,0.02,16,16,16
15,11,6.0,6.0,0.2698412698412699,0.2698412698412699,0.2698412698412699,0.02,17,17,17
15,12,7.0,7.0,0.33333333333333337,0.33333333333333337,0.33333333333333337,0.02,18,18,18
15,13,nie,nie,1.0,1.0,1.0,0.02,19,19,19
16,1,1.0,1.0,0.0,0.0,0.0,0.02,"1,2,3",1,3
16,2,1.0,1.0,0.026666666666666616,0.026666666666666616,0.026666666666666616,0.02,"4,5",4,5
16,3,2.0,2.0,0.026666666666666616,0.026666666666666616,0.026666666666666616,0.02,6,6,6
16,4,2.0,2.0,0.053333333333333344,0.053333333333333344,0.053333333333333344,0.02,"7,8,9",7,9
16,5,2.0,3.0,0.07999999999999996,0.07999999999999996,0.07999999999999996,0.02,10,10,10
16,6,3.0,3.0,0.07999999999999996,0.07999999999999996,0.07999999999999996,0.02,"11,12",11,12
16,7,3.0,4.0,0.10666666666666669,0.10666666666666669,0.10666666666666669,0.02,"13,14",13,14
16,8,4.0,4.0,0.10666666666666669,0.10666666666666669,0.10666666666666669,0.02,15,15,15
16,9,4.0,5.0,0.1333333333333333,0.1333333333333333,0.1333333333333333,0.02,16,16,16
16,10,4.5,6.0,0.1466666666666666,0.1466666666666666,0.1466666666666666,0.02,17,17,17
16,11,5.0,6.0,0.17333333333333334,0.17333333333333334,0.17333333333333334,0.02,18,18,18
16,12,nie,nie,1.0,1.0,1.0,0.02,19,19,19
17,1,1.0,1.0,0.0,0.0,0.0,0.02,"1,2,3",1,3
17,2,1.0,1.0,0.02941176470588236,0.02941176470588236,0.02941176470588236,0.02,"4,5",4,5
17,3,1.0,2.0,0.02941176470588236,0.02941176470588236,0.02941176470588236,0.02,6,6,6
17,4,2.0,2.0,0.05882352941176472,0.05882352941176472,0.05882352941176472,0.02,"7,8",7,8
17,5,2.0,2.25,0.05882352941176472,0.05882352941176472,0.05882352941176472,0.02,9,9,9
17,6,2.0,3.0,0.08823529411764708,0.08823529411764708,0.08823529411764708,0.02,10,10,10
17,7,3.0,3.0,0.08823529411764708,0.08823529411764708,0.08823529411764708,0.02,"11,12",11,12
17,8,3.0,4.0,0.11764705882352944,0.11764705882352944,0.11764705882352944,0.02,"13,14",13,14
17,9,4.0,5.0,0.11764705882352944,0.11764705882352944,0.11764705882352944,0.02,15,15,15
17,10,4.0,5.0,0.16176470588235292,0.16176470588235292,0.16176470588235292,0.02,"16,17",16,17
17,11,5.0,6.0,0.19117647058823528,0.19117647058823528,0.19117647058823528,0.02,18,18,18
17,12,nie,nie,1.0,1.0,1.0,0.02,19,19,19
18,1,1.0,1.0,0.005479452054794542,0.0,0.013698630136986356,0.02,"1,2,3,4,5",1,5
18,2,1.0,2.0,0.013698630136986356,0.013698630136986356,0.013698630136986356,0.02,6,6,6
18,3,2.0,2.0,0.04109589041095896,0.04109589041095896,0.04109589041095896,0.02,"7,8,9",7,9
18,4,2.0,3.0,0.06849315068493156,0.06849315068493156,0.06849315068493156,0.02,10,10,10
18,5,3.0,3.0,0.06849315068493156,0.06849315068493156,0.06849315068493156,0.02,"11,12",11,12
18,6,3.0,4.0,0.1095890410958904,0.1095890410958904,0.1095890410958904,0.02,"13,14",13,14
18,7,4.0,4.0,0.1095890410958904,0.1095890410958904,0.1095890410958904,0.02,15,15,15
18,8,4.0,5.0,0.15068493150684936,0.15068493150684936,0.15068493150684936,0.02,16,16,16
18,9,5.0,5.0,0.15068493150684936,0.15068493150684936,0.15068493150684936,0.02,17,17,17
18,10,5.0,6.0,0.17808219178082196,0.17808219178082196,0.17808219178082196,0.02,18,18,18
18,11,nie,nie,1.0,1.0,1.0,0.02,19,19,19
19,1,1.0,1.0,0.0,0.0,0.0,0.02,"1,2,3",1,3
19,2,1.0,1.0,0.02985074626865669,0.02985074626865669,0.02985074626865669,0.02,"4,5",4,5
19,3,2.0,2.0,0.02985074626865669,0.02985074626865669,0.02985074626865669,0.02,6,6,6
19,4,2.0,2.0,0.05970149253731338,0.05970149253731338,0.05970149253731338,0.02,"7,8",7,8
19,5,2.0,3.0,0.05970149253731338,0.05970149253731338,0.05970149253731338,0.02,9,9,9
19,6,2.0,3.0,0.08955223880597019,0.08955223880597019,0.08955223880597019,0.02,10,10,10
19,7,3.0,3.0,0.08955223880597019,0.08955223880597019,0.08955223880597019,0.02,"11,12",11,12
19,8,3.0,4.0,0.11940298507462688,0.11940298507462688,0.11940298507462688,0.02,13,13,13
19,9,4.0,4.0,0.11940298507462688,0.11940298507462688,0.11940298507462688,0.02,14,14,14
19,10,4.0,5.0,0.11940298507462688,0.11940298507462688,0.11940298507462688,0.02,15,15,15
19,11,5.0,5.0,0.16417910447761197,0.16417910447761197,0.16417910447761197,0.02,16,16,16
19,12,5.0,6.0,0.16417910447761197,0.16417910447761197,0.16417910447761197,0.02,17,17,17
19,13,6.0,6.75,0.19402985074626866,0.19402985074626866,0.19402985074626866,0.02,18,18,18
19,14,nie,nie,1.0,1.0,1.0,0.02,19,19,19
20,1,1.0,1.0,0.0,0.0,0.0,0.02,"1,2,3",1,3
20,2,1.0,1.0,0.020408163265306145,0.020408163265306145,0.020408163265306145,0.02,"4,5",4,5
20,3,2.0,2.0,0.020408163265306145,0.020408163265306145,0.020408163265306145,0.02,6,6,6
20,4,2.0,2.0,0.04081632653061229,0.04081632653061229,0.04081632653061229,0.02,"7,8",7,8
20,5,2.0,2.5,0.04081632653061229,0.04081632653061229,0.04081632653061229,0.02,9,9,9
20,6,2.0,3.0,0.061224489795918324,0.061224489795918324,0.061224489795918324,0.02,10,10,10
20,7,3.0,3.0,0.061224489795918324,0.061224489795918324,0.061224489795918324,0.02,"11,12",11,12
20,8,3.0,4.0,0.08163265306122447,0.08163265306122447,0.08163265306122447,0.02,13,13,13
20,9,4.0,4.0,0.08163265306122447,0.08163265306122447,0.08163265306122447,0.02,14,14,14
20,10,4.0,5.0,0.10204081632653061,0.10204081632653061,0.10204081632653061,0.02,15,15,15
20,11,5.0,5.75,0.1428571428571429,0.1428571428571429,0.1428571428571429,0.02,16,16,16
20,12,5.0,6.0,0.1428571428571429,0.1428571428571429,0.1428571428571429,0.02,17,17,17
20,13,6.0,7.0,0.18367346938775508,0.18367346938775508,0.18367346938775508,0.02,18,18,18
20,14,nie,nie,1.0,1.0,1.0,0.02,19,19,19
21,1,1.0,1.0,0.0,0.0,0.0,0.02,"1,2,3",1,3
21,2,1.0,1.0,0.02777777777777779,0.02777777777777779,0.02777777777777779,0.02,"4,5",4,5
21,3,2.0,2.0,0.02777777777777779,0.02777777777777779,0.02777777777777779,0.02,6,6,6
21,4,2.0,2.0,0.05555555555555558,0.05555555555555558,0.05555555555555558,0.02,"7,8,9",7,9
21,5,2.0,3.0,0.09722222222222221,0.09722222222222221,0.09722222222222221,0.02,10,10,10
21,6,3.0,3.0,0.09722222222222221,0.09722222222222221,0.09722222222222221,0.02,"11,12",11,12
21,7,3.0,4.0,0.125,0.125,0.125,0.02,13,13,13
21,8,4.0,4.0,0.125,0.125,0.125,0.02,14,14,14
21,9,4.0,5.0,0.125,0.125,0.125,0.02,15,15,15
21,10,5.0,6.0,0.18055555555555558,0.18055555555555558,0.18055555555555558,0.02,16,16,16
21,11,6.0,6.0,0.20833333333333337,0.20833333333333337,0.20833333333333337,0.02,17,17,17
21,12,7.0,7.0,0.2777777777777778,0.2777777777777778,0.2777777777777778,0.02,18,18,18
21,13,nie,nie,1.0,1.0,1.0,0.02,19,19,19
22,1,1.0,1.0,0.00362318840579709,0.0,0.01449275362318836,0.02,"1,2,3,4",1,4
22,2,1.0,2.0,0.01449275362318836,0.01449275362318836,0.01449275362318836,0.02,5,5,5
22,3,2.0,2.0,0.01449275362318836,0.01449275362318836,0.01449275362318836,0.02,6,6,6
22,4,2.0,2.0,0.04347826086956519,0.04347826086956519,0.04347826086956519,0.02,"7,8",7,8
22,5,2.0,3.0,0.04347826086956519,0.04347826086956519,0.04347826086956519,0.02,9,9,9
22,6,3.0,3.0,0.07246376811594202,0.07246376811594202,0.07246376811594202,0.02,"10,11",10,11
22,7,3.0,4.0,0.07246376811594202,0.07246376811594202,0.07246376811594202,0.02,12,12,12
22,8,4.0,4.0,0.13043478260869568,0.13043478260869568,0.13043478260869568,0.02,13,13,13
22,9,4.0,5.0,0.13043478260869568,0.13043478260869568,0.13043478260869568,0.02,14,14,14
22,10,5.0,5.0,0.14492753623188404,0.14492753623188404,0.14492753623188404,0.02,15,15,15
22,11,5.0,6.0,0.18840579710144922,0.18840579710144922,0.18840579710144922,0.02,16,16,16
22,12,6.0,7.0,0.21739130434782605,0.21739130434782605,0.21739130434782605,0.02,17,17,17
22,13,7.0,8.0,0.2753623188405797,0.2753623188405797,0.2753623188405797,0.02,18,18,18
22,14,nie,nie,1.0,1.0,1.0,0.02,19,19,19
23,1,1.0,1.0,0.0,0.0,0.0,0.02,"1,2,3",1,3
23,2,1.0,1.0,0.0273972602739726,0.0273972602739726,0.0273972602739726,0.02,"4,5",4,5
23,3,2.0,2.0,0.0273972602739726,0.0273972602739726,0.0273972602739726,0.02,6,6,6
23,4,2.0,2.0,0.0547945205479452,0.0547945205479452,0.0547945205479452,0.02,"7,8",7,8
23,5,2.0,3.0,0.0547945205479452,0.0547945205479452,0.0547945205479452,0.02,9,9,9
23,6,2.0,3.0,0.0821917808219178,0.0821917808219178,0.0821917808219178,0.02,10,10,10
23,7,3.0,3.0,0.0821917808219178,0.0821917808219178,0.0821917808219178,0.02,11,11,11
23,8,3.0,3.5,0.0821917808219178,0.0821917808219178,0.0821917808219178,0.02,12,12,12
23,9,3.0,4.0,0.12328767123287676,0.12328767123287676,0.12328767123287676,0.02,13,13,13
23,10,4.0,4.0,0.12328767123287676,0.12328767123287676,0.12328767123287676,0.02,14,14,14
23,11,4.0,5.0,0.136986301369863,0.136986301369863,0.136986301369863,0.02,15,15,15
23,12,4.0,5.0,0.1917808219178082,0.1917808219178082,0.1917808219178082,0.02,16,16,16
23,13,5.0,6.0,0.1917808219178082,0.1917808219178082,0.1917808219178082,0.02,17,17,17
23,14,6.0,6.0,0.23287671232876717,0.23287671232876717,0.23287671232876717,0.02,18,18,18
23,15,nie,nie,1.0,1.0,1.0,0.02,19,19,19
24,1,1.0,1.0,0.0,0.0,0.0,0.02,"1,2,3",1,3
24,2,1.0,1.0,0.025316455696202556,0.025316455696202556,0.025316455696202556,0.02,"4,5",4,5
24,3,2.0,2.0,0.025316455696202556,0.025316455696202556,0.025316455696202556,0.02,6,6,6
24,4,2.0,2.0,0.06329113924050633,0.06329113924050633,0.06329113924050633,0.02,"7,8",7,8
24,5,2.0,3.0,0.06329113924050633,0.06329113924050633,0.06329113924050633,0.02,9,9,9
24,6,2.0,3.0,0.10126582278481011,0.10126582278481011,0.10126582278481011,0.02,10,10,10
24,7,3.0,3.0,0.10126582278481011,0.10126582278481011,0.10126582278481011,0.02,"11,12",11,12
24,8,3.0,4.0,0.12658227848101267,0.12658227848101267,0.12658227848101267,0.02,13,13,13
24,9,4.0,4.0,0.12658227848101267,0.12658227848101267,0.12658227848101267,0.02,14,14,14
24,10,4.0,5.0,0.12658227848101267,0.12658227848101267,0.12658227848101267,0.02,15,15,15
24,11,4.0,5.0,0.15189873417721522,0.15189873417721522,0.15189873417721522,0.02,16,16,16
24,12,5.0,5.5,0.15189873417721522,0.15189873417721522,0.15189873417721522,0.02,17,17,17
24,13,6.0,6.0,0.17721518987341767,0.17721518987341767,0.17721518987341767,0.02,18,18,18
24,14,nie,nie,1.0,1.0,1.0,0.02,19,19,19
25,1,1.0,1.0,0.0,0.0,0.0,0.02,"1,2,3",1,3
25,2,1.0,1.0,0.02777777777777779,0.02777777777777779,0.02777777777777779,0.02,"4,5",4,5
25,3,1.0,2.0,0.02777777777777779,0.02777777777777779,0.02777777777777779,0.02,6,6,6
25,4,2.0,2.0,0.05555555555555558,0.05555555555555558,0.05555555555555558,0.02,"7,8,9",7,9
25,5,2.0,3.0,0.08333333333333337,0.08333333333333337,0.08333333333333337,0.02,10,10,10
25,6,3.0,3.0,0.08333333333333337,0.08333333333333337,0.08333333333333337,0.02,"11,12",11,12
25,7,3.0,4.0,0.11111111111111116,0.11111111111111116,0.11111111111111116,0.02,"13,14",13,14
25,8,4.0,5.0,0.11111111111111116,0.11111111111111116,0.11111111111111116,0.02,15,15,15
25,9,4.0,5.0,0.13888888888888884,0.13888888888888884,0.13888888888888884,0.02,16,16,16
25,10,4.0,5.75,0.13888888888888884,0.13888888888888884,0.13888888888888884,0.02,17,17,17
25,11,5.0,6.0,0.16666666666666663,0.16666666666666663,0.16666666666666663,0.02,18,18,18
25,12,nie,nie,1.0,1.0,1.0,0.02,19,19,19
26,1,1.0,1.0,0.0,0.0,0.0,0.02,"1,2,3",1,3
26,2,1.0,1.0,0.032786885245901676,0.032786885245901676,0.032786885245901676,0.02,"4,5",4,5
26,3,1.0,2.0,0.032786885245901676,0.032786885245901676,0.032786885245901676,0.02,6,6,6
26,4,2.0,2.0,0.049180327868852514,0.049180327868852514,0.049180327868852514,0.02,"7,8,9",7,9
26,5,2.0,3.0,0.06557377049180324,0.06557377049180324,0.06557377049180324,0.02,10,10,10
26,6,3.0,3.0,0.06557377049180324,0.06557377049180324,0.06557377049180324,0.02,"11,12",11,12
26,7,3.0,4.0,0.09836065573770492,0.09836065573770492,0.09836065573770492,0.02,13,13,13
26,8,4.0,4.0,0.09836065573770492,0.09836065573770492,0.09836065573770492,0.02,14,14,14
26,9,4.0,5.0,0.09836065573770492,0.09836065573770492,0.09836065573770492,0.02,15,15,15
26,10,4.0,5.0,0.14754098360655743,0.14754098360655743,0.14754098360655743,0.02,16,16,16
26,11,5.0,5.25,0.14754098360655743,0.14754098360655743,0.14754098360655743,0.02,17,17,17
26,12,6.0,6.0,0.180327868852459,0.180327868852459,0.180327868852459,0.02,18,18,18
26,13,nie,nie,1.0,1.0,1.0,0.02,19,19,19
27,1,1.0,1.0,0.00512820512820511,0.0,0.012820512820512775,0.02,"1,2,3,4,5",1,5
27,2,2.0,2.0,0.012820512820512775,0.012820512820512775,0.012820512820512775,0.02,6,6,6
27,3,2.0,2.0,0.038461538461538436,0.038461538461538436,0.038461538461538436,0.02,"7,8,9",7,9
27,4,2.0,3.0,0.07692307692307687,0.07692307692307687,0.07692307692307687,0.02,10,10,10
27,5,3.0,3.0,0.07692307692307687,0.07692307692307687,0.07692307692307687,0.02,"11,12",11,12
27,6,3.0,4.0,0.11538461538461542,0.11538461538461542,0.11538461538461542,0.02,13,13,13
27,7,4.0,4.0,0.11538461538461542,0.11538461538461542,0.11538461538461542,0.02,14,14,14
27,8,4.0,5.0,0.11538461538461542,0.11538461538461542,0.11538461538461542,0.02,15,15,15
27,9,4.0,5.0,0.15384615384615385,0.15384615384615385,0.15384615384615385,0.02,16,16,16
27,10,5.0,6.0,0.16666666666666663,0.16666666666666663,0.16666666666666663,0.02,17,17,17
27,11,6.0,7.0,0.1923076923076923,0.1923076923076923,0.1923076923076923,0.02,18,18,18
27,12,nie,nie,1.0,1.0,1.0,0.02,19,19,19
28,1,1.0,1.0,0.0,0.0,0.0,0.02,"1,2,3",1,3
28,2,1.0,1.0,0.02941176470588236,0.02941176470588236,0.02941176470588236,0.02,"4,5",4,5
28,3,1.0,2.0,0.02941176470588236,0.02941176470588236,0.02941176470588236,0.02,6,6,6
28,4,2.0,2.0,0.0625,0.05882352941176472,0.07352941176470584,0.02,"7,8,9,10",7,10
28,5,3.0,3.0,0.07352941176470584,0.07352941176470584,0.07352941176470584,0.02,"11,12",11,12
28,6,3.0,3.0,0.1029411764705882,0.1029411764705882,0.1029411764705882,0.02,13,13,13
28,7,3.0,4.0,0.1029411764705882,0.1029411764705882,0.1029411764705882,0.02,14,14,14
28,8,4.0,4.0,0.1029411764705882,0.1029411764705882,0.1029411764705882,0.02,15,15,15
28,9,4.0,4.5,0.13235294117647056,0.13235294117647056,0.13235294117647056,0.02,16,16,16
28,10,4.0,5.0,0.13235294117647056,0.13235294117647056,0.13235294117647056,0.02,17,17,17
28,11,5.0,6.0,0.16176470588235292,0.16176470588235292,0.16176470588235292,0.02,18,18,18
28,12,nie,nie,1.0,1.0,1.0,0.02,19,19,19
29,1,1.0,1.0,0.0,0.0,0.0,0.02,"1,2,3",1,3
29,2,1.0,1.0,0.030303030303030276,0.030303030303030276,0.030303030303030276,0.02,4,4,4
29,3,1.0,2.0,0.030303030303030276,0.030303030303030276,0.030303030303030276,0.02,5,5,5
29,4,2.0,2.0,0.030303030303030276,0.030303030303030276,0.030303030303030276,0.02,6,6,6
29,5,2.0,2.0,0.06060606060606055,0.06060606060606055,0.06060606060606055,0.02,"7,8",7,8
29,6,2.0,3.0,0.06060606060606055,0.06060606060606055,0.06060606060606055,0.02,9,9,9
29,7,2.0,3.0,0.10606060606060608,0.10606060606060608,0.10606060606060608,0.02,10,10,10
29,8,3.0,3.0,0.10606060606060608,0.10606060606060608,0.10606060606060608,0.02,"11,12",11,12
29,9,3.0,4.0,0.1515151515151515,0.1515151515151515,0.1515151515151515,0.02,13,13,13
29,10,4.0,4.0,0.1515151515151515,0.1515151515151515,0.1515151515151515,0.02,14,14,14
29,11,4.0,5.0,0.16666666666666663,0.16666666666666663,0.16666666666666663,0.02,15,15,15
29,12,5.0,5.0,0.21212121212121215,0.21212121212121215,0.21212121212121215,0.02,16,16,16
29,13,5.0,6.0,0.2272727272727273,0.2272727272727273,0.2272727272727273,0.02,17,17,17
29,14,6.0,6.0,0.2727272727272727,0.2727272727272727,0.2727272727272727,0.02,18,18,18
29,15,nie,nie,1.0,1.0,1.0,0.02,19,19,19
30,1,1.0,1.0,0.006153846153846132,0.0,0.01538461538461533,0.02,"1,2,3,4,5",1,5
30,2,2.0,2.0,0.01538461538461533,0.01538461538461533,0.01538461538461533,0.02,6,6,6
30,3,2.0,2.0,0.0461538461538461,0.0461538461538461,0.0461538461538461,0.02,"7,8",7,8
30,4,2.0,3.0,0.0461538461538461,0.0461538461538461,0.0461538461538461,0.02,9,9,9
30,5,3.0,3.0,0.09230769230769231,0.09230769230769231,0.09230769230769231,0.02,"10,11,12",10,12
30,6,3.0,4.0,0.1384615384615384,0.1384615384615384,0.1384615384615384,0.02,13,13,13
30,7,4.0,4.0,0.1384615384615384,0.1384615384615384,0.1384615384615384,0.02,14,14,14
30,8,4.0,5.0,0.15384615384615385,0.15384615384615385,0.15384615384615385,0.02,15,15,15
30,9,5.0,6.0,0.18461538461538463,0.18461538461538463,0.18461538461538463,0.02,16,16,16
30,10,6.0,6.0,0.19999999999999996,0.19999999999999996,0.19999999999999996,0.02,17,17,17
30,11,6.0,7.0,0.2153846153846154,0.2153846153846154,0.2153846153846154,0.02,18,18,18
30,12,nie,nie,1.0,1.0,1.0,0.02,19,19,19
31,1,1.0,1.0,0.0,0.0,0.0,0.02,"1,2,3",1,3
31,2,1.0,1.0,0.02898550724637683,0.02898550724637683,0.02898550724637683,0.02,"4,5",4,5
31,3,1.0,2.0,0.02898550724637683,0.02898550724637683,0.02898550724637683,0.02,6,6,6
31,4,2.0,2.0,0.04347826086956519,0.04347826086956519,0.04347826086956519,0.02,"7,8,9",7,9
31,5,2.0,3.0,0.05797101449275366,0.05797101449275366,0.05797101449275366,0.02,10,10,10
31,6,3.0,3.0,0.05797101449275366,0.05797101449275366,0.05797101449275366,0.02,"11,12",11,12
31,7,3.0,4.0,0.08695652173913049,0.08695652173913049,0.08695652173913049,0.02,"13,14",13,14
31,8,4.0,4.0,0.08695652173913049,0.08695652173913049,0.08695652173913049,0.02,15,15,15
31,9,4.0,5.0,0.13043478260869568,0.13043478260869568,0.13043478260869568,0.02,16,16,16
31,10,5.0,5.0,0.14492753623188404,0.14492753623188404,0.14492753623188404,0.02,17,17,17
31,11,5.0,6.0,0.17391304347826086,0.17391304347826086,0.17391304347826086,0.02,18,18,18
31,12,nie,nie,1.0,1.0,1.0,0.02,19,19,19
32,1,1.0,1.0,0.0,0.0,0.0,0.02,"1,2,3",1,3
32,2,1.0,1.0,0.02631578947368418,0.02631578947368418,0.02631578947368418,0.02,"4,5",4,5
32,3,2.0,2.0,0.02631578947368418,0.02631578947368418,0.02631578947368418,0.02,6,6,6
32,4,2.0,2.0,0.052631578947368474,0.052631578947368474,0.052631578947368474,0.02,"7,8,9",7,9
32,5,2.0,3.0,0.10526315789473684,0.10526315789473684,0.10526315789473684,0.02,10,10,10
32,6,3.0,3.0,0.10526315789473684,0.10526315789473684,0.10526315789473684,0.02,"11,12",11,12
32,7,3.0,4.0,0.13157894736842102,0.13157894736842102,0.13157894736842102,0.02,13,13,13
32,8,4.0,4.0,0.13157894736842102,0.13157894736842102,0.13157894736842102,0.02,14,14,14
32,9,4.0,5.0,0.13157894736842102,0.13157894736842102,0.13157894736842102,0.02,15,15,15
32,10,5.0,5.0,0.17105263157894735,0.17105263157894735,0.17105263157894735,0.02,16,16,16
32,11,5.0,6.0,0.19736842105263153,0.19736842105263153,0.19736842105263153,0.02,17,17,17
32,12,6.0,7.0,0.22368421052631582,0.22368421052631582,0.22368421052631582,0.02,18,18,18
32,13,nie,nie,1.0,1.0,1.0,0.02,19,19,19
33,1,1.0,1.0,0.004999999999999982,0.0,0.012499999999999956,0.02,"1,2,3,4,5",1,5
33,2,2.0,2.0,0.020833333333333332,0.012499999999999956,0.025000000000000022,0.02,"6,7,8",6,8
33,3,2.0,3.0,0.03125,0.025000000000000022,0.03749999999999998,0.02,"9,10",9,10
33,4,3.0,3.0,0.03749999999999998,0.03749999999999998,0.03749999999999998,0.02,"11,12",11,12
33,5,3.0,4.0,0.0625,0.0625,0.0625,0.02,13,13,13
33,6,4.0,4.0,0.0625,0.0625,0.0625,0.02,14,14,14
33,7,4.0,5.0,0.0625,0.0625,0.0625,0.02,15,15,15
33,8,4.0,5.0,0.09999999999999998,0.09999999999999998,0.09999999999999998,0.02,16,16,16
33,9,5.0,5.0,0.09999999999999998,0.09999999999999998,0.09999999999999998,0.02,17,17,17
33,10,5.0,6.0,0.11250000000000004,0.11250000000000004,0.11250000000000004,0.02,18,18,18
33,11,nie,nie,1.0,1.0,1.0,0.02,19,19,19
34,1,1.0,1.0,0.005714285714285694,0.0,0.014285714285714235,0.02,"1,2,3,4,5",1,5
34,2,1.0,2.0,0.014285714285714235,0.014285714285714235,0.014285714285714235,0.02,6,6,6
34,3,2.0,2.0,0.02857142857142858,0.02857142857142858,0.02857142857142858,0.02,"7,8,9",7,9
34,4,2.0,3.0,0.05714285714285716,0.05714285714285716,0.05714285714285716,0.02,10,10,10
34,5,3.0,3.0,0.05714285714285716,0.05714285714285716,0.05714285714285716,0.02,"11,12",11,12
34,6,3.0,4.0,0.08571428571428574,0.08571428571428574,0.08571428571428574,0.02,13,13,13
34,7,3.5,4.0,0.08571428571428574,0.08571428571428574,0.08571428571428574,0.02,14,14,14
34,8,4.0,4.0,0.08571428571428574,0.08571428571428574,0.08571428571428574,0.02,15,15,15
34,9,4.0,5.0,0.11428571428571432,0.11428571428571432,0.11428571428571432,0.02,16,16,16
34,10,5.0,6.0,0.12857142857142856,0.12857142857142856,0.12857142857142856,0.02,17,17,17
34,11,6.0,6.0,0.15714285714285714,0.15714285714285714,0.15714285714285714,0.02,18,18,18
34,12,nie,nie,1.0,1.0,1.0,0.02,19,19,19
35,1,1.0,1.0,0.0,0.0,0.0,0.02,"1,2,3",1,3
35,2,1.0,1.0,0.027027027027026973,0.027027027027026973,0.027027027027026973,0.02,4,4,4
35,3,1.0,2.0,0.027027027027026973,0.027027027027026973,0.027027027027026973,0.02,5,5,5
35,4,2.0,2.0,0.027027027027026973,0.027027027027026973,0.027027027027026973,0.02,6,6,6
35,5,2.0,2.0,0.06756756756756754,0.06756756756756754,0.06756756756756754,0.02,"7,8",7,8
35,6,2.0,3.0,0.06756756756756754,0.06756756756756754,0.06756756756756754,0.02,9,9,9
35,7,3.0,3.0,0.10810810810810811,0.10810810810810811,0.10810810810810811,0.02,"10,11",10,11
35,8,3.0,4.0,0.10810810810810811,0.10810810810810811,0.10810810810810811,0.02,12,12,12
35,9,4.0,4.0,0.1351351351351351,0.1351351351351351,0.1351351351351351,0.02,13,13,13
35,10,4.0,5.0,0.1351351351351351,0.1351351351351351,0.1351351351351351,0.02,14,14,14
35,11,5.0,5.0,0.16216216216216217,0.16216216216216217,0.16216216216216217,0.02,15,15,15
35,12,5.0,6.0,0.21621621621621623,0.21621621621621623,0.21621621621621623,0.02,16,16,16
35,13,6.0,7.0,0.21621621621621623,0.21621621621621623,0.21621621621621623,0.02,17,17,17
35,14,7.0,7.0,0.2432432432432432,0.2432432432432432,0.2432432432432432,0.02,18,18,18
35,15,nie,nie,1.0,1.0,1.0,0.02,19,19,19
36,1,1.0,1.0,0.005714285714285694,0.0,0.014285714285714235,0.02,"1,2,3,4,5",1,5
36,2,2.0,2.0,0.024999999999999994,0.014285714285714235,0.02857142857142858,0.02,"6,7,8,9",6,9
36,3,2.0,3.0,0.042857142857142816,0.042857142857142816,0.042857142857142816,0.02,10,10,10
36,4,3.0,3.0,0.042857142857142816,0.042857142857142816,0.042857142857142816,0.02,"11,12",11,12
36,5,3.0,4.0,0.08571428571428574,0.08571428571428574,0.08571428571428574,0.02,13,13,13
36,6,4.0,4.0,0.08571428571428574,0.08571428571428574,0.08571428571428574,0.02,14,14,14
36,7,4.0,5.0,0.08571428571428574,0.08571428571428574,0.08571428571428574,0.02,15,15,15
36,8,5.0,5.0,0.12857142857142856,0.12857142857142856,0.12857142857142856,0.02,16,16,16
36,9,5.0,6.0,0.12857142857142856,0.12857142857142856,0.12857142857142856,0.02,17,17,17
36,10,6.0,6.0,0.1428571428571429,0.1428571428571429,0.1428571428571429,0.02,18,18,18
36,11,nie,nie,1.0,1.0,1.0,0.02,19,19,19
37,1,1.0,1.0,0.005970149253731361,0.0,0.014925373134328401,0.02,"1,2,3,4,5",1,5
37,2,1.0,2.0,0.014925373134328401,0.014925373134328401,0.014925373134328401,0.02,6,6,6
37,3,2.0,2.0,0.04477611940298509,0.04477611940298509,0.04477611940298509,0.02,"7,8,9",7,9
37,4,2.0,3.0,0.07462686567164178,0.07462686567164178,0.07462686567164178,0.02,10,10,10
37,5,3.0,3.0,0.07462686567164178,0.07462686567164178,0.07462686567164178,0.02,"11,12",11,12
37,6,3.0,3.5,0.11940298507462688,0.11940298507462688,0.11940298507462688,0.02,13,13,13
37,7,3.0,4.0,0.11940298507462688,0.11940298507462688,0.11940298507462688,0.02,14,14,14
37,8,4.0,5.0,0.11940298507462688,0.11940298507462688,0.11940298507462688,0.02,15,15,15
37,9,4.0,5.0,0.14925373134328357,0.14925373134328357,0.14925373134328357,0.02,16,16,16
37,10,4.0,6.0,0.16417910447761197,0.16417910447761197,0.16417910447761197,0.02,17,17,17
37,11,5.0,6.0,0.19402985074626866,0.19402985074626866,0.19402985074626866,0.02,18,18,18
37,12,nie,nie,1.0,1.0,1.0,0.02,19,19,19
38,1,1.0,1.0,0.0,0.0,0.0,0.02,"1,2,3",1,3
38,2,1.0,1.0,0.02857142857142858,0.02857142857142858,0.02857142857142858,0.02,"4,5",4,5
38,3,2.0,2.0,0.02857142857142858,0.02857142857142858,0.02857142857142858,0.02,6,6,6
38,4,2.0,2.0,0.0714285714285714,0.0714285714285714,0.0714285714285714,0.02,"7,8",7,8
38,5,2.0,3.0,0.0714285714285714,0.0714285714285714,0.0714285714285714,0.02,9,9,9
38,6,2.0,3.0,0.11428571428571432,0.11428571428571432,0.11428571428571432,0.02,10,10,10
38,7,3.0,3.0,0.11428571428571432,0.11428571428571432,0.11428571428571432,0.02,11,11,11
38,8,3.0,3.75,0.11428571428571432,0.11428571428571432,0.11428571428571432,0.02,12,12,12
38,9,3.0,4.0,0.15714285714285714,0.15714285714285714,0.15714285714285714,0.02,13,13,13
38,10,4.0,4.0,0.15714285714285714,0.15714285714285714,0.15714285714285714,0.02,14,14,14
38,11,4.0,5.0,0.15714285714285714,0.15714285714285714,0.15714285714285714,0.02,15,15,15
38,12,4.0,5.0,0.18571428571428572,0.18571428571428572,0.18571428571428572,0.02,16,16,16
38,13,5.0,6.0,0.18571428571428572,0.18571428571428572,0.18571428571428572,0.02,17,17,17
38,14,6.0,7.0,0.19999999999999996,0.19999999999999996,0.19999999999999996,0.02,18,18,18
38,15,nie,nie,1.0,1.0,1.0,0.02,19,19,19
39,1,1.0,1.0,0.0,0.0,0.0,0.02,"1,2,3",1,3
39,2,1.0,1.0,0.03703703703703709,0.03703703703703709,0.03703703703703709,0.02,"4,5",4,5
39,3,2.0,2.0,0.03703703703703709,0.03703703703703709,0.03703703703703709,0.02,6,6,6
39,4,2.0,2.0,0.07407407407407407,0.07407407407407407,0.07407407407407407,0.02,"7,8",7,8
39,5,2.0,3.0,0.07407407407407407,0.07407407407407407,0.07407407407407407,0.02,9,9,9
39,6,3.0,3.0,0.11111111111111116,0.11111111111111116,0.11111111111111116,0.02,"10,11",10,11
39,7,3.0,4.0,0.11111111111111116,0.11111111111111116,0.11111111111111116,0.02,12,12,12
39,8,4.0,4.0,0.14814814814814814,0.14814814814814814,0.14814814814814814,0.02,"13,14",13,14
39,9,5.0,5.0,0.14814814814814814,0.14814814814814814,0.14814814814814814,0.02,15,15,15
39,10,5.0,5.75,0.2222222222222222,0.2222222222222222,0.2222222222222222,0.02,16,16,16
39,11,6.0,6.0,0.2592592592592593,0.2592592592592593,0.2592592592592593,0.02,17,17,17
39,12,7.0,7.0,0.33333333333333337,0.33333333333333337,0.33333333333333337,0.02,18,18,18
39,13,nie,nie,1.0,1.0,1.0,0.02,19,19,19
40,1,1.0,1.0,0.0074074074074073955,0.0,0.01851851851851849,0.02,"1,2,3,4,5",1,5
40,2,1.0,2.0,0.01851851851851849,0.01851851851851849,0.01851851851851849,0.02,6,6,6
40,3,2.0,2.0,0.03703703703703709,0.03703703703703709,0.03703703703703709,0.02,"7,8",7,8
40,4,2.0,3.0,0.03703703703703709,0.03703703703703709,0.03703703703703709,0.02,9,9,9
40,5,2.0,3.0,0.07407407407407407,0.07407407407407407,0.07407407407407407,0.02,10,10,10
40,6,3.0,3.0,0.07407407407407407,0.07407407407407407,0.07407407407407407,0.02,11,11,11
40,7,3.0,3.75,0.07407407407407407,0.07407407407407407,0.07407407407407407,0.02,12,12,12
40,8,3.0,4.0,0.12962962962962965,0.12962962962962965,0.12962962962962965,0.02,13,13,13
40,9,4.0,4.0,0.12962962962962965,0.12962962962962965,0.12962962962962965,0.02,14,14,14
40,10,4.0,5.0,0.12962962962962965,0.12962962962962965,0.12962962962962965,0.02,15,15,15
40,11,5.0,5.0,0.16666666666666663,0.16666666666666663,0.16666666666666663,0.02,16,16,16
40,12,5.0,6.0,0.16666666666666663,0.16666666666666663,0.16666666666666663,0.02,17,17,17
40,13,6.0,6.0,0.20370370370370372,0.20370370370370372,0.20370370370370372,0.02,18,18,18
40,14,nie,nie,1.0,1.0,1.0,0.02,19,19,19
41,1,1.0,1.0,0.0,0.0,0.0,0.02,"1,2,3",1,3
41,2,1.0,1.0,0.02898550724637683,0.02898550724637683,0.02898550724637683,0.02,"4,5",4,5
41,3,2.0,2.0,0.02898550724637683,0.02898550724637683,0.02898550724637683,0.02,6,6,6
41,4,2.0,2.0,0.05797101449275366,0.05797101449275366,0.05797101449275366,0.02,"7,8,9",7,9
41,5,2.0,3.0,0.10144927536231885,0.10144927536231885,0.10144927536231885,0.02,10,10,10
41,6,3.0,3.0,0.10144927536231885,0.10144927536231885,0.10144927536231885,0.02,"11,12",11,12
41,7,3.0,4.0,0.14492753623188404,0.14492753623188404,0.14492753623188404,0.02,13,13,13
41,8,4.0,4.0,0.14492753623188404,0.14492753623188404,0.14492753623188404,0.02,14,14,14
41,9,4.0,5.0,0.1594202898550725,0.1594202898550725,0.1594202898550725,0.02,15,15,15
41,10,5.0,5.0,0.21739130434782605,0.21739130434782605,0.21739130434782605,0.02,16,16,16
41,11,5.0,6.0,0.23188405797101452,0.23188405797101452,0.23188405797101452,0.02,17,17,17
41,12,6.0,7.0,0.2753623188405797,0.2753623188405797,0.2753623188405797,0.02,18,18,18
41,13,nie,nie,1.0,1.0,1.0,0.02,19,19,19
42,1,1.0,1.0,0.007547169811320753,0.0,0.018867924528301883,0.02,"1,2,3,4,5",1,5
42,2,2.0,2.0,0.018867924528301883,0.018867924528301883,0.018867924528301883,0.02,6,6,6
42,3,2.0,2.0,0.05660377358490565,0.05660377358490565,0.05660377358490565,0.02,"7,8,9",7,9
42,4,2.0,3.0,0.07547169811320753,0.07547169811320753,0.07547169811320753,0.02,10,10,10
42,5,3.0,3.0,0.07547169811320753,0.07547169811320753,0.07547169811320753,0.02,"11,12",11,12
42,6,3.0,3.25,0.09433962264150941,0.09433962264150941,0.09433962264150941,0.02,13,13,13
42,7,3.0,4.0,0.09433962264150941,0.09433962264150941,0.09433962264150941,0.02,14,14,14
42,8,4.0,4.0,0.09433962264150941,0.09433962264150941,0.09433962264150941,0.02,15,15,15
42,9,4.0,5.0,0.1132075471698113,0.1132075471698113,0.1132075471698113,0.02,16,16,16
42,10,5.0,5.5,0.1132075471698113,0.1132075471698113,0.1132075471698113,0.02,17,17,17
42,11,6.0,6.0,0.13207547169811318,0.13207547169811318,0.13207547169811318,0.02,18,18,18
42,12,nie,nie,1.0,1.0,1.0,0.02,19,19,19
43,1,1.0,1.0,0.005405405405405394,0.0,0.013513513513513487,0.02,"1,2,3,4,5",1,5
43,2,2.0,2.0,0.0236486486486486,0.013513513513513487,0.027027027027026973,0.02,"6,7,8,9",6,9
43,3,2.0,3.0,0.05405405405405406,0.05405405405405406,0.05405405405405406,0.02,10,10,10
43,4,3.0,3.0,0.05405405405405406,0.05405405405405406,0.05405405405405406,0.02,"11,12",11,12
43,5,3.0,3.0,0.08108108108108103,0.08108108108108103,0.08108108108108103,0.02,13,13,13
43,6,3.0,4.0,0.08108108108108103,0.08108108108108103,0.08108108108108103,0.02,14,14,14
43,7,4.0,4.0,0.08108108108108103,0.08108108108108103,0.08108108108108103,0.02,15,15,15
43,8,4.0,5.0,0.11486486486486486,0.10810810810810811,0.1216216216216216,0.02,"16,17",16,17
43,9,5.0,5.0,0.14864864864864868,0.14864864864864868,0.14864864864864868,0.02,18,18,18
43,10,nie,nie,1.0,1.0,1.0,0.02,19,19,19
44,1,1.0,1.0,0.0051948051948051965,0.0,0.012987012987012991,0.02,"1,2,3,4,5",1,5
44,2,1.0,2.0,0.012987012987012991,0.012987012987012991,0.012987012987012991,0.02,6,6,6
44,3,2.0,2.0,0.025974025974025983,0.025974025974025983,0.025974025974025983,0.02,"7,8,9",7,9
44,4,2.0,3.0,0.051948051948051965,0.051948051948051965,0.051948051948051965,0.02,10,10,10
44,5,3.0,3.0,0.051948051948051965,0.051948051948051965,0.051948051948051965,0.02,"11,12",11,12
44,6,3.0,4.0,0.06493506493506496,0.06493506493506496,0.06493506493506496,0.02,"13,14",13,14
44,7,4.0,4.0,0.06493506493506496,0.06493506493506496,0.06493506493506496,0.02,15,15,15
44,8,4.0,5.0,0.09090909090909094,0.09090909090909094,0.09090909090909094,0.02,16,16,16
44,9,5.0,5.0,0.09090909090909094,0.09090909090909094,0.09090909090909094,0.02,17,17,17
44,10,5.0,6.0,0.11688311688311692,0.11688311688311692,0.11688311688311692,0.02,18,18,18
44,11,nie,nie,1.0,1.0,1.0,0.02,19,19,19
45,1,1.0,1.0,0.005333333333333324,0.0,0.013333333333333308,0.02,"1,2,3,4,5",1,5
45,2,1.0,2.0,0.013333333333333308,0.013333333333333308,0.013333333333333308,0.02,6,6,6
45,3,2.0,2.0,0.040000000000000036,0.040000000000000036,0.040000000000000036,0.02,"7,8,9",7,9
45,4,2.0,3.0,0.06666666666666665,0.06666666666666665,0.06666666666666665,0.02,10,10,10
45,5,3.0,3.0,0.06666666666666665,0.06666666666666665,0.06666666666666665,0.02,"11,12",11,12
45,6,3.0,3.0,0.10666666666666669,0.10666666666666669,0.10666666666666669,0.02,13,13,13
45,7,3.0,4.0,0.10666666666666669,0.10666666666666669,0.10666666666666669,0.02,14,14,14
45,8,4.0,4.0,0.10666666666666669,0.10666666666666669,0.10666666666666669,0.02,15,15,15
45,9,4.0,5.0,0.1333333333333333,0.1333333333333333,0.1333333333333333,0.02,16,16,16
45,10,5.0,5.0,0.1333333333333333,0.1333333333333333,0.1333333333333333,0.02,17,17,17
45,11,5.0,6.0,0.1466666666666666,0.1466666666666666,0.1466666666666666,0.02,18,18,18
45,12,nie,nie,1.0,1.0,1.0,0.02,19,19,19
46,1,1.0,1.0,0.0,0.0,0.0,0.02,"1,2,3",1,3
46,2,1.0,1.0,0.027027027027026973,0.027027027027026973,0.027027027027026973,0.02,"4,5",4,5
46,3,2.0,2.0,0.027027027027026973,0.027027027027026973,0.027027027027026973,0.02,6,6,6
46,4,2.0,2.0,0.06756756756756754,0.06756756756756754,0.06756756756756754,0.02,"7,8",7,8
46,5,2.0,3.0,0.06756756756756754,0.06756756756756754,0.06756756756756754,0.02,9,9,9
46,6,3.0,3.0,0.10810810810810811,0.10810810810810811,0.10810810810810811,0.02,"10,11",10,11
46,7,3.0,4.0,0.10810810810810811,0.10810810810810811,0.10810810810810811,0.02,12,12,12
46,8,4.0,4.0,0.14864864864864868,0.14864864864864868,0.14864864864864868,0.02,"13,14",13,14
46,9,5.0,5.0,0.16216216216216217,0.16216216216216217,0.16216216216216217,0.02,15,15,15
46,10,5.0,5.75,0.21621621621621623,0.21621621621621623,0.21621621621621623,0.02,16,16,16
46,11,6.0,6.0,0.22972972972972971,0.22972972972972971,0.22972972972972971,0.02,17,17,17
46,12,6.0,7.0,0.2702702702702703,0.2702702702702703,0.2702702702702703,0.02,18,18,18
46,13,nie,nie,1.0,1.0,1.0,0.02,19,19,19
47,1,1.0,1.0,0.0,0.0,0.0,0.02,"1,2,3",1,3
47,2,1.0,1.0,0.026666666666666616,0.026666666666666616,0.026666666666666616,0.02,"4,5",4,5
47,3,2.0,2.0,0.026666666666666616,0.026666666666666616,0.026666666666666616,0.02,6,6,6
47,4,2.0,2.0,0.053333333333333344,0.053333333333333344,0.053333333333333344,0.02,"7,8,9",7,9
47,5,2.0,3.0,0.06666666666666665,0.06666666666666665,0.06666666666666665,0.02,10,10,10
47,6,3.0,3.0,0.06666666666666665,0.06666666666666665,0.06666666666666665,0.02,"11,12",11,12
47,7,3.0,4.0,0.07999999999999996,0.07999999999999996,0.07999999999999996,0.02,"13,14",13,14
47,8,4.0,5.0,0.10000000000000003,0.09333333333333338,0.10666666666666669,0.02,"15,16",15,16
47,9,5.0,6.0,0.13999999999999996,0.1333333333333333,0.1466666666666666,0.02,"17,18",17,18
47,10,nie,nie,1.0,1.0,1.0,0.02,19,19,19
48,1,1.0,1.0,0.00512820512820511,0.0,0.012820512820512775,0.02,"1,2,3,4,5",1,5
48,2,2.0,2.0,0.021367521367521364,0.012820512820512775,0.02564102564102566,0.02,"6,7,8",6,8
48,3,2.0,3.0,0.02564102564102566,0.02564102564102566,0.02564102564102566,0.02,9,9,9
48,4,3.0,3.0,0.05128205128205132,0.05128205128205132,0.05128205128205132,0.02,"10,11",10,11
48,5,3.0,4.0,0.05128205128205132,0.05128205128205132,0.05128205128205132,0.02,12,12,12
48,6,4.0,4.0,0.08974358974358976,0.08974358974358976,0.08974358974358976,0.02,13,13,13
48,7,4.0,5.0,0.08974358974358976,0.08974358974358976,0.08974358974358976,0.02,14,14,14
48,8,5.0,5.0,0.08974358974358976,0.08974358974358976,0.08974358974358976,0.02,15,15,15
48,9,5.0,5.75,0.15384615384615385,0.15384615384615385,0.15384615384615385,0.02,16,16,16
48,10,6.0,6.0,0.16666666666666663,0.16666666666666663,0.16666666666666663,0.02,17,17,17
48,11,7.0,7.0,0.21794871794871795,0.21794871794871795,0.21794871794871795,0.02,18,18,18
48,12,nie,nie,1.0,1.0,1.0,0.02,19,19,19
49,1,1.0,1.0,0.0,0.0,0.0,0.02,"1,2,3",1,3
49,2,1.0,1.0,0.025974025974025983,0.025974025974025983,0.025974025974025983,0.02,"4,5",4,5
49,3,1.0,2.0,0.025974025974025983,0.025974025974025983,0.025974025974025983,0.02,6,6,6
49,4,2.0,2.0,0.051948051948051965,0.051948051948051965,0.051948051948051965,0.02,"7,8,9",7,9
49,5,2.0,3.0,0.07792207792207795,0.07792207792207795,0.07792207792207795,0.02,10,10,10
49,6,3.0,3.0,0.07792207792207795,0.07792207792207795,0.07792207792207795,0.02,"11,12",11,12
49,7,3.0,3.0,0.10389610389610393,0.10389610389610393,0.10389610389610393,0.02,13,13,13
49,8,3.0,4.0,0.10389610389610393,0.10389610389610393,0.10389610389610393,0.02,14,14,14
49,9,4.0,4.0,0.10389610389610393,0.10389610389610393,0.10389610389610393,0.02,15,15,15
49,10,4.0,4.0,0.1558441558441559,0.1558441558441559,0.1558441558441559,0.02,16,16,16
49,11,4.0,5.0,0.16883116883116878,0.16883116883116878,0.16883116883116878,0.02,17,17,17
49,12,5.0,5.0,0.18181818181818177,0.18181818181818177,0.18181818181818177,0.02,18,18,18
49,13,nie,nie,1.0,1.0,1.0,0.02,19,19,19
50,1,1.0,1.0,0.005970149253731361,0.0,0.014925373134328401,0.02,"1,2,3,4,5",1,5
50,2,2.0,2.0,0.02611940298507462,0.014925373134328401,0.02985074626865669,0.02,"6,7,8,9",6,9
50,3,2.0,3.0,0.05970149253731338,0.05970149253731338,0.05970149253731338,0.02,10,10,10
50,4,3.0,3.0,0.05970149253731338,0.05970149253731338,0.05970149253731338,0.02,"11,12",11,12
50,5,3.0,4.0,0.08955223880597019,0.08955223880597019,0.08955223880597019,0.02,13,13,13
50,6,4.0,4.0,0.08955223880597019,0.08955223880597019,0.08955223880597019,0.02,14,14,14
50,7,4.0,5.0,0.08955223880597019,0.08955223880597019,0.08955223880597019,0.02,15,15,15
50,8,5.0,5.0,0.13432835820895528,0.13432835820895528,0.13432835820895528,0.02,16,16,16
50,9,5.0,6.0,0.13432835820895528,0.13432835820895528,0.13432835820895528,0.02,17,17,17
50,10,6.0,7.0,0.16417910447761197,0.16417910447761197,0.16417910447761197,0.02,18,18,18
50,11,nie,nie,1.0,1.0,1.0,0.02,19,19,19
51,1,1.0,1.0,0.0,0.0,0.0,0.02,"1,2,3",1,3
51,2,1.0,1.0,0.0273972602739726,0.0273972602739726,0.0273972602739726,0.02,"4,5",4,5
51,3,2.0,2.0,0.0273972602739726,0.0273972602739726,0.0273972602739726,0.02,6,6,6
51,4,2.0,2.0,0.0547945205479452,0.0547945205479452,0.0547945205479452,0.02,"7,8",7,8
51,5,2.0,3.0,0.0547945205479452,0.0547945205479452,0.0547945205479452,0.02,9,9,9
51,6,3.0,3.0,0.0821917808219178,0.0821917808219178,0.0821917808219178,0.02,"10,11",10,11
51,7,3.0,4.0,0.0821917808219178,0.0821917808219178,0.0821917808219178,0.02,12,12,12
51,8,3.0,4.0,0.1095890410958904,0.1095890410958904,0.1095890410958904,0.02,13,13,13
51,9,4.0,4.0,0.1095890410958904,0.1095890410958904,0.1095890410958904,0.02,14,14,14
51,10,4.0,5.0,0.1095890410958904,0.1095890410958904,0.1095890410958904,0.02,15,15,15
51,11,5.0,5.0,0.12328767123287676,0.12328767123287676,0.12328767123287676,0.02,16,16,16
51,12,5.0,6.0,0.136986301369863,0.136986301369863,0.136986301369863,0.02,17,17,17
51,13,6.0,6.0,0.1643835616438356,0.1643835616438356,0.1643835616438356,0.02,18,18,18
51,14,nie,nie,1.0,1.0,1.0,0.02,19,19,19
52,1,1.0,1.0,0.0,0.0,0.0,0.02,"1,2,3",1,3
52,2,1.0,1.0,0.028169014084507005,0.028169014084507005,0.028169014084507005,0.02,"4,5",4,5
52,3,2.0,2.0,0.028169014084507005,0.028169014084507005,0.028169014084507005,0.02,6,6,6
52,4,2.0,2.0,0.05633802816901412,0.05633802816901412,0.05633802816901412,0.02,"7,8",7,8
52,5,2.0,3.0,0.05633802816901412,0.05633802816901412,0.05633802816901412,0.02,9,9,9
52,6,3.0,3.0,0.09859154929577463,0.09859154929577463,0.09859154929577463,0.02,"10,11",10,11
52,7,3.0,4.0,0.09859154929577463,0.09859154929577463,0.09859154929577463,0.02,12,12,12
52,8,4.0,4.0,0.15492957746478875,0.15492957746478875,0.15492957746478875,0.02,"13,14",13,14
52,9,5.0,5.0,0.16901408450704225,0.16901408450704225,0.16901408450704225,0.02,15,15,15
52,10,5.0,5.0,0.23943661971830987,0.23943661971830987,0.23943661971830987,0.02,16,16,16
52,11,5.0,6.0,0.2816901408450704,0.2816901408450704,0.2816901408450704,0.02,17,17,17
52,12,6.0,7.0,0.3661971830985915,0.3661971830985915,0.3661971830985915,0.02,18,18,18
52,13,nie,nie,1.0,1.0,1.0,0.02,19,19,19
53,1,1.0,1.0,0.0,0.0,0.0,0.02,"1,2,3",1,3
53,2,1.0,1.0,0.02941176470588236,0.02941176470588236,0.02941176470588236,0.02,"4,5",4,5
53,3,2.0,2.0,0.0404411764705882,0.02941176470588236,0.044117647058823484,0.02,"6,7,8,9",6,9
53,4,2.0,3.0,0.07352941176470584,0.07352941176470584,0.07352941176470584,0.02,10,10,10
53,5,3.0,3.0,0.07352941176470584,0.07352941176470584,0.07352941176470584,0.02,"11,12",11,12
53,6,3.0,4.0,0.1029411764705882,0.1029411764705882,0.1029411764705882,0.02,13,13,13
53,7,4.0,4.0,0.1029411764705882,0.1029411764705882,0.1029411764705882,0.02,14,14,14
53,8,4.0,5.0,0.1029411764705882,0.1029411764705882,0.1029411764705882,0.02,15,15,15
53,9,5.0,5.0,0.13235294117647056,0.13235294117647056,0.13235294117647056,0.02,16,16,16
53,10,5.0,6.0,0.13235294117647056,0.13235294117647056,0.13235294117647056,0.02,17,17,17
53,11,6.0,7.0,0.13235294117647056,0.13235294117647056,0.13235294117647056,0.02,18,18,18
53,12,nie,nie,1.0,1.0,1.0,0.02,19,19,19
54,1,1.0,1.0,0.0,0.0,0.0,0.02,"1,2,3",1,3
54,2,1.0,1.0,0.025316455696202556,0.025316455696202556,0.025316455696202556,0.02,"4,5",4,5
54,3,1.0,2.0,0.025316455696202556,0.025316455696202556,0.025316455696202556,0.02,6,6,6
54,4,2.0,2.0,0.05063291139240511,0.05063291139240511,0.05063291139240511,0.02,"7,8,9",7,9
54,5,2.0,3.0,0.07594936708860756,0.07594936708860756,0.07594936708860756,0.02,10,10,10
54,6,3.0,3.0,0.07594936708860756,0.07594936708860756,0.07594936708860756,0.02,"11,12",11,12
54,7,3.0,4.0,0.12658227848101267,0.12658227848101267,0.12658227848101267,0.02,"13,14",13,14
54,8,4.0,5.0,0.12658227848101267,0.12658227848101267,0.12658227848101267,0.02,15,15,15
54,9,4.0,5.0,0.16455696202531644,0.16455696202531644,0.16455696202531644,0.02,16,16,16
54,10,5.0,5.0,0.17721518987341767,0.17721518987341767,0.17721518987341767,0.02,17,17,17
54,11,5.0,6.0,0.20253164556962022,0.20253164556962022,0.20253164556962022,0.02,18,18,18
54,12,nie,nie,1.0,1.0,1.0,0.02,19,19,19
55,1,1.0,1.0,0.005970149253731361,0.0,0.014925373134328401,0.02,"1,2,3,4,5",1,5
55,2,1.0,2.0,0.014925373134328401,0.014925373134328401,0.014925373134328401,0.02,6,6,6
55,3,2.0,2.0,0.02985074626865669,0.02985074626865669,0.02985074626865669,0.02,"7,8,9",7,9
55,4,2.0,3.0,0.04477611940298509,0.04477611940298509,0.04477611940298509,0.02,10,10,10
55,5,3.0,3.0,0.04477611940298509,0.04477611940298509,0.04477611940298509,0.02,"11,12",11,12
55,6,3.0,4.0,0.05970149253731338,0.05970149253731338,0.05970149253731338,0.02,"13,14",13,14
55,7,4.0,4.0,0.05970149253731338,0.05970149253731338,0.05970149253731338,0.02,15,15,15
55,8,4.0,5.0,0.07462686567164178,0.07462686567164178,0.07462686567164178,0.02,16,16,16
55,9,5.0,6.0,0.09701492537313433,0.08955223880597019,0.10447761194029848,0.02,"17,18",17,18
55,10,nie,nie,1.0,1.0,1.0,0.02,19,19,19
56,1,1.0,1.0,0.0,0.0,0.0,0.02,"1,2,3",1,3
56,2,1.0,1.0,0.038461538461538436,0.038461538461538436,0.038461538461538436,0.02,4,4,4
56,3,1.0,2.0,0.038461538461538436,0.038461538461538436,0.038461538461538436,0.02,5,5,5
56,4,2.0,2.0,0.038461538461538436,0.038461538461538436,0.038461538461538436,0.02,6,6,6
56,5,2.0,2.0,0.07692307692307687,0.07692307692307687,0.07692307692307687,0.02,"7,8",7,8
56,6,2.0,2.25,0.07692307692307687,0.07692307692307687,0.07692307692307687,0.02,9,9,9
56,7,2.0,3.0,0.09615384615384615,0.09615384615384615,0.09615384615384615,0.02,10,10,10
56,8,3.0,3.0,0.09615384615384615,0.09615384615384615,0.09615384615384615,0.02,"11,12",11,12
56,9,3.0,4.0,0.13461538461538458,0.13461538461538458,0.13461538461538458,0.02,13,13,13
56,10,4.0,4.0,0.13461538461538458,0.13461538461538458,0.13461538461538458,0.02,14,14,14
56,11,4.0,5.0,0.15384615384615385,0.15384615384615385,0.15384615384615385,0.02,15,15,15
56,12,5.0,5.0,0.1923076923076923,0.1923076923076923,0.1923076923076923,0.02,16,16,16
56,13,5.0,6.0,0.1923076923076923,0.1923076923076923,0.1923076923076923,0.02,17,17,17
56,14,6.0,6.0,0.21153846153846156,0.21153846153846156,0.21153846153846156,0.02,18,18,18
56,15,nie,nie,1.0,1.0,1.0,0.02,19,19,19
57,1,1.0,1.0,0.0,0.0,0.0,0.02,"1,2,3",1,3
57,2,1.0,1.0,0.027027027027026973,0.027027027027026973,0.027027027027026973,0.02,"4,5",4,5
57,3,1.0,2.0,0.027027027027026973,0.027027027027026973,0.027027027027026973,0.02,6,6,6
57,4,2.0,2.0,0.05405405405405406,0.05405405405405406,0.05405405405405406,0.02,"7,8,9",7,9
57,5,2.0,2.0,0.08108108108108103,0.08108108108108103,0.08108108108108103,0.02,10,10,10
57,6,3.0,3.0,0.08108108108108103,0.08108108108108103,0.08108108108108103,0.02,"11,12",11,12
57,7,3.0,3.0,0.10810810810810811,0.10810810810810811,0.10810810810810811,0.02,13,13,13
57,8,3.0,4.0,0.10810810810810811,0.10810810810810811,0.10810810810810811,0.02,14,14,14
57,9,4.0,4.0,0.10810810810810811,0.10810810810810811,0.10810810810810811,0.02,15,15,15
57,10,4.0,5.0,0.1351351351351351,0.1351351351351351,0.1351351351351351,0.02,16,16,16
57,11,5.0,5.0,0.14864864864864868,0.14864864864864868,0.14864864864864868,0.02,17,17,17
57,12,5.0,6.0,0.18918918918918914,0.18918918918918914,0.18918918918918914,0.02,18,18,18
57,13,nie,nie,1.0,1.0,1.0,0.02,19,19,19
58,1,1.0,1.0,0.0,0.0,0.0,0.02,"1,2,3",1,3
58,2,1.0,1.0,0.027027027027026973,0.027027027027026973,0.027027027027026973,0.02,4,4,4
58,3,1.0,1.25,0.027027027027026973,0.027027027027026973,0.027027027027026973,0.02,5,5,5
58,4,2.0,2.0,0.027027027027026973,0.027027027027026973,0.027027027027026973,0.02,6,6,6
58,5,2.0,2.0,0.05405405405405406,0.05405405405405406,0.05405405405405406,0.02,"7,8",7,8
58,6,2.0,3.0,0.05405405405405406,0.05405405405405406,0.05405405405405406,0.02,9,9,9
58,7,3.0,3.0,0.09459459459459463,0.09459459459459463,0.09459459459459463,0.02,"10,11",10,11
58,8,3.0,3.5,0.09459459459459463,0.09459459459459463,0.09459459459459463,0.02,12,12,12
58,9,4.0,4.0,0.14864864864864868,0.14864864864864868,0.14864864864864868,0.02,13,13,13
58,10,4.0,5.0,0.14864864864864868,0.14864864864864868,0.14864864864864868,0.02,14,14,14
58,11,4.5,5.0,0.16216216216216217,0.16216216216216217,0.16216216216216217,0.02,15,15,15
58,12,5.0,6.0,0.22972972972972971,0.22972972972972971,0.22972972972972971,0.02,16,16,16
58,13,6.0,6.0,0.2567567567567568,0.2567567567567568,0.2567567567567568,0.02,17,17,17
58,14,6.0,7.0,0.29729729729729726,0.29729729729729726,0.29729729729729726,0.02,18,18,18
58,15,nie,nie,1.0,1.0,1.0,0.02,19,19,19
59,1,1.0,1.0,0.0,0.0,0.0,0.02,"1,2,3",1,3
59,2,1.0,1.0,0.03125,0.03125,0.03125,0.02,"4,5",4,5
59,3,2.0,2.0,0.041666666666666664,0.03125,0.046875,0.02,"6,7,8",6,8
59,4,2.0,3.0,0.046875,0.046875,0.046875,0.02,9,9,9
59,5,2.0,3.0,0.078125,0.078125,0.078125,0.02,10,10,10
59,6,3.0,3.0,0.078125,0.078125,0.078125,0.02,11,11,11
59,7,3.0,4.0,0.078125,0.078125,0.078125,0.02,12,12,12
59,8,4.0,4.0,0.109375,0.109375,0.109375,0.02,13,13,13
59,9,4.0,5.0,0.109375,0.109375,0.109375,0.02,14,14,14
59,10,5.0,5.0,0.109375,0.109375,0.109375,0.02,15,15,15
59,11,5.0,6.0,0.140625,0.140625,0.140625,0.02,16,16,16
59,12,6.0,6.0,0.140625,0.140625,0.140625,0.02,17,17,17
59,13,6.0,7.0,0.15625,0.15625,0.15625,0.02,18,18,18
59,14,nie,nie,1.0,1.0,1.0,0.02,19,19,19
60,1,1.0,1.0,0.005555555555555536,0.0,0.01388888888888884,0.02,"1,2,3,4,5",1,5
60,2,1.0,2.0,0.01388888888888884,0.01388888888888884,0.01388888888888884,0.02,6,6,6
60,3,2.0,2.0,0.02777777777777779,0.02777777777777779,0.02777777777777779,0.02,"7,8,9",7,9
60,4,2.0,3.0,0.05555555555555558,0.05555555555555558,0.05555555555555558,0.02,10,10,10
60,5,3.0,3.0,0.05555555555555558,0.05555555555555558,0.05555555555555558,0.02,"11,12",11,12
60,6,3.0,3.0,0.08333333333333337,0.08333333333333337,0.08333333333333337,0.02,13,13,13
60,7,3.0,4.0,0.08333333333333337,0.08333333333333337,0.08333333333333337,0.02,14,14,14
60,8,3.5,4.0,0.08333333333333337,0.08333333333333337,0.08333333333333337,0.02,15,15,15
60,9,4.0,5.0,0.11111111111111116,0.11111111111111116,0.11111111111111116,0.02,"16,17",16,17
60,10,5.0,6.0,0.13888888888888884,0.13888888888888884,0.13888888888888884,0.02,18,18,18
60,11,nie,nie,1.0,1.0,1.0,0.02,19,19,19
61,1,1.0,1.0,0.005633802816901401,0.0,0.014084507042253502,0.02,"1,2,3,4,5",1,5
61,2,2.0,2.0,0.014084507042253502,0.014084507042253502,0.014084507042253502,0.02,6,6,6
61,3,2.0,2.0,0.04225352112676062,0.04225352112676062,0.04225352112676062,0.02,"7,8,9",7,9
61,4,3.0,3.0,0.07042253521126762,0.07042253521126762,0.07042253521126762,0.02,"10,11,12",10,12
61,5,4.0,4.0,0.11267605633802813,0.11267605633802813,0.11267605633802813,0.02,"13,14",13,14
61,6,4.0,5.0,0.12676056338028174,0.12676056338028174,0.12676056338028174,0.02,15,15,15
61,7,5.0,5.75,0.18309859154929575,0.18309859154929575,0.18309859154929575,0.02,16,16,16
61,8,6.0,6.0,0.21126760563380287,0.21126760563380287,0.21126760563380287,0.02,17,17,17
61,9,6.0,7.0,0.2535211267605634,0.2535211267605634,0.2535211267605634,0.02,18,18,18
61,10,nie,nie,1.0,1.0,1.0,0.02,19,19,19
62,1,1.0,1.0,0.0,0.0,0.0,0.02,"1,2,3",1,3
62,2,1.0,1.0,0.0273972602739726,0.0273972602739726,0.0273972602739726,0.02,"4,5",4,5
62,3,2.0,2.0,0.0273972602739726,0.0273972602739726,0.0273972602739726,0.02,6,6,6
62,4,2.0,2.0,0.06849315068493156,0.06849315068493156,0.06849315068493156,0.02,"7,8",7,8
62,5,2.0,3.0,0.07534246575342468,0.06849315068493156,0.0821917808219178,0.02,"9,10",9,10
62,6,3.0,3.0,0.0821917808219178,0.0821917808219178,0.0821917808219178,0.02,"11,12",11,12
62,7,3.0,4.0,0.1095890410958904,0.1095890410958904,0.1095890410958904,0.02,13,13,13
62,8,4.0,4.0,0.1095890410958904,0.1095890410958904,0.1095890410958904,0.02,14,14,14
62,9,4.0,5.0,0.1095890410958904,0.1095890410958904,0.1095890410958904,0.02,15,15,15
62,10,5.0,5.0,0.136986301369863,0.136986301369863,0.136986301369863,0.02,16,16,16
62,11,5.0,6.0,0.136986301369863,0.136986301369863,0.136986301369863,0.02,17,17,17
62,12,6.0,6.0,0.1643835616438356,0.1643835616438356,0.1643835616438356,0.02,18,18,18
62,13,nie,nie,1.0,1.0,1.0,0.02,19,19,19
63,1,1.0,1.0,0.0,0.0,0.0,0.02,"1,2,3",1,3
63,2,1.0,1.0,0.028169014084507005,0.028169014084507005,0.028169014084507005,0.02,4,4,4
63,3,1.0,2.0,0.028169014084507005,0.028169014084507005,0.028169014084507005,0.02,5,5,5
63,4,2.0,2.0,0.028169014084507005,0.028169014084507005,0.028169014084507005,0.02,6,6,6
63,5,2.0,2.0,0.07042253521126762,0.07042253521126762,0.07042253521126762,0.02,"7,8",7,8
63,6,2.0,3.0,0.07042253521126762,0.07042253521126762,0.07042253521126762,0.02,9,9,9
63,7,3.0,3.0,0.12676056338028174,0.12676056338028174,0.12676056338028174,0.02,"10,11",10,11
63,8,3.0,4.0,0.12676056338028174,0.12676056338028174,0.12676056338028174,0.02,12,12,12
63,9,4.0,4.0,0.16901408450704225,0.16901408450704225,0.16901408450704225,0.02,13,13,13
63,10,4.0,5.0,0.16901408450704225,0.16901408450704225,0.16901408450704225,0.02,14,14,14
63,11,5.0,5.0,0.18309859154929575,0.18309859154929575,0.18309859154929575,0.02,15,15,15
63,12,5.0,6.0,0.22535211267605637,0.22535211267605637,0.22535211267605637,0.02,16,16,16
63,13,6.0,6.0,0.2676056338028169,0.2676056338028169,0.2676056338028169,0.02,17,17,17
63,14,6.0,7.0,0.3098591549295775,0.3098591549295775,0.3098591549295775,0.02,18,18,18
63,15,nie,nie,1.0,1.0,1.0,0.02,19,19,19
64,1,1.0,1.0,0.0,0.0,0.0,0.02,"1,2,3",1,3
64,2,1.0,1.0,0.031746031746031744,0.031746031746031744,0.031746031746031744,0.02,4,4,4
64,3,1.0,2.0,0.031746031746031744,0.031746031746031744,0.031746031746031744,0.02,5,5,5
64,4,2.0,2.0,0.031746031746031744,0.031746031746031744,0.031746031746031744,0.02,6,6,6
64,5,2.0,2.0,0.07936507936507942,0.07936507936507942,0.07936507936507942,0.02,"7,8",7,8
64,6,2.0,3.0,0.07936507936507942,0.07936507936507942,0.07936507936507942,0.02,9,9,9
64,7,3.0,3.0,0.1428571428571429,0.1428571428571429,0.1428571428571429,0.02,"10,11",10,11
64,8,3.0,3.75,0.1428571428571429,0.1428571428571429,0.1428571428571429,0.02,12,12,12
64,9,4.0,4.0,0.19047619047619047,0.19047619047619047,0.19047619047619047,0.02,"13,14",13,14
64,10,4.0,5.0,0.2063492063492064,0.2063492063492064,0.2063492063492064,0.02,15,15,15
64,11,5.0,5.0,0.23809523809523814,0.23809523809523814,0.23809523809523814,0.02,16,16,16
64,12,5.0,6.0,0.25396825396825395,0.25396825396825395,0.25396825396825395,0.02,17,17,17
64,13,6.0,7.0,0.25396825396825395,0.25396825396825395,0.25396825396825395,0.02,18,18,18
64,14,nie,nie,1.0,1.0,1.0,0.02,19,19,19
65,1,1.0,1.0,0.0,0.0,0.0,0.02,"1,2,3",1,3
65,2,1.0,1.0,0.02631578947368418,0.02631578947368418,0.02631578947368418,0.02,"4,5",4,5
65,3,1.5,2.0,0.02631578947368418,0.02631578947368418,0.02631578947368418,0.02,6,6,6
65,4,2.0,2.0,0.06578947368421051,0.06578947368421051,0.06578947368421051,0.02,"7,8,9",7,9
65,5,2.0,3.0,0.10526315789473684,0.10526315789473684,0.10526315789473684,0.02,10,10,10
65,6,3.0,3.0,0.10526315789473684,0.10526315789473684,0.10526315789473684,0.02,"11,12",11,12
65,7,3.0,4.0,0.17105263157894735,0.17105263157894735,0.17105263157894735,0.02,"13,14",13,14
65,8,4.0,4.0,0.1842105263157895,0.1842105263157895,0.1842105263157895,0.02,15,15,15
65,9,4.0,5.0,0.21052631578947367,0.21052631578947367,0.21052631578947367,0.02,16,16,16
65,10,4.0,5.0,0.23684210526315785,0.23684210526315785,0.23684210526315785,0.02,17,17,17
65,11,5.0,5.0,0.25,0.25,0.25,0.02,18,18,18
65,12,nie,nie,1.0,1.0,1.0,0.02,19,19,19
66,1,1.0,1.0,0.0,0.0,0.0,0.02,"1,2,3",1,3
66,2,1.0,1.0,0.024691358024691357,0.024691358024691357,0.024691358024691357,0.02,4,4,4
66,3,1.0,2.0,0.024691358024691357,0.024691358024691357,0.024691358024691357,0.02,5,5,5
66,4,2.0,2.0,0.024691358024691357,0.024691358024691357,0.024691358024691357,0.02,6,6,6
66,5,2.0,2.0,0.04938271604938271,0.04938271604938271,0.04938271604938271,0.02,"7,8",7,8
66,6,2.0,3.0,0.04938271604938271,0.04938271604938271,0.04938271604938271,0.02,9,9,9
66,7,3.0,3.0,0.0864197530864198,0.0864197530864198,0.0864197530864198,0.02,"10,11",10,11
66,8,3.0,4.0,0.0864197530864198,0.0864197530864198,0.0864197530864198,0.02,12,12,12
66,9,4.0,4.0,0.13580246913580252,0.13580246913580252,0.13580246913580252,0.02,13,13,13
66,10,4.0,5.0,0.13580246913580252,0.13580246913580252,0.13580246913580252,0.02,14,14,14
66,11,5.0,5.0,0.14814814814814814,0.14814814814814814,0.14814814814814814,0.02,15,15,15
66,12,5.0,6.0,0.18518518518518523,0.18518518518518523,0.18518518518518523,0.02,16,16,16
66,13,6.0,7.0,0.2098765432098766,0.2098765432098766,0.2098765432098766,0.02,17,17,17
66,14,7.0,8.0,0.24691358024691357,0.24691358024691357,0.24691358024691357,0.02,18,18,18
66,15,nie,nie,1.0,1.0,1.0,0.02,19,19,19
67,1,1.0,1.0,0.00625,0.0,0.015625,0.02,"1,2,3,4,5",1,5
67,2,1.0,2.0,0.015625,0.015625,0.015625,0.02,6,6,6
67,3,2.0,2.0,0.03125,0.03125,0.03125,0.02,"7,8,9",7,9
67,4,2.0,3.0,0.046875,0.046875,0.046875,0.02,10,10,10
67,5,3.0,3.0,0.052083333333333336,0.046875,0.0625,0.02,"11,12,13",11,13
67,6,3.0,4.0,0.0625,0.0625,0.0625,0.02,14,14,14
67,7,4.0,4.0,0.078125,0.078125,0.078125,0.02,15,15,15
67,8,4.0,5.0,0.1171875,0.109375,0.125,0.02,"16,17",16,17
67,9,5.0,5.0,0.140625,0.140625,0.140625,0.02,18,18,18
67,10,nie,nie,1.0,1.0,1.0,0.02,19,19,19
68,1,1.0,1.0,0.005714285714285694,0.0,0.014285714285714235,0.02,"1,2,3,4,5",1,5
68,2,1.0,2.0,0.014285714285714235,0.014285714285714235,0.014285714285714235,0.02,6,6,6
68,3,2.0,2.0,0.042857142857142816,0.042857142857142816,0.042857142857142816,0.02,"7,8,9",7,9
68,4,2.0,3.0,0.05714285714285716,0.05714285714285716,0.05714285714285716,0.02,10,10,10
68,5,3.0,3.0,0.05714285714285716,0.05714285714285716,0.05714285714285716,0.02,"11,12",11,12
68,6,3.0,4.0,0.0714285714285714,0.0714285714285714,0.0714285714285714,0.02,"13,14",13,14
68,7,4.0,4.0,0.0714285714285714,0.0714285714285714,0.0714285714285714,0.02,15,15,15
68,8,4.0,5.0,0.09999999999999998,0.09999999999999998,0.09999999999999998,0.02,16,16,16
68,9,5.0,5.0,0.09999999999999998,0.09999999999999998,0.09999999999999998,0.02,17,17,17
68,10,5.0,6.0,0.12857142857142856,0.12857142857142856,0.12857142857142856,0.02,18,18,18
68,11,nie,nie,1.0,1.0,1.0,0.02,19,19,19
69,1,1.0,1.0,0.0,0.0,0.0,0.02,"1,2,3",1,3
69,2,1.0,1.0,0.02777777777777779,0.02777777777777779,0.02777777777777779,0.02,"4,5",4,5
69,3,1.0,2.0,0.02777777777777779,0.02777777777777779,0.02777777777777779,0.02,6,6,6
69,4,2.0,2.0,0.05555555555555558,0.05555555555555558,0.05555555555555558,0.02,"7,8,9",7,9
69,5,2.0,3.0,0.09722222222222221,0.09722222222222221,0.09722222222222221,0.02,10,10,10
69,6,3.0,3.0,0.09722222222222221,0.09722222222222221,0.09722222222222221,0.02,"11,12",11,12
69,7,3.0,3.5,0.125,0.125,0.125,0.02,13,13,13
69,8,3.0,4.0,0.125,0.125,0.125,0.02,14,14,14
69,9,4.0,4.0,0.13888888888888884,0.13888888888888884,0.13888888888888884,0.02,15,15,15
69,10,4.0,5.0,0.16666666666666663,0.16666666666666663,0.16666666666666663,0.02,16,16,16
69,11,4.0,5.0,0.19444444444444442,0.19444444444444442,0.19444444444444442,0.02,17,17,17
69,12,5.0,6.0,0.2222222222222222,0.2222222222222222,0.2222222222222222,0.02,18,18,18
69,13,nie,nie,1.0,1.0,1.0,0.02,19,19,19
70,1,1.0,1.0,0.00512820512820511,0.0,0.012820512820512775,0.02,"1,2,3,4,5",1,5
70,2,1.0,2.0,0.012820512820512775,0.012820512820512775,0.012820512820512775,0.02,6,6,6
70,3,2.0,2.0,0.038461538461538436,0.038461538461538436,0.038461538461538436,0.02,"7,8,9",7,9
70,4,2.0,3.0,0.0641025641025641,0.0641025641025641,0.0641025641025641,0.02,10,10,10
70,5,3.0,3.0,0.0641025641025641,0.0641025641025641,0.0641025641025641,0.02,"11,12",11,12
70,6,3.0,4.0,0.11538461538461542,0.11538461538461542,0.11538461538461542,0.02,13,13,13
70,7,4.0,4.0,0.11538461538461542,0.11538461538461542,0.11538461538461542,0.02,"14,15",14,15
70,8,4.0,5.0,0.14102564102564108,0.14102564102564108,0.14102564102564108,0.02,16,16,16
70,9,5.0,5.0,0.14102564102564108,0.14102564102564108,0.14102564102564108,0.02,17,17,17
70,10,5.0,6.0,0.15384615384615385,0.15384615384615385,0.15384615384615385,0.02,18,18,18
70,11,nie,nie,1.0,1.0,1.0,0.02,19,19,19
71,1,1.0,1.0,0.0,0.0,0.0,0.02,"1,2,3",1,3
71,2,1.0,1.0,0.02777777777777779,0.02777777777777779,0.02777777777777779,0.02,"4,5",4,5
71,3,2.0,2.0,0.03819444444444442,0.02777777777777779,0.04166666666666663,0.02,"6,7,8,9",6,9
71,4,2.0,3.0,0.06944444444444442,0.06944444444444442,0.06944444444444442,0.02,10,10,10
71,5,3.0,3.0,0.06944444444444442,0.06944444444444442,0.06944444444444442,0.02,"11,12",11,12
71,6,3.0,4.0,0.11111111111111116,0.11111111111111116,0.11111111111111116,0.02,13,13,13
71,7,4.0,4.0,0.11111111111111116,0.11111111111111116,0.11111111111111116,0.02,14,14,14
71,8,4.0,5.0,0.125,0.125,0.125,0.02,15,15,15
71,9,4.0,5.0,0.16666666666666663,0.16666666666666663,0.16666666666666663,0.02,16,16,16
71,10,5.0,6.0,0.18055555555555558,0.18055555555555558,0.18055555555555558,0.02,17,17,17
71,11,5.5,6.0,0.19444444444444442,0.19444444444444442,0.19444444444444442,0.02,18,18,18
71,12,nie,nie,1.0,1.0,1.0,0.02,19,19,19
72,1,1.0,1.0,0.00588235294117645,0.0,0.014705882352941124,0.02,"1,2,3,4,5",1,5
72,2,2.0,2.0,0.024509803921568613,0.014705882352941124,0.02941176470588236,0.02,"6,7,8",6,8
72,3,2.0,2.75,0.02941176470588236,0.02941176470588236,0.02941176470588236,0.02,9,9,9
72,4,2.0,3.0,0.05882352941176472,0.05882352941176472,0.05882352941176472,0.02,10,10,10
72,5,3.0,3.0,0.05882352941176472,0.05882352941176472,0.05882352941176472,0.02,"11,12",11,12
72,6,3.0,4.0,0.1029411764705882,0.1029411764705882,0.1029411764705882,0.02,13,13,13
72,7,4.0,4.0,0.1029411764705882,0.1029411764705882,0.1029411764705882,0.02,14,14,14
72,8,4.0,5.0,0.11764705882352944,0.11764705882352944,0.11764705882352944,0.02,15,15,15
72,9,5.0,5.0,0.13235294117647056,0.13235294117647056,0.13235294117647056,0.02,16,16,16
72,10,5.0,6.0,0.1470588235294118,0.1470588235294118,0.1470588235294118,0.02,17,17,17
72,11,6.0,7.0,0.17647058823529416,0.17647058823529416,0.17647058823529416,0.02,18,18,18
72,12,nie,nie,1.0,1.0,1.0,0.02,19,19,19
73,1,1.0,1.0,0.0,0.0,0.0,0.02,"1,2,3",1,3
73,2,1.0,1.0,0.02985074626865669,0.02985074626865669,0.02985074626865669,0.02,"4,5",4,5
73,3,2.0,2.0,0.04104477611940299,0.02985074626865669,0.04477611940298509,0.02,"6,7,8,9",6,9
73,4,2.0,3.0,0.05970149253731338,0.05970149253731338,0.05970149253731338,0.02,10,10,10
73,5,3.0,3.0,0.05970149253731338,0.05970149253731338,0.05970149253731338,0.02,"11,12",11,12
73,6,3.0,4.0,0.08955223880597019,0.08955223880597019,0.08955223880597019,0.02,13,13,13
73,7,4.0,4.0,0.08955223880597019,0.08955223880597019,0.08955223880597019,0.02,14,14,14
73,8,4.0,5.0,0.08955223880597019,0.08955223880597019,0.08955223880597019,0.02,15,15,15
73,9,5.0,5.0,0.10447761194029848,0.10447761194029848,0.10447761194029848,0.02,16,16,16
73,10,5.0,6.0,0.11940298507462688,0.11940298507462688,0.11940298507462688,0.02,17,17,17
73,11,6.0,7.0,0.14925373134328357,0.14925373134328357,0.14925373134328357,0.02,18,18,18
73,12,nie,nie,1.0,1.0,1.0,0.02,19,19,19
74,1,1.0,1.0,0.0052631578947368585,0.0,0.013157894736842146,0.02,"1,2,3,4,5",1,5
74,2,2.0,2.0,0.013157894736842146,0.013157894736842146,0.013157894736842146,0.02,6,6,6
74,3,2.0,2.0,0.03947368421052633,0.03947368421052633,0.03947368421052633,0.02,"7,8",7,8
74,4,2.0,3.0,0.03947368421052633,0.03947368421052633,0.03947368421052633,0.02,9,9,9
74,5,2.0,3.0,0.06578947368421051,0.06578947368421051,0.06578947368421051,0.02,10,10,10
74,6,3.0,3.0,0.06578947368421051,0.06578947368421051,0.06578947368421051,0.02,"11,12",11,12
74,7,3.0,4.0,0.10526315789473684,0.10526315789473684,0.10526315789473684,0.02,13,13,13
74,8,4.0,4.0,0.10526315789473684,0.10526315789473684,0.10526315789473684,0.02,14,14,14
74,9,4.0,5.0,0.10526315789473684,0.10526315789473684,0.10526315789473684,0.02,15,15,15
74,10,5.0,5.0,0.11842105263157898,0.11842105263157898,0.11842105263157898,0.02,16,16,16
74,11,5.0,6.0,0.11842105263157898,0.11842105263157898,0.11842105263157898,0.02,17,17,17
74,12,6.0,6.0,0.13157894736842102,0.13157894736842102,0.13157894736842102,0.02,18,18,18
74,13,nie,nie,1.0,1.0,1.0,0.02,19,19,19
75,1,1.0,1.0,0.0,0.0,0.0,0.02,"1,2,3",1,3
75,2,1.0,1.0,0.02985074626865669,0.02985074626865669,0.02985074626865669,0.02,"4,5",4,5
75,3,1.0,2.0,0.02985074626865669,0.02985074626865669,0.02985074626865669,0.02,6,6,6
75,4,2.0,2.0,0.05970149253731338,0.05970149253731338,0.05970149253731338,0.02,"7,8,9",7,9
75,5,2.0,2.25,0.10447761194029848,0.10447761194029848,0.10447761194029848,0.02,10,10,10
75,6,3.0,3.0,0.10447761194029848,0.10447761194029848,0.10447761194029848,0.02,"11,12",11,12
75,7,3.0,3.0,0.13432835820895528,0.13432835820895528,0.13432835820895528,0.02,13,13,13
75,8,3.0,4.0,0.13432835820895528,0.13432835820895528,0.13432835820895528,0.02,14,14,14
75,9,4.0,4.0,0.13432835820895528,0.13432835820895528,0.13432835820895528,0.02,15,15,15
75,10,4.0,5.0,0.14925373134328357,0.14925373134328357,0.14925373134328357,0.02,16,16,16
75,11,5.0,6.0,0.15671641791044777,0.14925373134328357,0.16417910447761197,0.02,"17,18",17,18
75,12,nie,nie,1.0,1.0,1.0,0.02,19,19,19
76,1,1.0,1.0,0.0,0.0,0.0,0.02,"1,2,3",1,3
76,2,1.0,1.0,0.036363636363636376,0.036363636363636376,0.036363636363636376,0.02,"4,5",4,5
76,3,2.0,2.0,0.036363636363636376,0.036363636363636376,0.036363636363636376,0.02,6,6,6
76,4,2.0,2.0,0.07272727272727275,0.07272727272727275,0.07272727272727275,0.02,"7,8",7,8
76,5,2.0,3.0,0.07272727272727275,0.07272727272727275,0.07272727272727275,0.02,9,9,9
76,6,2.0,3.0,0.10909090909090913,0.10909090909090913,0.10909090909090913,0.02,10,10,10
76,7,3.0,3.0,0.10909090909090913,0.10909090909090913,0.10909090909090913,0.02,11,11,11
76,8,3.0,4.0,0.11818181818181822,0.10909090909090913,0.12727272727272732,0.02,"12,13",12,13
76,9,4.0,4.25,0.12727272727272732,0.12727272727272732,0.12727272727272732,0.02,14,14,14
76,10,4.0,5.0,0.12727272727272732,0.12727272727272732,0.12727272727272732,0.02,15,15,15
76,11,5.0,5.0,0.1636363636363637,0.1636363636363637,0.1636363636363637,0.02,16,16,16
76,12,5.0,6.0,0.18181818181818177,0.18181818181818177,0.18181818181818177,0.02,17,17,17
76,13,6.0,7.0,0.19999999999999996,0.19999999999999996,0.19999999999999996,0.02,18,18,18
76,14,nie,nie,1.0,1.0,1.0,0.02,19,19,19
77,1,1.0,1.0,0.0,0.0,0.0,0.02,"1,2,3",1,3
77,2,1.0,1.0,0.03076923076923077,0.03076923076923077,0.03076923076923077,0.02,"4,5",4,5
77,3,2.0,2.0,0.03076923076923077,0.03076923076923077,0.03076923076923077,0.02,6,6,6
77,4,2.0,2.0,0.06153846153846154,0.06153846153846154,0.06153846153846154,0.02,"7,8",7,8
77,5,2.0,3.0,0.06153846153846154,0.06153846153846154,0.06153846153846154,0.02,9,9,9
77,6,2.5,3.0,0.10769230769230764,0.10769230769230764,0.10769230769230764,0.02,10,10,10
77,7,3.0,3.0,0.10769230769230764,0.10769230769230764,0.10769230769230764,0.02,11,11,11
77,8,3.0,3.75,0.10769230769230764,0.10769230769230764,0.10769230769230764,0.02,12,12,12
77,9,3.0,4.0,0.16923076923076918,0.16923076923076918,0.16923076923076918,0.02,13,13,13
77,10,4.0,4.0,0.16923076923076918,0.16923076923076918,0.16923076923076918,0.02,14,14,14
77,11,4.0,5.0,0.18461538461538463,0.18461538461538463,0.18461538461538463,0.02,15,15,15
77,12,4.0,5.0,0.2153846153846154,0.2153846153846154,0.2153846153846154,0.02,16,16,16
77,13,5.0,5.0,0.23076923076923073,0.23076923076923073,0.23076923076923073,0.02,17,17,17
77,14,6.0,6.0,0.2615384615384615,0.2615384615384615,0.2615384615384615,0.02,18,18,18
77,15,nie,nie,1.0,1.0,1.0,0.02,19,19,19
78,1,1.0,1.0,0.00588235294117645,0.0,0.014705882352941124,0.02,"1,2,3,4,5",1,5
78,2,1.0,2.0,0.014705882352941124,0.014705882352941124,0.014705882352941124,0.02,6,6,6
78,3,2.0,2.0,0.02941176470588236,0.02941176470588236,0.02941176470588236,0.02,"7,8,9",7,9
78,4,2.0,3.0,0.05882352941176472,0.05882352941176472,0.05882352941176472,0.02,10,10,10
78,5,3.0,3.0,0.05882352941176472,0.05882352941176472,0.05882352941176472,0.02,"11,12",11,12
78,6,3.0,4.0,0.1029411764705882,0.1029411764705882,0.1029411764705882,0.02,"13,14",13,14
78,7,4.0,5.0,0.1029411764705882,0.1029411764705882,0.1029411764705882,0.02,15,15,15
78,8,4.0,5.0,0.1470588235294118,0.1470588235294118,0.1470588235294118,0.02,16,16,16
78,9,5.0,5.75,0.1470588235294118,0.1470588235294118,0.1470588235294118,0.02,17,17,17
78,10,5.0,6.0,0.16176470588235292,0.16176470588235292,0.16176470588235292,0.02,18,18,18
78,11,nie,nie,1.0,1.0,1.0,0.02,19,19,19
79,1,1.0,1.0,0.00625,0.0,0.015625,0.02,"1,2,3,4,5",1,5
79,2,2.0,2.0,0.015625,0.015625,0.015625,0.02,6,6,6
79,3,2.0,2.0,0.046875,0.046875,0.046875,0.02,"7,8,9",7,9
79,4,2.0,3.0,0.0625,0.0625,0.0625,0.02,10,10,10
79,5,3.0,3.0,0.0625,0.0625,0.0625,0.02,"11,12",11,12
79,6,3.0,4.0,0.09375,0.09375,0.09375,0.02,13,13,13
79,7,4.0,4.0,0.09375,0.09375,0.09375,0.02,14,14,14
79,8,4.0,5.0,0.109375,0.109375,0.109375,0.02,15,15,15
79,9,4.0,5.0,0.140625,0.140625,0.140625,0.02,16,16,16
79,10,5.0,6.0,0.15625,0.15625,0.15625,0.02,17,17,17
79,11,5.0,7.0,0.1875,0.1875,0.1875,0.02,18,18,18
79,12,nie,nie,1.0,1.0,1.0,0.02,19,19,19
80,1,1.0,1.0,0.0040983606557377095,0.0,0.016393442622950838,0.02,"1,2,3,4",1,4
80,2,1.0,2.0,0.016393442622950838,0.016393442622950838,0.016393442622950838,0.02,5,5,5
80,3,2.0,2.0,0.016393442622950838,0.016393442622950838,0.016393442622950838,0.02,6,6,6
80,4,2.0,2.0,0.049180327868852514,0.049180327868852514,0.049180327868852514,0.02,"7,8",7,8
80,5,2.0,3.0,0.049180327868852514,0.049180327868852514,0.049180327868852514,0.02,9,9,9
80,6,3.0,3.0,0.08196721311475408,0.08196721311475408,0.08196721311475408,0.02,"10,11",10,11
80,7,3.0,4.0,0.08196721311475408,0.08196721311475408,0.08196721311475408,0.02,12,12,12
80,8,4.0,4.0,0.1311475409836066,0.1311475409836066,0.1311475409836066,0.02,13,13,13
80,9,4.0,5.0,0.1311475409836066,0.1311475409836066,0.1311475409836066,0.02,14,14,14
80,10,5.0,5.0,0.14754098360655743,0.14754098360655743,0.14754098360655743,0.02,15,15,15
80,11,5.0,6.0,0.19672131147540983,0.19672131147540983,0.19672131147540983,0.02,16,16,16
80,12,6.0,7.0,0.2295081967213115,0.2295081967213115,0.2295081967213115,0.02,17,17,17
80,13,7.0,7.0,0.2786885245901639,0.2786885245901639,0.2786885245901639,0.02,18,18,18
80,14,nie,nie,1.0,1.0,1.0,0.02,19,19,19
81,1,1.0,1.0,0.0,0.0,0.0,0.02,"1,2,3",1,3
81,2,1.0,1.0,0.033333333333333326,0.033333333333333326,0.033333333333333326,0.02,"4,5",4,5
81,3,2.0,2.0,0.033333333333333326,0.033333333333333326,0.033333333333333326,0.02,6,6,6
81,4,2.0,2.0,0.06666666666666665,0.06666666666666665,0.06666666666666665,0.02,"7,8,9",7,9
81,5,2.0,3.0,0.09999999999999998,0.09999999999999998,0.09999999999999998,0.02,10,10,10
81,6,3.0,3.0,0.09999999999999998,0.09999999999999998,0.09999999999999998,0.02,"11,12",11,12
81,7,3.0,4.0,0.1333333333333333,0.1333333333333333,0.1333333333333333,0.02,"13,14",13,14
81,8,4.0,5.0,0.1333333333333333,0.1333333333333333,0.1333333333333333,0.02,15,15,15
81,9,4.0,5.0,0.16666666666666663,0.16666666666666663,0.16666666666666663,0.02,16,16,16
81,10,5.0,6.0,0.18333333333333335,0.18333333333333335,0.18333333333333335,0.02,17,17,17
81,11,6.0,7.0,0.19999999999999996,0.19999999999999996,0.19999999999999996,0.02,18,18,18
81,12,nie,nie,1.0,1.0,1.0,0.02,19,19,19
82,1,1.0,1.0,0.00588235294117645,0.0,0.014705882352941124,0.02,"1,2,3,4,5",1,5
82,2,2.0,2.0,0.014705882352941124,0.014705882352941124,0.014705882352941124,0.02,6,6,6
82,3,2.0,2.0,0.044117647058823484,0.044117647058823484,0.044117647058823484,0.02,"7,8",7,8
82,4,2.0,3.0,0.0514705882352941,0.044117647058823484,0.05882352941176472,0.02,"9,10",9,10
82,5,3.0,3.0,0.05882352941176472,0.05882352941176472,0.05882352941176472,0.02,"11,12",11,12
82,6,3.0,4.0,0.07352941176470584,0.07352941176470584,0.07352941176470584,0.02,13,13,13
82,7,4.0,4.5,0.07352941176470584,0.07352941176470584,0.07352941176470584,0.02,14,14,14
82,8,4.0,5.0,0.07352941176470584,0.07352941176470584,0.07352941176470584,0.02,15,15,15
82,9,5.0,5.0,0.08823529411764708,0.08823529411764708,0.08823529411764708,0.02,16,16,16
82,10,5.0,6.0,0.08823529411764708,0.08823529411764708,0.08823529411764708,0.02,17,17,17
82,11,6.0,7.0,0.1029411764705882,0.1029411764705882,0.1029411764705882,0.02,18,18,18
82,12,nie,nie,1.0,1.0,1.0,0.02,19,19,19
83,1,1.0,1.0,0.006060606060606055,0.0,0.015151515151515138,0.02,"1,2,3,4,5",1,5
83,2,1.0,2.0,0.015151515151515138,0.015151515151515138,0.015151515151515138,0.02,6,6,6
83,3,2.0,2.0,0.045454545454545414,0.045454545454545414,0.045454545454545414,0.02,"7,8,9",7,9
83,4,2.0,2.0,0.0757575757575758,0.0757575757575758,0.0757575757575758,0.02,10,10,10
83,5,3.0,3.0,0.0757575757575758,0.0757575757575758,0.0757575757575758,0.02,"11,12",11,12
83,6,3.0,3.0,0.12121212121212122,0.12121212121212122,0.12121212121212122,0.02,13,13,13
83,7,3.0,4.0,0.12121212121212122,0.12121212121212122,0.12121212121212122,0.02,14,14,14
83,8,4.0,4.0,0.12121212121212122,0.12121212121212122,0.12121212121212122,0.02,15,15,15
83,9,4.0,5.0,0.13636363636363635,0.13636363636363635,0.13636363636363635,0.02,16,16,16
83,10,5.0,5.0,0.13636363636363635,0.13636363636363635,0.13636363636363635,0.02,17,17,17
83,11,5.0,6.0,0.1515151515151515,0.1515151515151515,0.1515151515151515,0.02,18,18,18
83,12,nie,nie,1.0,1.0,1.0,0.02,19,19,19
84,1,1.0,1.0,0.0,0.0,0.0,0.02,"1,2,3",1,3
84,2,1.0,1.0,0.030303030303030276,0.030303030303030276,0.030303030303030276,0.02,"4,5",4,5
84,3,1.0,2.0,0.030303030303030276,0.030303030303030276,0.030303030303030276,0.02,6,6,6
84,4,2.0,2.0,0.06060606060606055,0.06060606060606055,0.06060606060606055,0.02,"7,8,9",7,9
84,5,2.0,3.0,0.09090909090909094,0.09090909090909094,0.09090909090909094,0.02,"10,11",10,11
84,6,3.0,3.0,0.09090909090909094,0.09090909090909094,0.09090909090909094,0.02,12,12,12
84,7,3.0,3.75,0.12121212121212122,0.12121212121212122,0.12121212121212122,0.02,13,13,13
84,8,3.0,4.0,0.12121212121212122,0.12121212121212122,0.12121212121212122,0.02,14,14,14
84,9,4.0,4.0,0.13636363636363635,0.13636363636363635,0.13636363636363635,0.02,15,15,15
84,10,4.0,5.0,0.1515151515151515,0.1515151515151515,0.1515151515151515,0.02,16,16,16
84,11,5.0,5.0,0.1515151515151515,0.1515151515151515,0.1515151515151515,0.02,17,17,17
84,12,5.0,6.0,0.18181818181818177,0.18181818181818177,0.18181818181818177,0.02,18,18,18
84,13,nie,nie,1.0,1.0,1.0,0.02,19,19,19
85,1,1.0,1.0,0.0,0.0,0.0,0.02,"1,2,3",1,3
85,2,1.0,1.0,0.028169014084507005,0.028169014084507005,0.028169014084507005,0.02,"4,5",4,5
85,3,2.0,2.0,0.028169014084507005,0.028169014084507005,0.028169014084507005,0.02,6,6,6
85,4,2.0,2.0,0.07042253521126762,0.07042253521126762,0.07042253521126762,0.02,"7,8",7,8
85,5,2.0,2.75,0.07042253521126762,0.07042253521126762,0.07042253521126762,0.02,9,9,9
85,6,2.0,3.0,0.11267605633802813,0.11267605633802813,0.11267605633802813,0.02,10,10,10
85,7,3.0,3.0,0.11267605633802813,0.11267605633802813,0.11267605633802813,0.02,"11,12",11,12
85,8,3.0,4.0,0.15492957746478875,0.15492957746478875,0.15492957746478875,0.02,13,13,13
85,9,4.0,4.0,0.15492957746478875,0.15492957746478875,0.15492957746478875,0.02,14,14,14
85,10,4.0,5.0,0.15492957746478875,0.15492957746478875,0.15492957746478875,0.02,15,15,15
85,11,5.0,5.0,0.18309859154929575,0.18309859154929575,0.18309859154929575,0.02,16,16,16
85,12,5.0,6.0,0.19718309859154926,0.19718309859154926,0.19718309859154926,0.02,17,17,17
85,13,5.5,7.0,0.21126760563380287,0.21126760563380287,0.21126760563380287,0.02,18,18,18
85,14,nie,nie,1.0,1.0,1.0,0.02,19,19,19
86,1,1.0,1.0,0.0,0.0,0.0,0.02,"1,2,3",1,3
86,2,1.0,1.0,0.03389830508474578,0.03389830508474578,0.03389830508474578,0.02,"4,5",4,5
86,3,2.0,2.0,0.03389830508474578,0.03389830508474578,0.03389830508474578,0.02,6,6,6
86,4,2.0,2.0,0.06779661016949157,0.06779661016949157,0.06779661016949157,0.02,"7,8,9",7,9
86,5,2.0,3.0,0.11864406779661019,0.11864406779661019,0.11864406779661019,0.02,10,10,10
86,6,3.0,3.0,0.11864406779661019,0.11864406779661019,0.11864406779661019,0.02,"11,12",11,12
86,7,3.0,4.0,0.2033898305084746,0.2033898305084746,0.2033898305084746,0.02,13,13,13
86,8,4.0,4.0,0.2033898305084746,0.2033898305084746,0.2033898305084746,0.02,"14,15",14,15
86,9,5.0,5.0,0.2542372881355932,0.2542372881355932,0.2542372881355932,0.02,16,16,16
86,10,5.0,6.0,0.27118644067796616,0.27118644067796616,0.27118644067796616,0.02,17,17,17
86,11,6.0,6.75,0.288135593220339,0.288135593220339,0.288135593220339,0.02,18,18,18
86,12,nie,nie,1.0,1.0,1.0,0.02,19,19,19
87,1,1.0,1.0,0.006153846153846132,0.0,0.01538461538461533,0.02,"1,2,3,4,5",1,5
87,2,2.0,2.0,0.01538461538461533,0.01538461538461533,0.01538461538461533,0.02,6,6,6
87,3,2.0,2.0,0.0461538461538461,0.0461538461538461,0.0461538461538461,0.02,"7,8",7,8
87,4,2.0,3.0,0.0461538461538461,0.0461538461538461,0.0461538461538461,0.02,9,9,9
87,5,2.0,3.0,0.09230769230769231,0.09230769230769231,0.09230769230769231,0.02,10,10,10
87,6,3.0,3.0,0.09230769230769231,0.09230769230769231,0.09230769230769231,0.02,"11,12",11,12
87,7,3.0,4.0,0.1384615384615384,0.1384615384615384,0.1384615384615384,0.02,13,13,13
87,8,4.0,5.0,0.14615384615384613,0.1384615384615384,0.15384615384615385,0.02,"14,15",14,15
87,9,5.0,5.0,0.18461538461538463,0.18461538461538463,0.18461538461538463,0.02,16,16,16
87,10,5.0,6.0,0.19999999999999996,0.19999999999999996,0.19999999999999996,0.02,17,17,17
87,11,6.0,7.0,0.23076923076923073,0.23076923076923073,0.23076923076923073,0.02,18,18,18
87,12,nie,nie,1.0,1.0,1.0,0.02,19,19,19
88,1,1.0,1.0,0.0,0.0,0.0,0.02,"1,2,3",1,3
88,2,1.0,1.0,0.02564102564102566,0.02564102564102566,0.02564102564102566,0.02,"4,5",4,5
88,3,1.5,2.0,0.02564102564102566,0.02564102564102566,0.02564102564102566,0.02,6,6,6
88,4,2.0,2.0,0.05128205128205132,0.05128205128205132,0.05128205128205132,0.02,"7,8,9",7,9
88,5,2.0,3.0,0.0641025641025641,0.0641025641025641,0.0641025641025641,0.02,10,10,10
88,6,3.0,3.0,0.0641025641025641,0.0641025641025641,0.0641025641025641,0.02,"11,12",11,12
88,7,3.0,4.0,0.08974358974358976,0.08974358974358976,0.08974358974358976,0.02,13,13,13
88,8,4.0,4.0,0.08974358974358976,0.08974358974358976,0.08974358974358976,0.02,14,14,14
88,9,4.0,5.0,0.08974358974358976,0.08974358974358976,0.08974358974358976,0.02,15,15,15
88,10,5.0,5.0,0.1282051282051282,0.1282051282051282,0.1282051282051282,0.02,16,16,16
88,11,5.0,6.0,0.14102564102564108,0.14102564102564108,0.14102564102564108,0.02,17,17,17
88,12,6.0,6.0,0.1923076923076923,0.1923076923076923,0.1923076923076923,0.02,18,18,18
88,13,nie,nie,1.0,1.0,1.0,0.02,19,19,19
89,1,1.0,1.0,0.005714285714285694,0.0,0.014285714285714235,0.02,"1,2,3,4,5",1,5
89,2,1.0,2.0,0.014285714285714235,0.014285714285714235,0.014285714285714235,0.02,6,6,6
89,3,2.0,2.0,0.02857142857142858,0.02857142857142858,0.02857142857142858,0.02,"7,8,9",7,9
89,4,2.0,3.0,0.042857142857142816,0.042857142857142816,0.042857142857142816,0.02,10,10,10
89,5,3.0,3.0,0.042857142857142816,0.042857142857142816,0.042857142857142816,0.02,"11,12",11,12
89,6,3.0,4.0,0.0714285714285714,0.0714285714285714,0.0714285714285714,0.02,"13,14",13,14
89,7,4.0,4.0,0.0714285714285714,0.0714285714285714,0.0714285714285714,0.02,15,15,15
89,8,4.0,5.0,0.08571428571428574,0.08571428571428574,0.08571428571428574,0.02,16,16,16
89,9,5.0,5.0,0.08571428571428574,0.08571428571428574,0.08571428571428574,0.02,17,17,17
89,10,5.0,6.0,0.09999999999999998,0.09999999999999998,0.09999999999999998,0.02,18,18,18
89,11,nie,nie,1.0,1.0,1.0,0.02,19,19,19
90,1,1.0,1.0,0.005333333333333324,0.0,0.013333333333333308,0.02,"1,2,3,4,5",1,5
90,2,2.0,2.0,0.02333333333333329,0.013333333333333308,0.026666666666666616,0.02,"6,7,8,9",6,9
90,3,3.0,3.0,0.053333333333333344,0.053333333333333344,0.053333333333333344,0.02,"10,11",10,11
90,4,3.0,3.5,0.053333333333333344,0.053333333333333344,0.053333333333333344,0.02,12,12,12
90,5,4.0,4.0,0.09333333333333338,0.09333333333333338,0.09333333333333338,0.02,"13,14",13,14
90,6,4.0,5.0,0.09333333333333338,0.09333333333333338,0.09333333333333338,0.02,15,15,15
90,7,5.0,5.0,0.1333333333333333,0.1333333333333333,0.1333333333333333,0.02,16,16,16
90,8,6.0,6.0,0.1333333333333333,0.1333333333333333,0.1333333333333333,0.02,17,17,17
90,9,6.0,7.0,0.17333333333333334,0.17333333333333334,0.17333333333333334,0.02,18,18,18
90,10,nie,nie,1.0,1.0,1.0,0.02,19,19,19
91,1,1.0,1.0,0.0,0.0,0.0,0.02,"1,2,3",1,3
91,2,1.0,1.0,0.02985074626865669,0.02985074626865669,0.02985074626865669,0.02,"4,5",4,5
91,3,1.0,2.0,0.02985074626865669,0.02985074626865669,0.02985074626865669,0.02,6,6,6
91,4,2.0,2.0,0.07462686567164178,0.07462686567164178,0.07462686567164178,0.02,"7,8",7,8
91,5,2.0,2.75,0.07462686567164178,0.07462686567164178,0.07462686567164178,0.02,9,9,9
91,6,2.0,3.0,0.11940298507462688,0.11940298507462688,0.11940298507462688,0.02,"10,11",10,11
91,7,3.0,3.0,0.11940298507462688,0.11940298507462688,0.11940298507462688,0.02,12,12,12
91,8,3.0,4.0,0.14925373134328357,0.14925373134328357,0.14925373134328357,0.02,"13,14,15",13,15
91,9,4.0,5.0,0.17910447761194026,0.17910447761194026,0.17910447761194026,0.02,"16,17",16,17
91,10,5.0,5.75,0.19402985074626866,0.19402985074626866,0.19402985074626866,0.02,18,18,18
91,11,nie,nie,1.0,1.0,1.0,0.02,19,19,19
92,1,1.0,1.0,0.005479452054794542,0.0,0.013698630136986356,0.02,"1,2,3,4,5",1,5
92,2,1.5,2.0,0.013698630136986356,0.013698630136986356,0.013698630136986356,0.02,6,6,6
92,3,2.0,2.0,0.04109589041095896,0.04109589041095896,0.04109589041095896,0.02,"7,8,9",7,9
92,4,2.0,3.0,0.06849315068493156,0.06849315068493156,0.06849315068493156,0.02,10,10,10
92,5,3.0,3.0,0.06849315068493156,0.06849315068493156,0.06849315068493156,0.02,"11,12",11,12
92,6,3.0,4.0,0.0821917808219178,0.0821917808219178,0.0821917808219178,0.02,"13,14",13,14
92,7,4.0,5.0,0.0821917808219178,0.0821917808219178,0.0821917808219178,0.02,15,15,15
92,8,4.0,5.0,0.12328767123287676,0.12328767123287676,0.12328767123287676,0.02,16,16,16
92,9,5.0,5.0,0.12328767123287676,0.12328767123287676,0.12328767123287676,0.02,17,17,17
92,10,5.0,6.0,0.1643835616438356,0.1643835616438356,0.1643835616438356,0.02,18,18,18
92,11,nie,nie,1.0,1.0,1.0,0.02,19,19,19
93,1,1.0,1.0,0.0,0.0,0.0,0.02,"1,2,3",1,3
93,2,1.0,1.0,0.02564102564102566,0.02564102564102566,0.02564102564102566,0.02,"4,5",4,5
93,3,2.0,2.0,0.02564102564102566,0.02564102564102566,0.02564102564102566,0.02,6,6,6
93,4,2.0,2.0,0.0641025641025641,0.0641025641025641,0.0641025641025641,0.02,"7,8,9",7,9
93,5,2.0,3.0,0.08974358974358976,0.08974358974358976,0.08974358974358976,0.02,10,10,10
93,6,3.0,3.0,0.08974358974358976,0.08974358974358976,0.08974358974358976,0.02,"11,12",11,12
93,7,3.0,4.0,0.14102564102564108,0.14102564102564108,0.14102564102564108,0.02,13,13,13
93,8,4.0,4.0,0.14102564102564108,0.14102564102564108,0.14102564102564108,0.02,14,14,14
93,9,4.0,5.0,0.15384615384615385,0.15384615384615385,0.15384615384615385,0.02,15,15,15
93,10,4.0,5.0,0.20512820512820518,0.20512820512820518,0.20512820512820518,0.02,16,16,16
93,11,4.5,6.0,0.23076923076923073,0.23076923076923073,0.23076923076923073,0.02,17,17,17
93,12,5.0,6.0,0.2692307692307693,0.2692307692307693,0.2692307692307693,0.02,18,18,18
93,13,nie,nie,1.0,1.0,1.0,0.02,19,19,19
94,1,1.0,1.0,0.00625,0.0,0.015625,0.02,"1,2,3,4,5",1,5
94,2,2.0,2.0,0.026041666666666668,0.015625,0.03125,0.02,"6,7,8",6,8
94,3,2.0,3.0,0.03125,0.03125,0.03125,0.02,9,9,9
94,4,2.0,3.0,0.0625,0.0625,0.0625,0.02,10,10,10
94,5,3.0,3.0,0.0625,0.0625,0.0625,0.02,11,11,11
94,6,3.0,4.0,0.0625,0.0625,0.0625,0.02,12,12,12
94,7,4.0,4.0,0.109375,0.109375,0.109375,0.02,"13,14",13,14
94,8,5.0,5.0,0.109375,0.109375,0.109375,0.02,15,15,15
94,9,5.0,5.75,0.15625,0.15625,0.15625,0.02,16,16,16
94,10,6.0,6.0,0.171875,0.171875,0.171875,0.02,17,17,17
94,11,6.0,7.0,0.234375,0.234375,0.234375,0.02,18,18,18
94,12,nie,nie,1.0,1.0,1.0,0.02,19,19,19
95,1,1.0,1.0,0.0,0.0,0.0,0.02,"1,2,3",1,3
95,2,1.0,1.0,0.03076923076923077,0.03076923076923077,0.03076923076923077,0.02,"4,5",4,5
95,3,2.0,2.0,0.03076923076923077,0.03076923076923077,0.03076923076923077,0.02,6,6,6
95,4,2.0,2.0,0.07692307692307687,0.07692307692307687,0.07692307692307687,0.02,"7,8",7,8
95,5,2.0,3.0,0.07692307692307687,0.07692307692307687,0.07692307692307687,0.02,9,9,9
95,6,3.0,3.0,0.10769230769230764,0.10769230769230764,0.10769230769230764,0.02,"10,11",10,11
95,7,3.0,3.75,0.10769230769230764,0.10769230769230764,0.10769230769230764,0.02,12,12,12
95,8,4.0,4.0,0.16923076923076918,0.16923076923076918,0.16923076923076918,0.02,"13,14",13,14
95,9,5.0,5.0,0.18461538461538463,0.18461538461538463,0.18461538461538463,0.02,15,15,15
95,10,5.0,6.0,0.23076923076923073,0.23076923076923073,0.23076923076923073,0.02,16,16,16
95,11,6.0,6.0,0.27692307692307694,0.27692307692307694,0.27692307692307694,0.02,17,17,17
95,12,6.0,7.0,0.3384615384615385,0.3384615384615385,0.3384615384615385,0.02,18,18,18
95,13,nie,nie,1.0,1.0,1.0,0.02,19,19,19
96,1,1.0,1.0,0.0,0.0,0.0,0.02,"1,2,3",1,3
96,2,1.0,1.0,0.022222222222222254,0.022222222222222254,0.022222222222222254,0.02,4,4,4
96,3,1.0,2.0,0.022222222222222254,0.022222222222222254,0.022222222222222254,0.02,5,5,5
96,4,2.0,2.0,0.022222222222222254,0.022222222222222254,0.022222222222222254,0.02,6,6,6
96,5,2.0,2.0,0.06666666666666665,0.06666666666666665,0.06666666666666665,0.02,"7,8",7,8
96,6,2.0,3.0,0.06666666666666665,0.06666666666666665,0.06666666666666665,0.02,9,9,9
96,7,3.0,3.0,0.11111111111111116,0.11111111111111116,0.11111111111111116,0.02,"10,11",10,11
96,8,3.0,4.0,0.11111111111111116,0.11111111111111116,0.11111111111111116,0.02,12,12,12
96,9,4.0,4.0,0.15555555555555556,0.15555555555555556,0.15555555555555556,0.02,13,13,13
96,10,4.0,4.75,0.15555555555555556,0.15555555555555556,0.15555555555555556,0.02,14,14,14
96,11,5.0,5.0,0.15555555555555556,0.15555555555555556,0.15555555555555556,0.02,15,15,15
96,12,5.0,6.0,0.19999999999999996,0.19999999999999996,0.19999999999999996,0.02,16,16,16
96,13,6.0,6.0,0.2222222222222222,0.2222222222222222,0.2222222222222222,0.02,17,17,17
96,14,7.0,7.0,0.2666666666666667,0.2666666666666667,0.2666666666666667,0.02,18,18,18
96,15,nie,nie,1.0,1.0,1.0,0.02,19,19,19
97,1,1.0,1.0,0.00625,0.0,0.015625,0.02,"1,2,3,4,5",1,5
97,2,1.0,2.0,0.015625,0.015625,0.015625,0.02,6,6,6
97,3,2.0,2.0,0.03125,0.03125,0.03125,0.02,"7,8,9",7,9
97,4,2.0,3.0,0.0625,0.0625,0.0625,0.02,"10,11",10,11
97,5,3.0,3.0,0.0703125,0.0625,0.078125,0.02,"12,13",12,13
97,6,3.0,4.0,0.078125,0.078125,0.078125,0.02,"14,15",14,15
97,7,4.0,4.0,0.09375,0.09375,0.09375,0.02,16,16,16
97,8,4.0,5.0,0.09375,0.09375,0.09375,0.02,17,17,17
97,9,5.0,5.0,0.09375,0.09375,0.09375,0.02,18,18,18
97,10,nie,nie,1.0,1.0,1.0,0.02,19,19,19
98,1,1.0,1.0,0.0,0.0,0.0,0.02,"1,2,3",1,3
98,2,1.0,1.0,0.032258064516129004,0.032258064516129004,0.032258064516129004,0.02,"4,5",4,5
98,3,2.0,2.0,0.032258064516129004,0.032258064516129004,0.032258064516129004,0.02,6,6,6
98,4,2.0,2.0,0.06451612903225812,0.06451612903225812,0.06451612903225812,0.02,"7,8,9",7,9
98,5,2.0,3.0,0.12903225806451613,0.12903225806451613,0.12903225806451613,0.02,10,10,10
98,6,3.0,3.0,0.12903225806451613,0.12903225806451613,0.12903225806451613,0.02,"11,12",11,12
98,7,3.0,4.0,0.16129032258064513,0.16129032258064513,0.16129032258064513,0.02,13,13,13
98,8,4.0,4.0,0.16129032258064513,0.16129032258064513,0.16129032258064513,0.02,14,14,14
98,9,4.0,5.0,0.19354838709677424,0.19354838709677424,0.19354838709677424,0.02,15,15,15
98,10,5.0,5.0,0.22580645161290325,0.22580645161290325,0.22580645161290325,0.02,16,16,16
98,11,5.0,6.0,0.25806451612903225,0.25806451612903225,0.25806451612903225,0.02,17,17,17
98,12,6.0,7.0,0.30645161290322576,0.30645161290322576,0.30645161290322576,0.02,18,18,18
98,13,nie,nie,1.0,1.0,1.0,0.02,19,19,19
99,1,1.0,1.0,0.0,0.0,0.0,0.02,"1,2,3",1,3
99,2,1.0,1.0,0.02631578947368418,0.02631578947368418,0.02631578947368418,0.02,4,4,4
99,3,1.0,1.75,0.02631578947368418,0.02631578947368418,0.02631578947368418,0.02,5,5,5
99,4,2.0,2.0,0.02631578947368418,0.02631578947368418,0.02631578947368418,0.02,6,6,6
99,5,2.0,2.0,0.06578947368421051,0.06578947368421051,0.06578947368421051,0.02,"7,8",7,8
99,6,2.0,3.0,0.06578947368421051,0.06578947368421051,0.06578947368421051,0.02,9,9,9
99,7,3.0,3.0,0.09210526315789469,0.09210526315789469,0.09210526315789469,0.02,"10,11",10,11
99,8,3.0,4.0,0.09210526315789469,0.09210526315789469,0.09210526315789469,0.02,12,12,12
99,9,4.0,4.0,0.11842105263157898,0.11842105263157898,0.11842105263157898,0.02,"13,14",13,14
99,10,4.0,5.0,0.11842105263157898,0.11842105263157898,0.11842105263157898,0.02,15,15,15
99,11,5.0,5.0,0.14473684210526316,0.14473684210526316,0.14473684210526316,0.02,16,16,16
99,12,5.0,6.0,0.1578947368421053,0.1578947368421053,0.1578947368421053,0.02,17,17,17
99,13,6.0,7.0,0.19736842105263153,0.19736842105263153,0.19736842105263153,0.02,18,18,18
99,14,nie,nie,1.0,1.0,1.0,0.02,19,19,19
