model,step,threshold_rounded_mean,selected_as_threshold,width_mean,width_median,width_q1,width_q3,width_min,width_max,width_stddev,total_mape_start_states,contributing_start_states,contributing_fraction
10,1,5,1,5.357142857142857,6.0,5.0,6.0,3,6,0.8112726208286105,70,70,1.0
10,2,10,1,9.897058823529411,10.0,9.0,11.0,6,12,1.6191837620737561,70,68,0.9714285714285714
10,3,13,1,13.454545454545455,13.0,12.0,15.0,9,17,2.133298897793702,70,66,0.9428571428571428
10,4,16,1,15.793650793650794,16,14.0,18.0,12,18,1.8785229773595062,70,63,0.9
10,5,17,1,16.966666666666665,18.0,16.0,18.0,14,18,1.2378296418418093,70,60,0.8571428571428571
10,6,18,1,17.68421052631579,18,18.0,18.0,16,18,0.6257036666711231,70,57,0.8142857142857143
10,7,18,0,17.96153846153846,18.0,18.0,18.0,17,18,0.19230769230769232,70,52,0.7428571428571429
10,8,18,0,18.0,18.0,18.0,18.0,18,18,0.0,70,46,0.6571428571428571
10,9,18,0,18.0,18.0,18.0,18.0,18,18,0.0,70,44,0.6285714285714286
10,10,18,0,18.0,18.0,18.0,18.0,18,18,0.0,70,40,0.5714285714285714
11,1,5,1,5.166666666666667,5.0,5.0,6.0,3,6,0.8498365855987975,48,48,1.0
11,2,10,1,9.595744680851064,10,8.0,11.0,6,12,1.6715335609704132,48,47,0.9791666666666666
11,3,13,1,13.065217391304348,13.0,12.0,15.0,9,16,1.881282794462603,48,46,0.9583333333333334
11,4,15,1,15.377777777777778,16,14.0,17.0,12,18,1.6232873215777488,48,45,0.9375
11,5,17,1,16.954545454545453,17.0,16.0,18.0,14,18,1.2239010925305691,48,44,0.9166666666666666
11,6,18,1,17.666666666666668,18.0,18.0,18.0,15,18,0.7766431633476233,48,42,0.875
11,7,18,0,17.9,18.0,18.0,18.0,16,18,0.3741657386773941,48,40,0.8333333333333334
11,8,18,0,18.0,18.0,18.0,18.0,18,18,0.0,48,38,0.7916666666666666
11,9,18,0,18.0,18.0,18.0,18.0,18,18,0.0,48,36,0.75
11,10,18,0,18.0,18,18.0,18.0,18,18,0.0,48,33,0.6875
12,1,5,1,5.32,5,5.0,6.0,3,6,0.7687218829546439,75,75,1.0
12,2,10,1,9.797297297297296,10.0,9.0,11.0,6,12,1.4235445837361707,75,74,0.9866666666666667
12,3,13,1,13.123287671232877,13,12.0,14.0,9,16,1.6794095952084287,75,73,0.9733333333333334
12,4,15,1,15.277777777777779,15.0,14.0,16.0,12,18,1.5565473029024333,75,72,0.96
12,5,17,1,16.64788732394366,17,16.0,18.0,14,18,1.2230024420333752,75,71,0.9466666666666667
12,6,17,0,17.470588235294116,18.0,17.0,18.0,15,18,0.7946621227121351,75,68,0.9066666666666666
12,7,18,1,17.875,18.0,18.0,18.0,16,18,0.375,75,64,0.8533333333333334
12,8,18,0,18.0,18,18.0,18.0,18,18,0.0,75,59,0.7866666666666666
12,9,18,0,18.0,18.0,18.0,18.0,18,18,0.0,75,54,0.72
12,10,18,0,18.0,18.0,18.0,18.0,18,18,0.0,75,48,0.64
13,1,5,1,5.319444444444445,5.5,5.0,6.0,3,6,0.7962828379568979,72,72,1.0
13,2,10,1,9.577464788732394,10,9.0,10.5,6,12,1.410843038663792,72,71,0.9861111111111112
13,3,13,1,12.73913043478261,13,12.0,14.0,9,17,1.5756496144842764,72,69,0.9583333333333334
13,4,15,1,15.014925373134329,15,14.0,16.0,12,18,1.4194022003544766,72,67,0.9305555555555556
13,5,17,1,16.5625,17.0,16.0,18.0,14,18,1.2358574958303243,72,64,0.8888888888888888
13,6,18,1,17.5,18.0,17.0,18.0,15,18,0.806225774829855,72,60,0.8333333333333334
13,7,18,0,17.87719298245614,18,18.0,18.0,16,18,0.3779063022550529,72,57,0.7916666666666666
13,8,18,0,18.0,18,18.0,18.0,18,18,0.0,72,53,0.7361111111111112
13,9,18,0,18.0,18.0,18.0,18.0,18,18,0.0,72,48,0.6666666666666666
13,10,18,0,18.0,18.0,18.0,18.0,18,18,0.0,72,42,0.5833333333333334
14,1,5,1,5.135135135135135,5.0,5.0,6.0,3,6,0.8593574646261971,74,74,1.0
14,2,9,1,9.444444444444445,9.0,9.0,10.0,6,12,1.4229164972072998,74,72,0.972972972972973
14,3,13,1,12.605633802816902,13,12.0,13.0,9,16,1.486833038917932,74,71,0.9594594594594594
14,4,15,1,14.73913043478261,15,14.0,16.0,12,17,1.2927016302016092,74,69,0.9324324324324325
14,5,16,1,16.253731343283583,16,15.0,17.0,14,18,1.2012839347975452,74,67,0.9054054054054054
14,6,17,1,17.338461538461537,18,17.0,18.0,15,18,0.8462936947369272,74,65,0.8783783783783784
14,7,18,1,17.901639344262296,18,18.0,18.0,17,18,0.29780167417352377,74,61,0.8243243243243243
14,8,18,0,18.0,18,18.0,18.0,18,18,0.0,74,57,0.7702702702702703
14,9,18,0,18.0,18,18.0,18.0,18,18,0.0,74,51,0.6891891891891891
14,10,18,0,18.0,18,18.0,18.0,18,18,0.0,74,45,0.6081081081081081
15,1,5,1,5.126984126984127,5,5.0,6.0,3,6,0.8450051843940423,63,63,1.0
15,2,9,1,9.278688524590164,10,9.0,10.0,6,12,1.294770661900205,63,61,0.9682539682539683
15,3,12,1,12.23728813559322,12,12.0,13.0,9,14,1.3192060150705116,63,59,0.9365079365079365
15,4,14,1,14.428571428571429,15.0,14.0,15.0,12,16,1.1157499537009508,63,56,0.8888888888888888
15,5,16,1,16.115384615384617,16.0,15.0,17.0,14,18,1.120677098794882,63,52,0.8253968253968254
15,6,17,1,17.125,17.0,17.0,18.0,15,18,0.8569568250501305,63,48,0.7619047619047619
15,7,18,1,17.795454545454547,18.0,18.0,18.0,16,18,0.4562468159064712,63,44,0.6984126984126984
15,8,18,0,18.0,18.0,18.0,18.0,18,18,0.0,63,38,0.6031746031746031
15,9,18,0,18.0,18.0,18.0,18.0,18,18,0.0,63,32,0.5079365079365079
15,10,18,0,18.0,18,18.0,18.0,18,18,0.0,63,27,0.42857142857142855
16,1,5,1,5.266666666666667,5,5.0,6.0,3,6,0.8379870059984357,75,75,1.0
16,2,10,1,9.821917808219178,10,9.0,11.0,6,12,1.6580436214945484,75,73,0.9733333333333334
16,3,14,1,13.56338028169014,14,12.0,15.0,9,17,1.9768547672701688,75,71,0.9466666666666667
16,4,16,1,15.898550724637682,16,15.0,17.0,12,18,1.7290772234138243,75,69,0.92
16,5,17,1,17.074626865671643,18,16.0,18.0,14,18,1.0969895417918185,75,67,0.8933333333333333
16,6,18,1,17.753846153846155,18,18.0,18.0,16,18,0.497092136043185,75,65,0.8666666666666667
16,7,18,0,17.983870967741936,18.0,18.0,18.0,17,18,0.12597176896623638,75,62,0.8266666666666667
16,8,18,0,18.0,18.0,18.0,18.0,18,18,0.0,75,58,0.7733333333333333
16,9,18,0,18.0,18,18.0,18.0,18,18,0.0,75,53,0.7066666666666667
16,10,18,0,18.0,18.0,18.0,18.0,18,18,0.0,75,48,0.64
17,1,5,1,5.279411764705882,6.0,5.0,6.0,3,6,0.9210861273405645,68,68,1.0
17,2,10,1,9.833333333333334,10.0,8.0,12.0,6,12,1.9194643613111013,68,66,0.9705882352941176
17,3,13,1,13.46875,14.0,12.0,15.0,9,17,2.4935463575999544,68,64,0.9411764705882353
17,4,16,1,15.82258064516129,16.5,14.0,18.0,12,18,2.0440645273286884,68,62,0.9117647058823529
17,5,17,1,17.166666666666668,18.0,16.0,18.0,14,18,1.1571036638473187,68,60,0.8823529411764706
17,6,18,1,17.771929824561404,18,18.0,18.0,15,18,0.5928682543409053,68,57,0.8382352941176471
17,7,18,0,17.98148148148148,18.0,18.0,18.0,17,18,0.13481684980149108,68,54,0.7941176470588235
17,8,18,0,18.0,18,18.0,18.0,18,18,0.0,68,51,0.75
17,9,18,0,18.0,18,18.0,18.0,18,18,0.0,68,49,0.7205882352941176
17,10,18,0,18.0,18,18.0,18.0,18,18,0.0,68,47,0.6911764705882353
18,1,5,1,5.342465753424658,6,5.0,6.0,3,6,0.8145791094421099,73,73,1.0
18,2,10,1,9.916666666666666,10.0,9.0,11.0,6,12,1.6729049916570609,73,72,0.9863013698630136
18,3,13,1,13.457142857142857,14.0,12.0,15.0,9,17,2.102282530188246,73,70,0.958904109589041
18,4,16,1,15.779411764705882,16.0,14.75,17.0,12,18,1.7892291162536527,73,68,0.9315068493150684
18,5,17,1,17.184615384615384,18,17.0,18.0,14,18,1.1079059623008511,73,65,0.8904109589041096
18,6,18,1,17.822580645161292,18.0,18.0,18.0,15,18,0.5243796195809309,73,62,0.8493150684931506
18,7,18,0,17.983050847457626,18,18.0,18.0,17,18,0.12908090009938827,73,59,0.8082191780821918
18,8,18,0,18.0,18.0,18.0,18.0,18,18,0.0,73,54,0.7397260273972602
18,9,18,0,18.0,18.0,18.0,18.0,18,18,0.0,73,52,0.7123287671232876
18,10,18,0,18.0,18,18.0,18.0,18,18,0.0,73,49,0.6712328767123288
19,1,5,1,5.119402985074627,5,5.0,6.0,3,6,0.8555767551024784,67,67,1.0
19,2,9,1,9.36923076923077,9,8.0,11.0,6,12,1.6131119544268442,67,65,0.9701492537313433
19,3,13,1,12.666666666666666,12,11.0,14.0,9,17,2.0,67,63,0.9402985074626866
19,4,15,1,15.065573770491802,15,13.0,17.0,12,18,1.845409479274792,67,61,0.9104477611940298
19,5,17,1,16.74576271186441,17,16.0,18.0,14,18,1.3224684205512651,67,59,0.8805970149253731
19,6,18,1,17.589285714285715,18.0,17.0,18.0,15,18,0.7506374841779894,67,56,0.835820895522388
19,7,18,0,17.962962962962962,18.0,18.0,18.0,17,18,0.18885257457751053,67,54,0.8059701492537313
19,8,18,0,18.0,18.0,18.0,18.0,18,18,0.0,67,50,0.746268656716418
19,9,18,0,18.0,18.0,18.0,18.0,18,18,0.0,67,46,0.6865671641791045
19,10,18,0,18.0,18.0,18.0,18.0,18,18,0.0,67,44,0.6567164179104478
20,1,5,1,5.122448979591836,5,5.0,6.0,3,6,0.8483514159521032,49,49,1.0
20,2,10,1,9.520833333333334,9.5,8.0,10.25,6,12,1.5273831561057478,49,48,0.9795918367346939
20,3,13,1,12.872340425531915,13,12.0,14.0,9,17,1.8521640164102435,49,47,0.9591836734693877
20,4,15,1,15.08695652173913,15.0,14.0,16.0,12,18,1.6788464848963325,49,46,0.9387755102040817
20,5,16,1,16.355555555555554,16,15.0,18.0,14,18,1.416655773378598,49,45,0.9183673469387755
20,6,17,1,17.186046511627907,18,16.5,18.0,15,18,1.0174252490338307,49,43,0.8775510204081632
20,7,18,1,17.75609756097561,18,18.0,18.0,16,18,0.5310131965140791,49,41,0.8367346938775511
20,8,18,0,17.974358974358974,18,18.0,18.0,17,18,0.15806189751202504,49,39,0.7959183673469388
20,9,18,0,18.0,18,18.0,18.0,18,18,0.0,49,37,0.7551020408163265
20,10,18,0,18.0,18,18.0,18.0,18,18,0.0,49,33,0.673469387755102
21,1,5,1,5.222222222222222,5.0,5.0,6.0,3,6,0.8695819912499182,72,72,1.0
21,2,10,1,9.657142857142857,10.0,9.0,11.0,6,12,1.602548989986304,72,70,0.9722222222222222
21,3,13,1,12.838235294117647,13.0,12.0,14.0,9,17,1.7707616682696599,72,68,0.9444444444444444
21,4,15,1,14.876923076923077,15,14.0,16.0,12,18,1.5542269145060987,72,65,0.9027777777777778
21,5,16,1,16.19047619047619,16,15.0,17.0,14,18,1.2325884862423604,72,63,0.875
21,6,17,1,17.11864406779661,17,16.5,18.0,15,18,0.9035663006957179,72,59,0.8194444444444444
21,7,18,1,17.74074074074074,18.0,18.0,18.0,16,18,0.5158662324883007,72,54,0.75
21,8,18,0,17.979591836734695,18,18.0,18.0,17,18,0.14139190265868384,72,49,0.6805555555555556
21,9,18,0,18.0,18.0,18.0,18.0,18,18,0.0,72,42,0.5833333333333334
21,10,18,0,18.0,18,18.0,18.0,18,18,0.0,72,35,0.4861111111111111
22,1,5,1,5.028985507246377,5,4.0,6.0,3,6,0.8841767560967909,69,69,1.0
22,2,9,1,9.117647058823529,9.0,8.0,10.0,6,12,1.6407441977625121,69,68,0.9855072463768116
22,3,12,1,12.106060606060606,12.0,11.0,13.0,9,17,1.8268103339774782,69,66,0.9565217391304348
22,4,14,1,14.09375,14.0,13.0,15.0,12,18,1.4654217609616693,69,64,0.927536231884058
22,5,16,1,15.766666666666667,16.0,15.0,17.0,14,18,1.2432037465981012,69,60,0.8695652173913043
22,6,17,1,16.912280701754387,17,16.0,18.0,15,18,1.0967368146026515,69,57,0.8260869565217391
22,7,18,1,17.566037735849058,18,17.0,18.0,16,18,0.687061941737099,69,53,0.7681159420289855
22,8,18,0,17.92,18.0,18.0,18.0,17,18,0.2712931993250107,69,50,0.7246376811594203
22,9,18,0,18.0,18.0,18.0,18.0,18,18,0.0,69,48,0.6956521739130435
22,10,18,0,18.0,18,18.0,18.0,18,18,0.0,69,45,0.6521739130434783
23,1,5,1,5.1506849315068495,5,4.0,6.0,3,6,0.9315068493150686,73,73,1.0
23,2,10,1,9.577464788732394,10,8.0,11.0,6,12,1.7971963441606462,73,71,0.9726027397260274
23,3,13,1,12.826086956521738,13,11.0,15.0,9,17,2.139731269454658,73,69,0.9452054794520548
23,4,15,1,15.059701492537313,15,13.0,17.0,12,18,1.851829245012709,73,67,0.9178082191780822
23,5,17,1,16.609375,17.0,16.0,18.0,14,18,1.3763310319014825,73,64,0.8767123287671232
23,6,17,0,17.466666666666665,18.0,17.0,18.0,15,18,0.9568466729604883,73,60,0.821917808219178
23,7,18,1,17.818181818181817,18,18.0,18.0,16,18,0.5077905470461433,73,55,0.7534246575342466
23,8,18,0,17.96078431372549,18,18.0,18.0,17,18,0.1941077438551307,73,51,0.6986301369863014
23,9,18,0,18.0,18,18.0,18.0,18,18,0.0,73,45,0.6164383561643836
23,10,18,0,18.0,18.0,18.0,18.0,18,18,0.0,73,40,0.547945205479452
24,1,5,1,5.189873417721519,5,5.0,6.0,3,6,0.9011378091421614,79,79,1.0
24,2,10,1,9.558441558441558,10,8.0,11.0,6,12,1.7837178923001968,79,77,0.9746835443037974
24,3,13,1,13.04054054054054,13.0,12.0,15.0,9,17,2.0627925783581436,79,74,0.9367088607594937
24,4,15,1,15.450704225352112,15,14.0,17.0,12,18,1.718078950081905,79,71,0.8987341772151899
24,5,17,1,17.043478260869566,17,16.0,18.0,14,18,1.1090508098382024,79,69,0.8734177215189873
24,6,18,1,17.82089552238806,18,18.0,18.0,16,18,0.4546730212456065,79,67,0.8481012658227848
24,7,18,0,18.0,18.0,18.0,18.0,18,18,0.0,79,64,0.810126582278481
24,8,18,0,18.0,18.0,18.0,18.0,18,18,0.0,79,60,0.759493670886076
24,9,18,0,18.0,18,18.0,18.0,18,18,0.0,79,53,0.6708860759493671
24,10,18,0,18.0,18,18.0,18.0,18,18,0.0,79,49,0.620253164556962
25,1,5,1,5.375,6.0,5.0,6.0,3,6,0.7716774657271723,72,72,1.0
25,2,10,1,10.0,10.0,9.0,11.0,6,12,1.5946338585572373,72,70,0.9722222222222222
25,3,13,1,13.441176470588236,14.0,12.0,15.0,9,17,2.0820122685770106,72,68,0.9444444444444444
25,4,16,1,15.757575757575758,16.0,14.0,17.0,12,18,1.8509670368576305,72,66,0.9166666666666666
25,5,17,1,17.171875,18.0,16.0,18.0,14,18,1.1117931392012634,72,64,0.8888888888888888
25,6,18,1,17.79032258064516,18.0,18.0,18.0,16,18,0.47982176711753277,72,62,0.8611111111111112
25,7,18,0,17.983050847457626,18,18.0,18.0,17,18,0.12908090009938827,72,59,0.8194444444444444
25,8,18,0,18.0,18.0,18.0,18.0,18,18,0.0,72,56,0.7777777777777778
25,9,18,0,18.0,18,18.0,18.0,18,18,0.0,72,53,0.7361111111111112
25,10,18,0,18.0,18,18.0,18.0,18,18,0.0,72,49,0.6805555555555556
26,1,5,1,5.295081967213115,6,5.0,6.0,3,6,0.8365475948965949,61,61,1.0
26,2,10,1,9.88135593220339,10,9.0,11.0,6,12,1.2767111583231514,61,59,0.9672131147540983
26,3,13,1,13.172413793103448,13.0,12.0,14.75,9,16,1.5662158550587262,61,58,0.9508196721311475
26,4,15,1,15.298245614035087,16,14.0,16.0,12,18,1.4505281830592551,61,57,0.9344262295081968
26,5,17,1,16.945454545454545,17,16.0,18.0,14,18,1.0857453546788085,61,55,0.9016393442622951
26,6,18,1,17.807692307692307,18.0,18.0,18.0,15,18,0.5202980484026416,61,52,0.8524590163934426
26,7,18,0,18.0,18.0,18.0,18.0,18,18,0.0,61,48,0.7868852459016393
26,8,18,0,18.0,18,18.0,18.0,18,18,0.0,61,43,0.7049180327868853
26,9,18,0,18.0,18.0,18.0,18.0,18,18,0.0,61,36,0.5901639344262295
26,10,18,0,18.0,18.0,18.0,18.0,18,18,0.0,61,28,0.45901639344262296
27,1,5,1,5.230769230769231,5.0,5.0,6.0,3,6,0.8152878510556228,78,78,1.0
27,2,10,1,9.623376623376624,10,8.0,11.0,6,12,1.7134984418151316,78,77,0.9871794871794872
27,3,13,1,13.0,13,12.0,14.0,9,17,2.209072203437452,78,75,0.9615384615384616
27,4,15,1,15.36111111111111,16.0,14.0,17.0,12,18,1.8804960601125347,78,72,0.9230769230769231
27,5,17,1,16.782608695652176,17,16.0,18.0,14,18,1.2379221161775433,78,69,0.8846153846153846
27,6,18,1,17.575757575757574,18.0,17.0,18.0,15,18,0.7190188192548286,78,66,0.8461538461538461
27,7,18,0,17.984126984126984,18,18.0,18.0,17,18,0.12498425196844144,78,63,0.8076923076923077
27,8,18,0,18.0,18,18.0,18.0,18,18,0.0,78,59,0.7564102564102564
27,9,18,0,18.0,18,18.0,18.0,18,18,0.0,78,53,0.6794871794871795
27,10,18,0,18.0,18.0,18.0,18.0,18,18,0.0,78,50,0.6410256410256411
28,1,5,1,5.4411764705882355,6.0,5.0,6.0,3,6,0.8113596602431601,68,68,1.0
28,2,10,1,10.212121212121213,10.0,9.0,11.0,6,12,1.5026759112990833,68,66,0.9705882352941176
28,3,14,1,13.859375,14.0,12.75,15.0,9,17,1.7398562036487384,68,64,0.9411764705882353
28,4,16,1,16.11111111111111,17,15.0,17.5,12,18,1.7376421820195567,68,63,0.9264705882352942
28,5,17,1,17.295081967213115,18,17.0,18.0,14,18,1.0916112665302617,68,61,0.8970588235294118
28,6,18,1,17.847457627118644,18,18.0,18.0,15,18,0.5146517440911518,68,59,0.8676470588235294
28,7,18,0,18.0,18,18.0,18.0,18,18,0.0,68,55,0.8088235294117647
28,8,18,0,18.0,18.0,18.0,18.0,18,18,0.0,68,52,0.7647058823529411
28,9,18,0,18.0,18.0,18.0,18.0,18,18,0.0,68,50,0.7352941176470589
28,10,18,0,18.0,18.0,18.0,18.0,18,18,0.0,68,46,0.6764705882352942
29,1,5,1,5.015151515151516,5.0,4.0,6.0,3,6,0.9127451807169111,66,66,1.0
29,2,9,1,9.265625,9.0,8.0,11.0,6,12,1.734234228521338,66,64,0.9696969696969697
29,3,13,1,12.629032258064516,12.0,11.0,14.0,9,16,1.9363573297913887,66,62,0.9393939393939394
29,4,15,1,14.847457627118644,15,14.0,16.0,12,18,1.6241144582905072,66,59,0.8939393939393939
29,5,17,1,16.517857142857142,17.0,16.0,18.0,14,18,1.2676056088515215,66,56,0.8484848484848485
29,6,17,0,17.49056603773585,18,17.0,18.0,15,18,0.903298807817798,66,53,0.803030303030303
29,7,18,1,17.82,18.0,18.0,18.0,16,18,0.5173006862551025,66,50,0.7575757575757576
29,8,18,0,17.95744680851064,18,18.0,18.0,17,18,0.20184751022351358,66,47,0.7121212121212122
29,9,18,0,18.0,18.0,18.0,18.0,18,18,0.0,66,42,0.6363636363636364
29,10,18,0,18.0,18.0,18.0,18.0,18,18,0.0,66,38,0.5757575757575758
30,1,5,1,5.107692307692307,5,5.0,6.0,3,6,0.8061890773276247,65,65,1.0
30,2,9,1,9.28125,9.0,8.0,10.25,6,12,1.5458487757539545,65,64,0.9846153846153847
30,3,13,1,12.709677419354838,13.0,12.0,14.0,9,17,1.8525230987562877,65,62,0.9538461538461539
30,4,15,1,14.983050847457626,15,14.0,16.0,12,18,1.6722209470400795,65,59,0.9076923076923077
30,5,16,1,16.357142857142858,16.0,15.0,18.0,14,18,1.3420210162897097,65,56,0.8615384615384616
30,6,17,1,17.32075471698113,18,17.0,18.0,15,18,0.9270278110594903,65,53,0.8153846153846154
30,7,18,1,17.807692307692307,18.0,18.0,18.0,16,18,0.48192169562083337,65,52,0.8
30,8,18,0,17.98,18.0,18.0,18.0,17,18,0.13999999999999999,65,50,0.7692307692307693
30,9,18,0,18.0,18.0,18.0,18.0,18,18,0.0,65,46,0.7076923076923077
30,10,18,0,18.0,18.0,18.0,18.0,18,18,0.0,65,42,0.6461538461538462
31,1,5,1,5.3478260869565215,6,5.0,6.0,3,6,0.8310302137293595,69,69,1.0
31,2,10,1,9.91044776119403,10,9.0,11.0,6,12,1.463295639256853,69,67,0.9710144927536232
31,3,13,1,13.333333333333334,14.0,12.0,15.0,9,16,1.626795821996309,69,66,0.9565217391304348
31,4,16,1,15.676923076923076,16,15.0,17.0,12,18,1.479164965135005,69,65,0.9420289855072463
31,5,17,1,17.142857142857142,17,16.0,18.0,15,18,0.989743318610787,69,63,0.9130434782608695
31,6,18,1,17.833333333333332,18.0,18.0,18.0,16,18,0.4149966532662911,69,60,0.8695652173913043
31,7,18,0,18.0,18.0,18.0,18.0,18,18,0.0,69,56,0.8115942028985508
31,8,18,0,18.0,18,18.0,18.0,18,18,0.0,69,53,0.7681159420289855
31,9,18,0,18.0,18,18.0,18.0,18,18,0.0,69,49,0.7101449275362319
31,10,18,0,18.0,18.0,18.0,18.0,18,18,0.0,69,42,0.6086956521739131
32,1,5,1,5.144736842105263,5.0,5.0,6.0,3,6,0.8988874317501879,76,76,1.0
32,2,10,1,9.64864864864865,10.0,9.0,11.0,6,12,1.6475406112570996,76,74,0.9736842105263158
32,3,13,1,13.097222222222221,13.0,12.0,14.25,9,17,2.0491171691339436,76,72,0.9473684210526315
32,4,15,1,15.367647058823529,15.0,14.0,17.0,12,18,1.7141659931007598,76,68,0.8947368421052632
32,5,17,1,16.681818181818183,17.0,16.0,18.0,14,18,1.3160902947411495,76,66,0.868421052631579
32,6,17,0,17.46031746031746,18,17.0,18.0,15,18,0.8323879747382156,76,63,0.8289473684210527
32,7,18,1,17.883333333333333,18.0,18.0,18.0,16,18,0.36930866343600566,76,60,0.7894736842105263
32,8,18,0,18.0,18.0,18.0,18.0,18,18,0.0,76,52,0.6842105263157895
32,9,18,0,18.0,18.0,18.0,18.0,18,18,0.0,76,48,0.631578947368421
32,10,18,0,18.0,18,18.0,18.0,18,18,0.0,76,43,0.5657894736842105
33,1,5,1,5.2375,5.0,5.0,6.0,3,6,0.8402938474129155,80,80,1.0
33,2,10,1,9.632911392405063,10,8.0,11.0,6,12,1.7075944675380088,80,79,0.9875
33,3,13,1,13.064102564102564,13.0,12.0,15.0,9,17,2.0276280419889865,80,78,0.975
33,4,15,1,15.454545454545455,16,14.0,17.0,12,18,1.7473204312581954,80,77,0.9625
33,5,17,1,17.16,18,16.5,18.0,14,18,1.1318421562508911,80,75,0.9375
33,6,18,1,17.833333333333332,18.0,18.0,18.0,15,18,0.5270462766947299,80,72,0.9
33,7,18,0,17.985507246376812,18,18.0,18.0,17,18,0.1195103079889177,80,69,0.8625
33,8,18,0,18.0,18.0,18.0,18.0,18,18,0.0,80,64,0.8
33,9,18,0,18.0,18,18.0,18.0,18,18,0.0,80,59,0.7375
33,10,18,0,18.0,18.0,18.0,18.0,18,18,0.0,80,56,0.7
34,1,5,1,5.371428571428571,6.0,5.0,6.0,3,6,0.813658906622751,70,70,1.0
34,2,10,1,9.869565217391305,10,9.0,11.0,6,12,1.4537611736783032,70,69,0.9857142857142858
34,3,13,1,13.088235294117647,13.0,12.0,14.0,9,16,1.5693319496416587,70,68,0.9714285714285714
34,4,15,1,15.333333333333334,16.0,15.0,16.0,12,18,1.3743685418725535,70,66,0.9428571428571428
34,5,17,1,16.875,17.0,16.0,18.0,14,18,1.1388041973930374,70,64,0.9142857142857143
34,6,18,1,17.693548387096776,18.0,18.0,18.0,15,18,0.6372498795205939,70,62,0.8857142857142857
34,7,18,0,17.96551724137931,18.0,18.0,18.0,17,18,0.18246560765962694,70,58,0.8285714285714286
34,8,18,0,18.0,18.0,18.0,18.0,18,18,0.0,70,52,0.7428571428571429
34,9,18,0,18.0,18,18.0,18.0,18,18,0.0,70,47,0.6714285714285714
34,10,18,0,18.0,18,18.0,18.0,18,18,0.0,70,43,0.6142857142857143
35,1,5,1,4.986486486486487,5.0,4.0,6.0,3,6,0.8620096450711926,74,74,1.0
35,2,9,1,9.027777777777779,9.0,8.0,10.0,6,12,1.4716980198832894,74,72,0.972972972972973
35,3,12,1,12.057971014492754,12,11.0,13.0,9,15,1.4928239747035468,74,69,0.9324324324324325
35,4,14,1,14.227272727272727,14.0,13.0,15.0,12,17,1.2767792641080127,74,66,0.8918918918918919
35,5,16,1,15.828125,16.0,15.0,17.0,14,18,1.305692913504167,74,64,0.8648648648648649
35,6,17,1,16.933333333333334,17.0,16.0,18.0,15,18,1.0934146311237816,74,60,0.8108108108108109
35,7,18,1,17.666666666666668,18,18.0,18.0,16,18,0.6306035352846115,74,57,0.7702702702702703
35,8,18,0,17.944444444444443,18.0,18.0,18.0,17,18,0.2290614236454256,74,54,0.7297297297297297
35,9,18,0,18.0,18.0,18.0,18.0,18,18,0.0,74,50,0.6756756756756757
35,10,18,0,18.0,18,18.0,18.0,18,18,0.0,74,45,0.6081081081081081
36,1,5,1,5.214285714285714,5.0,5.0,6.0,3,6,0.860113898485164,70,70,1.0
36,2,10,1,9.681159420289855,10,9.0,11.0,6,12,1.5369153524746013,70,69,0.9857142857142858
36,3,13,1,12.926470588235293,13.0,12.0,14.0,9,16,1.7766142326030965,70,68,0.9714285714285714
36,4,15,1,15.17910447761194,15,14.0,16.5,12,18,1.6565147113999406,70,67,0.9571428571428572
36,5,17,1,16.828125,17.0,16.0,18.0,14,18,1.153184280319065,70,64,0.9142857142857143
36,6,18,1,17.721311475409838,18,18.0,18.0,15,18,0.6041155991045337,70,61,0.8714285714285714
36,7,18,0,18.0,18.0,18.0,18.0,18,18,0.0,70,58,0.8285714285714286
36,8,18,0,18.0,18,18.0,18.0,18,18,0.0,70,53,0.7571428571428571
36,9,18,0,18.0,18.0,18.0,18.0,18,18,0.0,70,48,0.6857142857142857
36,10,18,0,18.0,18.0,18.0,18.0,18,18,0.0,70,44,0.6285714285714286
37,1,5,1,5.358208955223881,6,5.0,6.0,3,6,0.8231989392918015,67,67,1.0
37,2,10,1,9.878787878787879,10.0,9.0,11.0,6,12,1.7365513675023518,67,66,0.9850746268656716
37,3,14,1,13.5625,14.0,12.0,15.0,9,17,2.1350863565673404,67,64,0.9552238805970149
37,4,16,1,15.85483870967742,16.5,14.0,17.0,12,18,1.8565209762552521,67,62,0.9253731343283582
37,5,17,1,17.033898305084747,18,16.0,18.0,14,18,1.2208097020589226,67,59,0.8805970149253731
37,6,18,1,17.614035087719298,18,17.0,18.0,16,18,0.6689710864890392,67,57,0.8507462686567164
37,7,18,0,17.927272727272726,18,18.0,18.0,17,18,0.25968830649246727,67,55,0.8208955223880597
37,8,18,0,18.0,18,18.0,18.0,18,18,0.0,67,53,0.7910447761194029
37,9,18,0,18.0,18.0,18.0,18.0,18,18,0.0,67,50,0.746268656716418
37,10,18,0,18.0,18.0,18.0,18.0,18,18,0.0,67,46,0.6865671641791045
38,1,5,1,5.114285714285714,5.0,5.0,6.0,3,6,0.8870956969291443,70,70,1.0
38,2,9,1,9.264705882352942,9.0,8.0,10.0,6,12,1.6325516572209315,70,68,0.9714285714285714
38,3,13,1,12.661538461538461,13,11.0,14.0,9,16,2.0097984826415813,70,65,0.9285714285714286
38,4,15,1,15.14516129032258,15.0,13.25,17.0,12,18,1.8738159632973597,70,62,0.8857142857142857
38,5,17,1,16.661016949152543,17,16.0,18.0,14,18,1.2968040178568523,70,59,0.8428571428571429
38,6,17,0,17.49122807017544,18,17.0,18.0,15,18,0.8810441775080505,70,57,0.8142857142857143
38,7,18,1,17.854545454545455,18,18.0,18.0,16,18,0.48310291838496083,70,55,0.7857142857142857
38,8,18,0,17.962264150943398,18,18.0,18.0,17,18,0.1905566969502279,70,53,0.7571428571428571
38,9,18,0,18.0,18,18.0,18.0,18,18,0.0,70,51,0.7285714285714285
38,10,18,0,18.0,18,18.0,18.0,18,18,0.0,70,49,0.7
39,1,5,1,5.074074074074074,5.0,5.0,6.0,3,6,0.8788007790892349,54,54,1.0
39,2,9,1,9.134615384615385,9.0,8.0,10.0,6,12,1.3732169719570924,54,52,0.9629629629629629
39,3,12,1,12.0,12.0,11.0,13.0,9,15,1.296148139681572,54,50,0.9259259259259259
39,4,14,1,14.25,14.0,13.75,15.0,12,17,1.070436048222094,54,48,0.8888888888888888
39,5,16,1,16.043478260869566,16.0,15.0,17.0,14,18,1.1024975941831276,54,46,0.8518518518518519
39,6,17,1,17.095238095238095,17.0,17.0,18.0,15,18,0.8676603408708856,54,42,0.7777777777777778
39,7,18,1,17.81081081081081,18,18.0,18.0,16,18,0.4554675553068302,54,37,0.6851851851851852
39,8,18,0,18.0,18.0,18.0,18.0,18,18,0.0,54,32,0.5925925925925926
39,9,18,0,18.0,18.0,18.0,18.0,18,18,0.0,54,28,0.5185185185185185
39,10,18,0,18.0,18.0,18.0,18.0,18,18,0.0,54,24,0.4444444444444444
40,1,5,1,5.277777777777778,5.5,5.0,6.0,3,6,0.8480187512485415,54,54,1.0
40,2,9,1,9.377358490566039,10,8.0,11.0,6,12,1.5808573634455405,54,53,0.9814814814814815
40,3,12,1,12.326923076923077,12.0,11.0,14.0,9,15,1.6838732119975186,54,52,0.9629629629629629
40,4,15,1,14.76,15.0,14.0,16.0,12,17,1.5041276541570532,54,50,0.9259259259259259
40,5,17,1,16.70212765957447,17,16.0,18.0,14,18,1.1469644231441323,54,47,0.8703703703703703
40,6,18,1,17.644444444444446,18,17.0,18.0,15,18,0.6718318425702655,54,45,0.8333333333333334
40,7,18,0,17.975609756097562,18,18.0,18.0,17,18,0.1542574468374819,54,41,0.7592592592592593
40,8,18,0,18.0,18.0,18.0,18.0,18,18,0.0,54,36,0.6666666666666666
40,9,18,0,18.0,18.0,18.0,18.0,18,18,0.0,54,32,0.5925925925925926
40,10,18,0,18.0,18.0,18.0,18.0,18,18,0.0,54,30,0.5555555555555556
41,1,5,1,5.144927536231884,5,5.0,6.0,3,6,0.8559317716077334,69,69,1.0
41,2,10,1,9.522388059701493,10,8.5,10.5,6,12,1.5293956367103878,69,67,0.9710144927536232
41,3,13,1,12.692307692307692,12,11.0,14.0,9,17,1.90483657221923,69,65,0.9420289855072463
41,4,15,1,14.903225806451612,14.5,14.0,16.0,12,18,1.74789899150246,69,62,0.8985507246376812
41,5,16,1,16.45762711864407,16,15.0,18.0,14,18,1.3939583183018365,69,59,0.855072463768116
41,6,17,1,17.381818181818183,18,17.0,18.0,15,18,0.9437046743535258,69,55,0.7971014492753623
41,7,18,1,17.84,18.0,18.0,18.0,16,18,0.463033476111609,69,50,0.7246376811594203
41,8,18,0,18.0,18.0,18.0,18.0,18,18,0.0,69,46,0.6666666666666666
41,9,18,0,18.0,18.0,18.0,18.0,18,18,0.0,69,44,0.6376811594202898
41,10,18,0,18.0,18.0,18.0,18.0,18,18,0.0,69,42,0.6086956521739131
42,1,5,1,5.188679245283019,5,5.0,6.0,3,6,0.8699729723319626,53,53,1.0
42,2,10,1,9.76923076923077,10.0,9.0,11.0,6,12,1.5642076467432888,53,52,0.9811320754716981
42,3,13,1,13.44,14.0,12.0,15.0,9,16,1.5512575543732252,53,50,0.9433962264150944
42,4,16,1,15.591836734693878,16,15.0,17.0,12,18,1.4130350508664296,53,49,0.9245283018867925
42,5,17,1,17.020833333333332,17.0,16.0,18.0,14,18,1.07023329492011,53,48,0.9056603773584906
42,6,18,1,17.74468085106383,18,18.0,18.0,15,18,0.6002866374325908,53,47,0.8867924528301887
42,7,18,0,18.0,18.0,18.0,18.0,18,18,0.0,53,46,0.8679245283018868
42,8,18,0,18.0,18,18.0,18.0,18,18,0.0,53,45,0.8490566037735849
42,9,18,0,18.0,18,18.0,18.0,18,18,0.0,53,43,0.8113207547169812
42,10,18,0,18.0,18,18.0,18.0,18,18,0.0,53,39,0.7358490566037735
43,1,5,1,5.243243243243243,5.0,5.0,6.0,3,6,0.8669737801267805,74,74,1.0
43,2,10,1,10.054794520547945,10,9.0,11.0,6,12,1.6292733985102879,74,73,0.9864864864864865
43,3,14,1,13.86111111111111,14.0,12.0,15.0,9,17,2.0770274937700135,74,72,0.972972972972973
43,4,16,1,16.17142857142857,17.0,15.0,18.0,12,18,1.7725802707709828,74,70,0.9459459459459459
43,5,17,1,17.36764705882353,18.0,17.0,18.0,14,18,1.0968459026937445,74,68,0.918918918918919
43,6,18,1,17.848484848484848,18.0,18.0,18.0,16,18,0.4684734798103123,74,66,0.8918918918918919
43,7,18,0,17.96875,18.0,18.0,18.0,17,18,0.17399263633843817,74,64,0.8648648648648649
43,8,18,0,18.0,18.0,18.0,18.0,18,18,0.0,74,60,0.8108108108108109
43,9,18,0,18.0,18.0,18.0,18.0,18,18,0.0,74,56,0.7567567567567568
43,10,18,0,18.0,18,18.0,18.0,18,18,0.0,74,53,0.7162162162162162
44,1,5,1,5.376623376623376,6,5.0,6.0,3,6,0.8380397820728145,77,77,1.0
44,2,10,1,10.06578947368421,10.0,9.0,11.0,6,12,1.6249334100995088,77,76,0.987012987012987
44,3,14,1,13.693333333333333,14,12.0,15.0,9,17,1.9662033352518644,77,75,0.974025974025974
44,4,16,1,15.95890410958904,16,15.0,17.0,12,18,1.6338739255229149,77,73,0.948051948051948
44,5,17,1,17.194444444444443,18.0,16.75,18.0,14,18,1.1382111804748822,77,72,0.935064935064935
44,6,18,1,17.742857142857144,18.0,18.0,18.0,15,18,0.6477590885002648,77,70,0.9090909090909091
44,7,18,0,17.955223880597014,18,18.0,18.0,16,18,0.2694846281383252,77,67,0.8701298701298701
44,8,18,0,18.0,18.0,18.0,18.0,18,18,0.0,77,62,0.8051948051948052
44,9,18,0,18.0,18,18.0,18.0,18,18,0.0,77,57,0.7402597402597403
44,10,18,0,18.0,18.0,18.0,18.0,18,18,0.0,77,52,0.6753246753246753
45,1,5,1,5.346666666666667,6,5.0,6.0,3,6,0.7570703768841808,75,75,1.0
45,2,10,1,9.837837837837839,10.0,9.0,11.0,6,12,1.5069839848054756,75,74,0.9866666666666667
45,3,13,1,13.375,13.0,12.0,15.0,9,16,1.6786030898736406,75,72,0.96
45,4,16,1,15.9,16.0,15.0,17.0,12,18,1.6049032013533668,75,70,0.9333333333333333
45,5,17,1,17.35820895522388,18,17.0,18.0,14,18,1.060857053368171,75,67,0.8933333333333333
45,6,18,1,17.846153846153847,18,18.0,18.0,15,18,0.5032439148860347,75,65,0.8666666666666667
45,7,18,0,18.0,18,18.0,18.0,18,18,0.0,75,63,0.84
45,8,18,0,18.0,18.0,18.0,18.0,18,18,0.0,75,60,0.8
45,9,18,0,18.0,18,18.0,18.0,18,18,0.0,75,57,0.76
45,10,18,0,18.0,18,18.0,18.0,18,18,0.0,75,53,0.7066666666666667
46,1,5,1,5.0675675675675675,5.0,4.25,6.0,3,6,0.8594637089815051,74,74,1.0
46,2,9,1,9.069444444444445,9.0,8.0,10.0,6,12,1.5304900167456255,74,72,0.972972972972973
46,3,12,1,12.173913043478262,12,11.0,13.0,9,16,1.6326072483059642,74,69,0.9324324324324325
46,4,14,1,14.469696969696969,14.0,14.0,15.0,12,18,1.293570311423727,74,66,0.8918918918918919
46,5,16,1,16.07936507936508,16,15.0,17.0,14,18,1.1859171964668476,74,63,0.8513513513513513
46,6,17,1,17.1864406779661,17,17.0,18.0,15,18,0.929271197415105,74,59,0.7972972972972973
46,7,18,1,17.79245283018868,18,18.0,18.0,16,18,0.48983981078291206,74,53,0.7162162162162162
46,8,18,0,17.980392156862745,18,18.0,18.0,17,18,0.1386483884679505,74,51,0.6891891891891891
46,9,18,0,18.0,18,18.0,18.0,18,18,0.0,74,47,0.6351351351351351
46,10,18,0,18.0,18,18.0,18.0,18,18,0.0,74,43,0.581081081081081
47,1,5,1,5.1866666666666665,5,5.0,6.0,3,6,0.8747317048990254,75,75,1.0
47,2,10,1,9.698630136986301,10,9.0,11.0,6,12,1.6191062265306722,75,73,0.9733333333333334
47,3,13,1,13.183098591549296,13,12.0,15.0,9,16,1.8255607601148902,75,71,0.9466666666666667
47,4,15,1,15.485714285714286,16.0,14.0,17.0,12,18,1.7707371922681334,75,70,0.9333333333333333
47,5,17,1,16.840579710144926,17,16.0,18.0,14,18,1.3579949884199976,75,69,0.92
47,6,18,1,17.58823529411765,18.0,17.75,18.0,15,18,0.8086898285216189,75,68,0.9066666666666666
47,7,18,0,17.939393939393938,18.0,18.0,18.0,16,18,0.2953574043881504,75,66,0.88
47,8,18,0,18.0,18,18.0,18.0,18,18,0.0,75,63,0.84
47,9,18,0,18.0,18,18.0,18.0,18,18,0.0,75,61,0.8133333333333334
47,10,18,0,18.0,18.0,18.0,18.0,18,18,0.0,75,60,0.8
48,1,5,1,5.141025641025641,5.0,5.0,6.0,3,6,0.8121569725493258,78,78,1.0
48,2,9,1,9.168831168831169,9,8.0,10.0,6,12,1.4361076308341907,78,77,0.9871794871794872
48,3,12,1,12.18421052631579,12.0,11.0,13.0,9,15,1.5703714471405992,78,76,0.9743589743589743
48,4,14,1,14.283783783783784,14.0,13.0,15.0,12,17,1.289461130590838,78,74,0.9487179487179487
48,5,16,1,16.014084507042252,16,15.0,17.0,14,18,1.1444041163815142,78,71,0.9102564102564102
48,6,17,1,17.166666666666668,17.0,17.0,18.0,15,18,0.94681816969503,78,66,0.8461538461538461
48,7,18,1,17.783333333333335,18.0,18.0,18.0,16,18,0.5505048188304582,78,60,0.7692307692307693
48,8,18,0,17.964285714285715,18.0,18.0,18.0,17,18,0.18557687223952257,78,56,0.717948717948718
48,9,18,0,18.0,18.0,18.0,18.0,18,18,0.0,78,50,0.6410256410256411
48,10,18,0,18.0,18,18.0,18.0,18,18,0.0,78,47,0.6025641025641025
49,1,5,1,5.35064935064935,6,5.0,6.0,3,6,0.833802645157118,77,77,1.0
49,2,10,1,10.04,10,9.0,11.0,6,12,1.6202057482513346,77,75,0.974025974025974
49,3,14,1,13.753424657534246,14,12.0,15.0,9,16,1.8856401980898372,77,73,0.948051948051948
49,4,16,1,16.154929577464788,17,15.0,17.0,12,18,1.675405246953566,77,71,0.922077922077922
49,5,17,1,17.391304347826086,18,17.0,18.0,14,18,1.0661782120434504,77,69,0.8961038961038961
49,6,18,1,17.907692307692308,18,18.0,18.0,16,18,0.3812157444111959,77,65,0.8441558441558441
49,7,18,0,18.0,18.0,18.0,18.0,18,18,0.0,77,62,0.8051948051948052
49,8,18,0,18.0,18.0,18.0,18.0,18,18,0.0,77,60,0.7792207792207793
49,9,18,0,18.0,18,18.0,18.0,18,18,0.0,77,57,0.7402597402597403
49,10,18,0,18.0,18,18.0,18.0,18,18,0.0,77,51,0.6623376623376623
50,1,5,1,5.253731343283582,5,5.0,6.0,3,6,0.7981935496788619,67,67,1.0
50,2,10,1,9.530303030303031,10.0,9.0,10.75,6,12,1.4895565434220426,67,66,0.9850746268656716
50,3,13,1,12.830769230769231,13,12.0,14.0,9,17,1.78514580976742,67,65,0.9701492537313433
50,4,15,1,15.11111111111111,15,14.0,16.0,12,18,1.564599559409728,67,63,0.9402985074626866
50,5,17,1,16.65573770491803,17,16.0,18.0,14,18,1.2131147540983607,67,61,0.9104477611940298
50,6,18,1,17.56896551724138,18.0,17.0,18.0,15,18,0.7681610141360504,67,58,0.8656716417910447
50,7,18,0,17.927272727272726,18,18.0,18.0,16,18,0.3221826390303518,67,55,0.8208955223880597
50,8,18,0,18.0,18.0,18.0,18.0,18,18,0.0,67,52,0.7761194029850746
50,9,18,0,18.0,18,18.0,18.0,18,18,0.0,67,51,0.7611940298507462
50,10,18,0,18.0,18.0,18.0,18.0,18,18,0.0,67,50,0.746268656716418
51,1,5,1,5.123287671232877,5,5.0,6.0,3,6,0.8592000975652998,73,73,1.0
51,2,9,1,9.366197183098592,9,8.0,11.0,6,12,1.7053308019904576,73,71,0.9726027397260274
51,3,13,1,12.710144927536232,12,11.0,15.0,9,16,2.0788894002366503,73,69,0.9452054794520548
51,4,15,1,15.0,15,14.0,16.0,12,18,1.6839895770230848,73,67,0.9178082191780822
51,5,17,1,16.676923076923078,17,16.0,18.0,14,18,1.1910911908212867,73,65,0.8904109589041096
51,6,18,1,17.609375,18.0,18.0,18.0,15,18,0.8219106456148381,73,64,0.8767123287671232
51,7,18,0,17.870967741935484,18.0,18.0,18.0,16,18,0.4205937035614612,73,62,0.8493150684931506
51,8,18,0,17.983333333333334,18.0,18.0,18.0,17,18,0.12801909579781012,73,60,0.821917808219178
51,9,18,0,18.0,18.0,18.0,18.0,18,18,0.0,73,56,0.7671232876712328
51,10,18,0,18.0,18,18.0,18.0,18,18,0.0,73,53,0.726027397260274
52,1,5,1,5.056338028169014,5,4.0,6.0,3,6,0.9020684203721643,71,71,1.0
52,2,9,1,9.18840579710145,9,8.0,10.0,6,12,1.5629344596571493,71,69,0.971830985915493
52,3,12,1,12.35820895522388,12,11.0,14.0,9,17,1.834182013277377,71,67,0.9436619718309859
52,4,15,1,14.625,14.0,13.0,16.0,12,18,1.653594569415369,71,64,0.9014084507042254
52,5,16,1,16.35,16.0,15.0,18.0,14,18,1.3762872762133154,71,60,0.8450704225352113
52,6,17,1,17.29090909090909,18,17.0,18.0,15,18,0.9662058367699217,71,55,0.7746478873239436
52,7,18,1,17.755102040816325,18,18.0,18.0,16,18,0.5544113349880051,71,49,0.6901408450704225
52,8,18,0,17.955555555555556,18,18.0,18.0,17,18,0.20608041101101565,71,45,0.6338028169014085
52,9,18,0,18.0,18.0,18.0,18.0,18,18,0.0,71,38,0.5352112676056338
52,10,18,0,18.0,18.0,18.0,18.0,18,18,0.0,71,34,0.4788732394366197
53,1,5,1,5.161764705882353,5.0,5.0,6.0,3,6,0.8846783083938254,68,68,1.0
53,2,10,1,9.636363636363637,10.0,8.25,11.0,6,12,1.6202914406418,68,66,0.9705882352941176
53,3,13,1,12.892307692307693,13,12.0,14.0,9,17,1.9542700933169745,68,65,0.9558823529411765
53,4,15,1,15.031746031746032,15,14.0,16.0,12,18,1.6805918644528792,68,63,0.9264705882352942
53,5,17,1,16.57377049180328,17,16.0,18.0,14,18,1.3484540801756584,68,61,0.8970588235294118
53,6,17,0,17.491525423728813,18,17.0,18.0,15,18,0.8901129495254835,68,59,0.8676470588235294
53,7,18,1,17.844827586206897,18.0,18.0,18.0,16,18,0.48429558293752206,68,58,0.8529411764705882
53,8,18,0,17.964912280701753,18,18.0,18.0,17,18,0.1840015523105529,68,57,0.8382352941176471
53,9,18,0,18.0,18,18.0,18.0,18,18,0.0,68,55,0.8088235294117647
53,10,18,0,18.0,18,18.0,18.0,18,18,0.0,68,53,0.7794117647058824
54,1,5,1,5.30379746835443,6,5.0,6.0,3,6,0.9050411610997204,79,79,1.0
54,2,10,1,9.857142857142858,10,8.0,11.0,6,12,1.7707162371703857,79,77,0.9746835443037974
54,3,13,1,13.426666666666666,14,12.0,15.0,9,17,2.1858535073411383,79,75,0.9493670886075949
54,4,16,1,15.643835616438356,16,14.0,17.0,12,18,1.9043559513432358,79,73,0.9240506329113924
54,5,17,1,17.08695652173913,17,16.0,18.0,14,18,1.0866666280090143,79,69,0.8734177215189873
54,6,18,1,17.818181818181817,18.0,18.0,18.0,16,18,0.45756572334974244,79,66,0.8354430379746836
54,7,18,0,18.0,18.0,18.0,18.0,18,18,0.0,79,62,0.7848101265822784
54,8,18,0,18.0,18,18.0,18.0,18,18,0.0,79,57,0.7215189873417721
54,9,18,0,18.0,18,18.0,18.0,18,18,0.0,79,53,0.6708860759493671
54,10,18,0,18.0,18.0,18.0,18.0,18,18,0.0,79,48,0.6075949367088608
55,1,5,1,5.358208955223881,6,5.0,6.0,3,6,0.7471636424348553,67,67,1.0
55,2,10,1,9.893939393939394,10.0,9.0,11.0,6,12,1.5775776202273082,67,66,0.9850746268656716
55,3,14,1,13.507692307692308,14,12.0,15.0,9,17,1.9777460124952415,67,65,0.9701492537313433
55,4,16,1,15.8125,16.0,15.0,17.0,12,18,1.589762167747113,67,64,0.9552238805970149
55,5,17,1,17.11111111111111,18,16.0,18.0,14,18,1.1142811920497933,67,63,0.9402985074626866
55,6,18,1,17.70967741935484,18.0,18.0,18.0,15,18,0.6060740073566431,67,62,0.9253731343283582
55,7,18,0,18.0,18.0,18.0,18.0,18,18,0.0,67,60,0.8955223880597015
55,8,18,0,18.0,18,18.0,18.0,18,18,0.0,67,57,0.8507462686567164
55,9,18,0,18.0,18,18.0,18.0,18,18,0.0,67,53,0.7910447761194029
55,10,18,0,18.0,18,18.0,18.0,18,18,0.0,67,47,0.7014925373134329
56,1,5,1,5.038461538461538,5.0,4.0,6.0,3,6,0.9397532094515859,52,52,1.0
56,2,9,1,9.46,9.5,8.0,11.0,6,12,1.6995293466133499,52,50,0.9615384615384616
56,3,13,1,12.708333333333334,13.0,12.0,14.0,9,16,1.859192626443592,52,48,0.9230769230769231
56,4,15,1,15.0,15,13.5,16.5,12,18,1.7010634971324838,52,47,0.9038461538461539
56,5,17,1,16.644444444444446,17,16.0,18.0,14,18,1.3524554715291501,52,45,0.8653846153846154
56,6,18,1,17.53488372093023,18,17.0,18.0,15,18,0.8449256802132535,52,43,0.8269230769230769
56,7,18,0,17.952380952380953,18.0,18.0,18.0,17,18,0.21295885499997996,52,42,0.8076923076923077
56,8,18,0,18.0,18,18.0,18.0,18,18,0.0,52,41,0.7884615384615384
56,9,18,0,18.0,18.0,18.0,18.0,18,18,0.0,52,40,0.7692307692307693
56,10,18,0,18.0,18,18.0,18.0,18,18,0.0,52,37,0.7115384615384616
57,1,5,1,5.378378378378378,6.0,5.0,6.0,3,6,0.833467240276177,74,74,1.0
57,2,10,1,10.069444444444445,10.0,9.0,11.0,6,12,1.6100930691602968,74,72,0.972972972972973
57,3,14,1,13.642857142857142,14.0,12.25,15.0,9,16,1.7730982914154556,74,70,0.9459459459459459
57,4,16,1,15.867647058823529,16.0,15.0,17.0,12,18,1.5330132934144658,74,68,0.918918918918919
57,5,17,1,17.242424242424242,18.0,16.25,18.0,15,18,0.9701703390049771,74,66,0.8918918918918919
57,6,18,1,17.796875,18.0,18.0,18.0,16,18,0.4736720747257537,74,64,0.8648648648648649
57,7,18,0,17.983333333333334,18.0,18.0,18.0,17,18,0.12801909579781012,74,60,0.8108108108108109
57,8,18,0,18.0,18,18.0,18.0,18,18,0.0,74,57,0.7702702702702703
57,9,18,0,18.0,18,18.0,18.0,18,18,0.0,74,53,0.7162162162162162
57,10,18,0,18.0,18.0,18.0,18.0,18,18,0.0,74,46,0.6216216216216216
58,1,5,1,5.027027027027027,5.0,4.0,6.0,3,6,0.8849030023645892,74,74,1.0
58,2,9,1,9.166666666666666,9.0,8.0,10.0,6,12,1.4433756729740645,74,72,0.972972972972973
58,3,12,1,12.185714285714285,12.0,11.0,13.0,9,15,1.4860576526295255,74,70,0.9459459459459459
58,4,14,1,14.298507462686567,14,13.0,15.0,12,17,1.2697975555315346,74,67,0.9054054054054054
58,5,16,1,15.936507936507937,16,15.0,17.0,14,18,1.1801670028851496,74,63,0.8513513513513513
58,6,17,1,17.120689655172413,17.0,17.0,18.0,15,18,1.001336799705628,74,58,0.7837837837837838
58,7,18,1,17.74074074074074,18.0,18.0,18.0,16,18,0.5832598425193934,74,54,0.7297297297297297
58,8,18,0,17.95744680851064,18,18.0,18.0,17,18,0.20184751022351358,74,47,0.6351351351351351
58,9,18,0,18.0,18,18.0,18.0,18,18,0.0,74,39,0.527027027027027
58,10,18,0,18.0,18.0,18.0,18.0,18,18,0.0,74,32,0.43243243243243246
59,1,5,1,5.0625,5.0,4.0,6.0,3,6,0.9164298936634487,64,64,1.0
59,2,9,1,9.274193548387096,9.0,8.0,10.75,6,12,1.587952169169865,64,62,0.96875
59,3,12,1,12.475409836065573,12,11.0,14.0,9,16,1.971988738845321,64,61,0.953125
59,4,15,1,14.711864406779661,14,13.0,16.0,12,18,1.8599329991361235,64,59,0.921875
59,5,16,1,16.280701754385966,16,15.0,18.0,14,18,1.347569429450633,64,57,0.890625
59,6,17,1,17.345454545454544,18,17.0,18.0,15,18,0.9764161150616402,64,55,0.859375
59,7,18,1,17.81132075471698,18,18.0,18.0,16,18,0.5160299747614091,64,53,0.828125
59,8,18,0,17.96078431372549,18,18.0,18.0,17,18,0.1941077438551307,64,51,0.796875
59,9,18,0,18.0,18,18.0,18.0,18,18,0.0,64,49,0.765625
59,10,18,0,18.0,18,18.0,18.0,18,18,0.0,64,47,0.734375
60,1,5,1,5.402777777777778,6.0,5.0,6.0,3,6,0.7756667780801779,72,72,1.0
60,2,10,1,10.084507042253522,10,9.0,11.0,6,12,1.607609360380876,72,71,0.9861111111111112
60,3,14,1,13.814285714285715,14.0,12.25,15.0,9,17,2.072216598874997,72,70,0.9722222222222222
60,4,16,1,16.147058823529413,17.0,15.0,18.0,12,18,1.767889285546908,72,68,0.9444444444444444
60,5,17,1,17.363636363636363,18.0,17.0,18.0,15,18,0.9635220057930088,72,66,0.9166666666666666
60,6,18,1,17.921875,18.0,18.0,18.0,17,18,0.26836818808308854,72,64,0.8888888888888888
60,7,18,0,18.0,18,18.0,18.0,18,18,0.0,72,61,0.8472222222222222
60,8,18,0,18.0,18.0,18.0,18.0,18,18,0.0,72,58,0.8055555555555556
60,9,18,0,18.0,18,18.0,18.0,18,18,0.0,72,55,0.7638888888888888
60,10,18,0,18.0,18.0,18.0,18.0,18,18,0.0,72,52,0.7222222222222222
61,1,5,1,5.225352112676056,5,5.0,6.0,3,6,0.772724885878603,71,71,1.0
61,2,9,1,9.485714285714286,9.0,9.0,10.75,6,12,1.4317108361562914,71,70,0.9859154929577465
61,3,12,1,12.485294117647058,12.0,12.0,13.0,9,16,1.5481739438944297,71,68,0.9577464788732394
61,4,15,1,14.575757575757576,15.0,14.0,15.0,12,18,1.3823629973281264,71,66,0.9295774647887324
61,5,16,1,16.158730158730158,16,15.0,17.0,14,18,1.274989563684013,71,63,0.8873239436619719
61,6,17,1,17.203389830508474,18,17.0,18.0,15,18,1.004728836290097,71,59,0.8309859154929577
61,7,18,1,17.78181818181818,18,18.0,18.0,16,18,0.5621681757723748,71,55,0.7746478873239436
61,8,18,0,17.96,18.0,18.0,18.0,17,18,0.19595917942265423,71,50,0.704225352112676
61,9,18,0,18.0,18,18.0,18.0,18,18,0.0,71,47,0.6619718309859155
61,10,18,0,18.0,18.0,18.0,18.0,18,18,0.0,71,44,0.6197183098591549
62,1,5,1,5.1506849315068495,5,5.0,6.0,3,6,0.916683015031321,73,73,1.0
62,2,9,1,9.464788732394366,10,8.0,11.0,6,12,1.6344097949722431,73,71,0.9726027397260274
62,3,13,1,12.691176470588236,13.0,12.0,14.0,9,16,1.7843877920417253,73,68,0.9315068493150684
62,4,15,1,15.029850746268657,15,14.0,16.0,12,18,1.6478855674454356,73,67,0.9178082191780822
62,5,17,1,16.815384615384616,17,16.0,18.0,14,18,1.213923171974084,73,65,0.8904109589041096
62,6,18,1,17.666666666666668,18,18.0,18.0,15,18,0.7126966450997984,73,63,0.863013698630137
62,7,18,0,17.93220338983051,18,18.0,18.0,16,18,0.31160637815000397,73,59,0.8082191780821918
62,8,18,0,18.0,18.0,18.0,18.0,18,18,0.0,73,54,0.7397260273972602
62,9,18,0,18.0,18.0,18.0,18.0,18,18,0.0,73,50,0.684931506849315
62,10,18,0,18.0,18,18.0,18.0,18,18,0.0,73,47,0.6438356164383562
63,1,5,1,4.957746478873239,5,4.0,6.0,3,6,0.910604500013781,71,71,1.0
63,2,9,1,9.057971014492754,9,8.0,10.0,6,12,1.7601388118103072,71,69,0.971830985915493
63,3,12,1,12.272727272727273,12.0,11.0,13.0,9,17,2.205677622433678,71,66,0.9295774647887324
63,4,15,1,14.580645161290322,14.0,13.0,16.0,12,18,1.9306390977348389,71,62,0.8732394366197183
63,5,16,1,16.135593220338983,16,15.0,17.5,14,18,1.4196875655167407,71,59,0.8309859154929577
63,6,17,1,17.107142857142858,18.0,16.0,18.0,15,18,1.1128883179202058,71,56,0.7887323943661971
63,7,18,1,17.647058823529413,18,18.0,18.0,16,18,0.6809315825170721,71,51,0.7183098591549296
63,8,18,0,17.914893617021278,18,18.0,18.0,17,18,0.27903993720434045,71,47,0.6619718309859155
63,9,18,0,18.0,18,18.0,18.0,18,18,0.0,71,43,0.6056338028169014
63,10,18,0,18.0,18.0,18.0,18.0,18,18,0.0,71,40,0.5633802816901409
64,1,5,1,4.968253968253968,5,4.0,6.0,3,6,0.8158791921204062,63,63,1.0
64,2,9,1,9.01639344262295,9,8.0,10.0,6,12,1.5628033164344899,63,61,0.9682539682539683
64,3,12,1,12.327586206896552,12.0,11.0,13.0,9,16,1.8419248836614184,63,58,0.9206349206349206
64,4,15,1,14.74074074074074,14.5,14.0,16.0,12,18,1.6350918558995642,63,54,0.8571428571428571
64,5,16,1,16.313725490196077,16,15.5,17.0,14,18,1.2755651739051446,63,51,0.8095238095238095
64,6,17,1,17.428571428571427,18,17.0,18.0,15,18,0.9476070829586857,63,49,0.7777777777777778
64,7,18,1,17.869565217391305,18.0,18.0,18.0,16,18,0.4476360930863913,63,46,0.7301587301587301
64,8,18,0,17.976744186046513,18,18.0,18.0,17,18,0.1507148999629735,63,43,0.6825396825396826
64,9,18,0,18.0,18,18.0,18.0,18,18,0.0,63,41,0.6507936507936508
64,10,18,0,18.0,18.0,18.0,18.0,18,18,0.0,63,38,0.6031746031746031
65,1,5,1,5.2368421052631575,5.0,5.0,6.0,3,6,0.8716050085094312,76,76,1.0
65,2,10,1,9.783783783783784,10.0,8.25,11.0,6,12,1.7954166140802565,76,74,0.9736842105263158
65,3,13,1,13.492957746478874,13,12.0,15.0,9,17,2.2758576122978513,76,71,0.9342105263157895
65,4,16,1,15.911764705882353,16.5,14.0,18.0,12,18,2.020012333375621,76,68,0.8947368421052632
65,5,17,1,17.206349206349206,18,17.0,18.0,14,18,1.3232803175026244,76,63,0.8289473684210527
65,6,18,1,17.704918032786885,18,18.0,18.0,15,18,0.7755328637714669,76,61,0.8026315789473685
65,7,18,0,17.93103448275862,18.0,18.0,18.0,16,18,0.31415288203945857,76,58,0.7631578947368421
65,8,18,0,18.0,18.0,18.0,18.0,18,18,0.0,76,56,0.7368421052631579
65,9,18,0,18.0,18.0,18.0,18.0,18,18,0.0,76,54,0.7105263157894737
65,10,18,0,18.0,18.0,18.0,18.0,18,18,0.0,76,52,0.6842105263157895
66,1,5,1,4.8765432098765435,5,4.0,6.0,3,6,0.8941885907274972,81,81,1.0
66,2,9,1,9.0,9,8.0,10.0,6,12,1.622624846477171,81,79,0.9753086419753086
66,3,12,1,12.116883116883116,12,11.0,13.0,9,17,1.8514580142542065,81,77,0.9506172839506173
66,4,14,1,14.22972972972973,14.0,13.0,15.0,12,18,1.6728943788026955,81,74,0.9135802469135802
66,5,16,1,15.657142857142857,16.0,15.0,16.0,14,18,1.2860317068487885,81,70,0.8641975308641975
66,6,17,1,16.791044776119403,17,16.0,18.0,15,18,1.0863785304524087,81,67,0.8271604938271605
66,7,18,1,17.58730158730159,18,17.0,18.0,16,18,0.7045187625768935,81,63,0.7777777777777778
66,8,18,0,17.93103448275862,18.0,18.0,18.0,17,18,0.2533954906327426,81,58,0.7160493827160493
66,9,18,0,18.0,18,18.0,18.0,18,18,0.0,81,51,0.6296296296296297
66,10,18,0,18.0,18.0,18.0,18.0,18,18,0.0,81,44,0.5432098765432098
67,1,5,1,5.375,6.0,5.0,6.0,3,6,0.7806247497997998,64,64,1.0
67,2,10,1,10.142857142857142,10,9.0,11.0,6,12,1.4349065879351774,64,63,0.984375
67,3,14,1,13.951612903225806,14.0,13.0,15.0,9,17,1.844148718329782,64,62,0.96875
67,4,16,1,16.19672131147541,17,15.0,18.0,12,18,1.7631907750490166,64,61,0.953125
67,5,17,1,17.216666666666665,18.0,16.75,18.0,14,18,1.3177210967761308,64,60,0.9375
67,6,18,1,17.637931034482758,18.0,18.0,18.0,15,18,0.7812076385661512,64,58,0.90625
67,7,18,0,17.928571428571427,18.0,18.0,18.0,17,18,0.25753937681885636,64,56,0.875
67,8,18,0,18.0,18.0,18.0,18.0,18,18,0.0,64,54,0.84375
67,9,18,0,18.0,18.0,18.0,18.0,18,18,0.0,64,52,0.8125
67,10,18,0,18.0,18,18.0,18.0,18,18,0.0,64,49,0.765625
68,1,5,1,5.328571428571428,6.0,5.0,6.0,3,6,0.8232588305270806,70,70,1.0
68,2,10,1,9.927536231884059,10,9.0,11.0,6,12,1.653444718487149,70,69,0.9857142857142858
68,3,14,1,13.686567164179104,14,12.0,15.0,9,17,1.9865890306835625,70,67,0.9571428571428572
68,4,16,1,16.0,16.0,15.0,17.75,12,18,1.6966991126265962,70,66,0.9428571428571428
68,5,17,1,17.369230769230768,18,17.0,18.0,14,18,1.0163165886100767,70,65,0.9285714285714286
68,6,18,1,17.92063492063492,18,18.0,18.0,17,18,0.27030772009406984,70,63,0.9
68,7,18,0,18.0,18.0,18.0,18.0,18,18,0.0,70,60,0.8571428571428571
68,8,18,0,18.0,18.0,18.0,18.0,18,18,0.0,70,58,0.8285714285714286
68,9,18,0,18.0,18,18.0,18.0,18,18,0.0,70,55,0.7857142857142857
68,10,18,0,18.0,18.0,18.0,18.0,18,18,0.0,70,52,0.7428571428571429
69,1,5,1,5.236111111111111,5.5,5.0,6.0,3,6,0.8896481132628219,72,72,1.0
69,2,10,1,10.057142857142857,10.0,9.0,12.0,6,12,1.6808646948665975,72,70,0.9722222222222222
69,3,14,1,13.779411764705882,14.0,12.0,15.0,9,17,2.1271742388000408,72,68,0.9444444444444444
69,4,16,1,16.046153846153846,16,15.0,18.0,12,18,1.8433311754769426,72,65,0.9027777777777778
69,5,17,1,17.174603174603174,18,17.0,18.0,14,18,1.2914822607497138,72,63,0.875
69,6,18,1,17.62295081967213,18,18.0,18.0,15,18,0.8524590163934427,72,61,0.8472222222222222
69,7,18,0,17.864406779661017,18,18.0,18.0,16,18,0.46787029633363597,72,59,0.8194444444444444
69,8,18,0,17.964912280701753,18,18.0,18.0,17,18,0.1840015523105529,72,57,0.7916666666666666
69,9,18,0,18.0,18.0,18.0,18.0,18,18,0.0,72,54,0.75
69,10,18,0,18.0,18.0,18.0,18.0,18,18,0.0,72,50,0.6944444444444444
70,1,5,1,5.346153846153846,6.0,5.0,6.0,3,6,0.7816308243423683,78,78,1.0
70,2,10,1,9.7012987012987,10,9.0,11.0,6,12,1.6121691047982052,78,77,0.9871794871794872
70,3,13,1,13.2,13,12.0,15.0,9,17,1.9390719429665315,78,75,0.9615384615384616
70,4,16,1,15.58904109589041,16,15.0,17.0,12,18,1.7028229296723654,78,73,0.9358974358974359
70,5,17,1,17.130434782608695,18,16.0,18.0,14,18,1.1661039240516777,78,69,0.8846153846153846
70,6,18,1,17.70149253731343,18,18.0,18.0,15,18,0.6914170042925654,78,67,0.8589743589743589
70,7,18,0,17.939393939393938,18.0,18.0,18.0,16,18,0.2953574043881504,78,66,0.8461538461538461
70,8,18,0,18.0,18,18.0,18.0,18,18,0.0,78,65,0.8333333333333334
70,9,18,0,18.0,18,18.0,18.0,18,18,0.0,78,63,0.8076923076923077
70,10,18,0,18.0,18,18.0,18.0,18,18,0.0,78,59,0.7564102564102564
71,1,5,1,5.166666666666667,5.0,5.0,6.0,3,6,0.9128709291752769,72,72,1.0
71,2,10,1,9.785714285714286,10.0,9.0,11.0,6,12,1.5665508713900935,72,70,0.9722222222222222
71,3,13,1,13.101449275362318,13,12.0,15.0,9,17,1.8738855821429554,72,69,0.9583333333333334
71,4,15,1,15.343283582089553,15,14.0,17.0,12,18,1.6800163361498759,72,67,0.9305555555555556
71,5,17,1,16.84375,17.0,16.0,18.0,14,18,1.325456878778031,72,64,0.8888888888888888
71,6,18,1,17.62295081967213,18,18.0,18.0,15,18,0.7717116259632668,72,61,0.8472222222222222
71,7,18,0,17.96551724137931,18.0,18.0,18.0,17,18,0.18246560765962694,72,58,0.8055555555555556
71,8,18,0,18.0,18.0,18.0,18.0,18,18,0.0,72,56,0.7777777777777778
71,9,18,0,18.0,18.0,18.0,18.0,18,18,0.0,72,52,0.7222222222222222
71,10,18,0,18.0,18.0,18.0,18.0,18,18,0.0,72,46,0.6388888888888888
72,1,5,1,5.235294117647059,5.0,5.0,6.0,3,6,0.7692174606248248,68,68,1.0
72,2,10,1,9.656716417910447,10,8.0,11.0,6,12,1.5697916850673441,68,67,0.9852941176470589
72,3,13,1,12.954545454545455,13.0,11.25,15.0,9,16,2.0108178509631514,68,66,0.9705882352941176
72,4,15,1,15.125,15.0,14.0,17.0,12,18,1.79843682124227,68,64,0.9411764705882353
72,5,17,1,16.60655737704918,17,16.0,18.0,14,18,1.3216815980817294,68,61,0.8970588235294118
72,6,17,0,17.389830508474578,18,17.0,18.0,15,18,0.9022936714716043,68,59,0.8676470588235294
72,7,18,1,17.82456140350877,18,18.0,18.0,16,18,0.4635033267937862,68,57,0.8382352941176471
72,8,18,0,17.98181818181818,18,18.0,18.0,17,18,0.133608531424537,68,55,0.8088235294117647
72,9,18,0,18.0,18,18.0,18.0,18,18,0.0,68,51,0.75
72,10,18,0,18.0,18,18.0,18.0,18,18,0.0,68,47,0.6911764705882353
73,1,5,1,5.223880597014926,5,5.0,6.0,3,6,0.8607684092714157,67,67,1.0
73,2,10,1,9.646153846153846,10,9.0,11.0,6,12,1.5925863747209272,67,65,0.9701492537313433
73,3,13,1,13.125,13.0,12.0,14.0,9,17,2.072890493972125,67,64,0.9552238805970149
73,4,15,1,15.365079365079366,15,14.0,17.0,12,18,1.8109156440573537,67,63,0.9402985074626866
73,5,17,1,16.704918032786885,17,16.0,18.0,14,18,1.334832982676871,67,61,0.9104477611940298
73,6,17,0,17.466666666666665,18.0,17.0,18.0,15,18,0.865383665716478,67,60,0.8955223880597015
73,7,18,1,17.87719298245614,18,18.0,18.0,16,18,0.4615068925602072,67,57,0.8507462686567164
73,8,18,0,17.962962962962962,18.0,18.0,18.0,17,18,0.18885257457751053,67,54,0.8059701492537313
73,9,18,0,18.0,18.0,18.0,18.0,18,18,0.0,67,50,0.746268656716418
73,10,18,0,18.0,18.0,18.0,18.0,18,18,0.0,67,48,0.7164179104477612
74,1,5,1,5.131578947368421,5.0,4.75,6.0,3,6,0.878726729319158,76,76,1.0
74,2,9,1,9.48,10,8.0,11.0,6,12,1.7690675509996785,76,75,0.9868421052631579
74,3,13,1,13.095890410958905,13,12.0,15.0,9,17,2.2705040389151407,76,73,0.9605263157894737
74,4,15,1,15.394366197183098,15,14.0,17.0,12,18,1.9244818087206763,76,71,0.9342105263157895
74,5,17,1,16.897058823529413,17.0,16.0,18.0,14,18,1.2501729984092431,76,68,0.8947368421052632
74,6,18,1,17.611940298507463,18,18.0,18.0,15,18,0.7909039581786131,76,67,0.881578947368421
74,7,18,0,17.892307692307693,18,18.0,18.0,16,18,0.3970303969404289,76,65,0.8552631578947368
74,8,18,0,17.984375,18.0,18.0,18.0,17,18,0.12401959270615269,76,64,0.8421052631578947
74,9,18,0,18.0,18,18.0,18.0,18,18,0.0,76,61,0.8026315789473685
74,10,18,0,18.0,18.0,18.0,18.0,18,18,0.0,76,58,0.7631578947368421
75,1,5,1,5.3283582089552235,6,5.0,6.0,3,6,0.8174963544853225,67,67,1.0
75,2,10,1,9.984615384615385,10,9.0,11.0,6,12,1.6313496789921924,67,65,0.9701492537313433
75,3,13,1,13.476190476190476,14,12.0,15.0,9,17,1.950638014120385,67,63,0.9402985074626866
75,4,16,1,15.65,16.0,14.0,17.0,12,18,1.7012250488006184,67,60,0.8955223880597015
75,5,17,1,16.982758620689655,18.0,16.0,18.0,14,18,1.2797006561388626,67,58,0.8656716417910447
75,6,18,1,17.614035087719298,18,18.0,18.0,15,18,0.8112019664348696,67,57,0.8507462686567164
75,7,18,0,17.90909090909091,18,18.0,18.0,16,18,0.39417242524870544,67,55,0.8208955223880597
75,8,18,0,17.980392156862745,18,18.0,18.0,17,18,0.1386483884679505,67,51,0.7611940298507462
75,9,18,0,18.0,18.0,18.0,18.0,18,18,0.0,67,48,0.7164179104477612
75,10,18,0,18.0,18,18.0,18.0,18,18,0.0,67,43,0.6417910447761194
76,1,5,1,5.090909090909091,5,4.5,6.0,3,6,0.899954085146515,55,55,1.0
76,2,9,1,9.245283018867925,9,8.0,10.0,6,12,1.6357522114485468,55,53,0.9636363636363636
76,3,12,1,12.450980392156863,12,11.0,14.0,9,16,1.807541125724159,55,51,0.9272727272727272
76,4,15,1,14.83673469387755,15,13.0,16.0,12,18,1.5952344690500249,55,49,0.8909090909090909
76,5,17,1,16.541666666666668,17.0,16.0,18.0,14,18,1.3063679505492403,55,48,0.8727272727272727
76,6,17,0,17.47826086956522,18.0,17.0,18.0,15,18,0.8782178207271373,55,46,0.8363636363636363
76,7,18,1,17.86046511627907,18,18.0,18.0,16,18,0.4616147265413769,55,43,0.7818181818181819
76,8,18,0,17.974358974358974,18,18.0,18.0,17,18,0.15806189751202504,55,39,0.7090909090909091
76,9,18,0,18.0,18.0,18.0,18.0,18,18,0.0,55,36,0.6545454545454545
76,10,18,0,18.0,18,18.0,18.0,18,18,0.0,55,35,0.6363636363636364
77,1,5,1,5.1692307692307695,5,5.0,6.0,3,6,0.8333293885508211,65,65,1.0
77,2,9,1,9.412698412698413,9,8.0,11.0,6,12,1.6488083299902083,65,63,0.9692307692307692
77,3,13,1,12.770491803278688,13,11.0,15.0,9,16,2.051736111103215,65,61,0.9384615384615385
77,4,15,1,15.172413793103448,15.0,14.0,17.0,12,18,1.8207419010267705,65,58,0.8923076923076924
77,5,17,1,16.90740740740741,17.0,16.0,18.0,14,18,1.1905261600329948,65,54,0.8307692307692308
77,6,18,1,17.745098039215687,18,18.0,18.0,15,18,0.6212933144217592,65,51,0.7846153846153846
77,7,18,0,18.0,18.0,18.0,18.0,18,18,0.0,65,48,0.7384615384615385
77,8,18,0,18.0,18.0,18.0,18.0,18,18,0.0,65,46,0.7076923076923077
77,9,18,0,18.0,18.0,18.0,18.0,18,18,0.0,65,44,0.676923076923077
77,10,18,0,18.0,18,18.0,18.0,18,18,0.0,65,41,0.6307692307692307
78,1,5,1,5.367647058823529,6.0,5.0,6.0,3,6,0.8558520309971448,68,68,1.0
78,2,10,1,9.865671641791044,10,8.5,11.0,6,12,1.7779371107530286,68,67,0.9852941176470589
78,3,13,1,13.333333333333334,14.0,12.0,15.0,9,17,2.2042200113840402,68,66,0.9705882352941176
78,4,16,1,15.65625,16.0,14.0,17.0,12,18,1.8726547833223293,68,64,0.9411764705882353
78,5,17,1,17.081967213114755,18,16.0,18.0,14,18,1.105798160920659,68,61,0.8970588235294118
78,6,18,1,17.810344827586206,18.0,18.0,18.0,16,18,0.43378433191065946,68,58,0.8529411764705882
78,7,18,0,18.0,18.0,18.0,18.0,18,18,0.0,68,56,0.8235294117647058
78,8,18,0,18.0,18,18.0,18.0,18,18,0.0,68,53,0.7794117647058824
78,9,18,0,18.0,18.0,18.0,18.0,18,18,0.0,68,48,0.7058823529411765
78,10,18,0,18.0,18,18.0,18.0,18,18,0.0,68,43,0.6323529411764706
79,1,5,1,5.265625,5.0,5.0,6.0,3,6,0.8147504890302306,64,64,1.0
79,2,10,1,9.88888888888889,10,8.5,12.0,6,12,1.7100182038491845,64,63,0.984375
79,3,14,1,13.557377049180328,13,12.0,15.0,9,17,2.068693974340637,64,61,0.953125
79,4,16,1,15.583333333333334,15.0,14.0,18.0,12,18,1.9688547150282292,64,60,0.9375
79,5,17,1,16.689655172413794,17.0,15.25,18.0,14,18,1.4527844436510962,64,58,0.90625
79,6,17,0,17.339285714285715,18.0,17.0,18.0,15,18,0.9687397135727746,64,56,0.875
79,7,18,1,17.81132075471698,18,18.0,18.0,16,18,0.4780701682762237,64,53,0.828125
79,8,18,0,17.979591836734695,18,18.0,18.0,17,18,0.14139190265868384,64,49,0.765625
79,9,18,0,18.0,18.0,18.0,18.0,18,18,0.0,64,46,0.71875
79,10,18,0,18.0,18,18.0,18.0,18,18,0.0,64,41,0.640625
80,1,5,1,4.967213114754099,5,4.0,6.0,3,6,0.8677691978928554,61,61,1.0
80,2,9,1,8.9,9.0,8.0,10.0,6,12,1.556705923844749,61,60,0.9836065573770492
80,3,12,1,11.862068965517242,12.0,11.0,13.0,9,16,1.7064611078149823,61,58,0.9508196721311475
80,4,14,1,14.017857142857142,14.0,13.0,15.0,12,17,1.395030355898233,61,56,0.9180327868852459
80,5,16,1,15.641509433962264,16,15.0,16.0,14,18,1.1670692146560087,61,53,0.8688524590163934
80,6,17,1,16.84,17.0,16.0,18.0,15,18,1.065082156455548,61,50,0.819672131147541
80,7,18,1,17.617021276595743,18,17.5,18.0,16,18,0.7011598746078332,61,47,0.7704918032786885
80,8,18,0,17.90909090909091,18.0,18.0,18.0,17,18,0.28747978728803447,61,44,0.7213114754098361
80,9,18,0,18.0,18,18.0,18.0,18,18,0.0,61,41,0.6721311475409836
80,10,18,0,18.0,18.0,18.0,18.0,18,18,0.0,61,36,0.5901639344262295
81,1,5,1,5.216666666666667,5.0,5.0,6.0,3,6,0.877338145883457,60,60,1.0
81,2,10,1,9.741379310344827,10.0,8.25,11.0,6,12,1.7865430385348837,60,58,0.9666666666666667
81,3,13,1,13.107142857142858,13.0,11.75,15.0,9,17,2.14374981406556,60,56,0.9333333333333333
81,4,15,1,15.203703703703704,15.0,13.25,17.0,12,18,1.889342719627253,60,54,0.9
81,5,17,1,16.576923076923077,17.0,16.0,18.0,14,18,1.3494465225268333,60,52,0.8666666666666667
81,6,17,0,17.44,18.0,17.0,18.0,15,18,0.9199999999999999,60,50,0.8333333333333334
81,7,18,1,17.829787234042552,18,18.0,18.0,16,18,0.5185556428491038,60,47,0.7833333333333333
81,8,18,0,17.954545454545453,18.0,18.0,18.0,17,18,0.20829889522526546,60,44,0.7333333333333333
81,9,18,0,18.0,18.0,18.0,18.0,18,18,0.0,60,40,0.6666666666666666
81,10,18,0,18.0,18.0,18.0,18.0,18,18,0.0,60,34,0.5666666666666667
82,1,5,1,5.088235294117647,5.0,4.75,6.0,3,6,0.8700117328087671,68,68,1.0
82,2,9,1,9.462686567164178,9,8.0,11.0,6,12,1.76473209001283,68,67,0.9852941176470589
82,3,13,1,12.938461538461539,13,12.0,15.0,9,17,2.1900258029875994,68,65,0.9558823529411765
82,4,15,1,15.1875,15.0,13.0,17.0,12,18,1.8946882989030147,68,64,0.9411764705882353
82,5,17,1,16.571428571428573,17,16.0,18.0,14,18,1.4222080498160075,68,63,0.9264705882352942
82,6,17,0,17.370967741935484,18.0,17.0,18.0,15,18,0.9710963369993787,68,62,0.9117647058823529
82,7,18,1,17.81967213114754,18,18.0,18.0,16,18,0.528164055527443,68,61,0.8970588235294118
82,8,18,0,17.966101694915253,18,18.0,18.0,17,18,0.1809674280005307,68,59,0.8676470588235294
82,9,18,0,18.0,18,18.0,18.0,18,18,0.0,68,57,0.8382352941176471
82,10,18,0,18.0,18,18.0,18.0,18,18,0.0,68,55,0.8088235294117647
83,1,5,1,5.333333333333333,6.0,5.0,6.0,3,6,0.8226589066968623,66,66,1.0
83,2,10,1,10.015384615384615,10,9.0,11.0,6,12,1.6869846353074214,66,65,0.9848484848484849
83,3,14,1,13.682539682539682,14,12.0,15.0,9,17,2.0765156776524485,66,63,0.9545454545454546
83,4,16,1,15.934426229508198,16,15.0,17.0,12,18,1.735538395785711,66,61,0.9242424242424242
83,5,17,1,17.344827586206897,18.0,17.0,18.0,14,18,0.9568577190008005,66,58,0.8787878787878788
83,6,18,1,17.894736842105264,18,18.0,18.0,17,18,0.30689220499185793,66,57,0.8636363636363636
83,7,18,0,18.0,18,18.0,18.0,18,18,0.0,66,55,0.8333333333333334
83,8,18,0,18.0,18,18.0,18.0,18,18,0.0,66,53,0.803030303030303
83,9,18,0,18.0,18,18.0,18.0,18,18,0.0,66,49,0.7424242424242424
83,10,18,0,18.0,18.0,18.0,18.0,18,18,0.0,66,46,0.696969696969697
84,1,5,1,5.303030303030303,6.0,5.0,6.0,3,6,0.869860611782262,66,66,1.0
84,2,10,1,10.03125,10.0,9.0,11.25,6,12,1.7317688753121763,66,64,0.9696969696969697
84,3,14,1,13.709677419354838,14.0,12.0,15.0,9,17,2.12046173284449,66,62,0.9393939393939394
84,4,16,1,16.0,16.0,15.0,18.0,12,18,1.7320508075688772,66,60,0.9090909090909091
84,5,17,1,17.224137931034484,18.0,16.25,18.0,14,18,1.0346264268053447,66,58,0.8787878787878788
84,6,18,1,17.857142857142858,18.0,18.0,18.0,17,18,0.3499271061118826,66,56,0.8484848484848485
84,7,18,0,18.0,18,18.0,18.0,18,18,0.0,66,53,0.803030303030303
84,8,18,0,18.0,18.0,18.0,18.0,18,18,0.0,66,50,0.7575757575757576
84,9,18,0,18.0,18,18.0,18.0,18,18,0.0,66,45,0.6818181818181818
84,10,18,0,18.0,18,18.0,18.0,18,18,0.0,66,41,0.6212121212121212
85,1,5,1,5.197183098591549,5,5.0,6.0,3,6,0.882054552780348,71,71,1.0
85,2,10,1,9.666666666666666,10,8.0,11.0,6,12,1.7334448124686277,71,69,0.971830985915493
85,3,13,1,13.166666666666666,13.0,12.0,15.0,9,17,2.100384765136179,71,66,0.9295774647887324
85,4,15,1,15.34920634920635,15,14.0,17.0,12,18,1.8530003996841256,71,63,0.8873239436619719
85,5,17,1,16.733333333333334,17.0,16.0,18.0,14,18,1.364632632697248,71,60,0.8450704225352113
85,6,17,0,17.43103448275862,18.0,17.0,18.0,15,18,0.8927305838620426,71,58,0.8169014084507042
85,7,18,1,17.839285714285715,18.0,18.0,18.0,16,18,0.4542177622134609,71,56,0.7887323943661971
85,8,18,0,17.98076923076923,18.0,18.0,18.0,17,18,0.1373351620873625,71,52,0.7323943661971831
85,9,18,0,18.0,18,18.0,18.0,18,18,0.0,71,49,0.6901408450704225
85,10,18,0,18.0,18,18.0,18.0,18,18,0.0,71,45,0.6338028169014085
86,1,5,1,5.237288135593221,5,5.0,6.0,3,6,0.830335506028196,59,59,1.0
86,2,9,1,9.456140350877194,9,8.0,10.0,6,12,1.4993586399453682,59,57,0.9661016949152542
86,3,13,1,12.581818181818182,13,12.0,14.0,9,16,1.603302377094444,59,55,0.9322033898305084
86,4,15,1,14.884615384615385,15.0,14.0,16.0,12,17,1.4498520634592895,59,52,0.8813559322033898
86,5,17,1,16.659574468085108,17,16.0,18.0,14,18,1.1350620143275865,59,47,0.7966101694915254
86,6,18,1,17.59090909090909,18.0,17.0,18.0,15,18,0.7172606290027046,59,44,0.7457627118644068
86,7,18,0,17.976190476190474,18.0,18.0,18.0,17,18,0.1524553389864964,59,42,0.711864406779661
86,8,18,0,18.0,18.0,18.0,18.0,18,18,0.0,59,38,0.6440677966101694
86,9,18,0,18.0,18,18.0,18.0,18,18,0.0,59,33,0.559322033898305
86,10,18,0,18.0,18,18.0,18.0,18,18,0.0,59,27,0.4576271186440678
87,1,5,1,5.1692307692307695,5,5.0,6.0,3,6,0.8333293885508211,65,65,1.0
87,2,9,1,9.390625,9.0,8.0,11.0,6,12,1.682791463424687,65,64,0.9846153846153847
87,3,13,1,12.693548387096774,13.0,11.0,14.0,9,16,2.020768854616411,65,62,0.9538461538461539
87,4,15,1,15.0,15,13.0,17.0,12,18,1.974412592328605,65,59,0.9076923076923077
87,5,16,1,16.392857142857142,16.5,15.0,18.0,14,18,1.4961685761181007,65,56,0.8615384615384616
87,6,17,1,17.25925925925926,18.0,17.0,18.0,15,18,1.0918076276284203,65,54,0.8307692307692308
87,7,18,1,17.71153846153846,18.0,18.0,18.0,16,18,0.660318642822669,65,52,0.8
87,8,18,0,17.916666666666668,18.0,18.0,18.0,17,18,0.2763853991962833,65,48,0.7384615384615385
87,9,18,0,18.0,18,18.0,18.0,18,18,0.0,65,43,0.6615384615384615
87,10,18,0,18.0,18.0,18.0,18.0,18,18,0.0,65,40,0.6153846153846154
88,1,5,1,5.282051282051282,5.0,5.0,6.0,3,6,0.8148845426702925,78,78,1.0
88,2,10,1,9.763157894736842,10.0,9.0,11.0,6,12,1.4944495646842826,78,76,0.9743589743589743
88,3,13,1,13.202702702702704,13.0,12.0,14.0,9,17,1.7704765714328714,78,74,0.9487179487179487
88,4,15,1,15.424657534246576,15,14.0,17.0,12,18,1.6378887865901504,78,73,0.9358974358974359
88,5,17,1,16.845070422535212,17,16.0,18.0,14,18,1.2178009195051993,78,71,0.9102564102564102
88,6,18,1,17.58823529411765,18.0,17.0,18.0,15,18,0.7119834374653061,78,68,0.8717948717948718
88,7,18,0,17.936507936507937,18,18.0,18.0,17,18,0.24384589675773358,78,63,0.8076923076923077
88,8,18,0,18.0,18,18.0,18.0,18,18,0.0,78,57,0.7307692307692307
88,9,18,0,18.0,18.0,18.0,18.0,18,18,0.0,78,48,0.6153846153846154
88,10,18,0,18.0,18.0,18.0,18.0,18,18,0.0,78,42,0.5384615384615384
89,1,5,1,5.385714285714286,6.0,5.0,6.0,3,6,0.7424449405820733,70,70,1.0
89,2,10,1,10.08695652173913,10,9.0,11.0,6,12,1.471853119983544,70,69,0.9857142857142858
89,3,14,1,13.647058823529411,14.0,12.0,15.0,9,17,1.7637252177135234,70,68,0.9714285714285714
89,4,16,1,15.940298507462687,16,15.0,17.0,12,18,1.6011245769437474,70,67,0.9571428571428572
89,5,17,1,17.276923076923076,18,17.0,18.0,14,18,1.1164186188631837,70,65,0.9285714285714286
89,6,18,1,17.75,18.0,18.0,18.0,15,18,0.6614378277661477,70,64,0.9142857142857143
89,7,18,0,17.951612903225808,18.0,18.0,18.0,16,18,0.2798282511757657,70,62,0.8857142857142857
89,8,18,0,18.0,18,18.0,18.0,18,18,0.0,70,59,0.8428571428571429
89,9,18,0,18.0,18,18.0,18.0,18,18,0.0,70,55,0.7857142857142857
89,10,18,0,18.0,18,18.0,18.0,18,18,0.0,70,49,0.7
90,1,5,1,5.226666666666667,5,5.0,6.0,3,6,0.7758579480520617,75,75,1.0
90,2,9,1,9.22972972972973,9.0,9.0,10.0,6,12,1.191720279365623,75,74,0.9866666666666667
90,3,12,1,12.178082191780822,12,11.0,13.0,9,16,1.3379852544739486,75,73,0.9733333333333334
90,4,15,1,14.535211267605634,15,14.0,15.0,12,18,1.309025935200663,75,71,0.9466666666666667
90,5,16,1,16.308823529411764,16.0,16.0,17.0,14,18,1.0745361918900922,75,68,0.9066666666666666
90,6,17,1,17.415384615384614,18,17.0,18.0,15,18,0.8207371488214855,75,65,0.8666666666666667
90,7,18,1,17.885245901639344,18,18.0,18.0,16,18,0.4088512758472107,75,61,0.8133333333333334
90,8,18,0,17.982758620689655,18.0,18.0,18.0,17,18,0.13016955922880602,75,58,0.7733333333333333
90,9,18,0,18.0,18,18.0,18.0,18,18,0.0,75,55,0.7333333333333333
90,10,18,0,18.0,18,18.0,18.0,18,18,0.0,75,51,0.68
91,1,5,1,5.1940298507462686,5,5.0,6.0,3,6,0.9342377525091835,67,67,1.0
91,2,10,1,9.815384615384616,10,8.0,11.0,6,12,1.8964931823058433,67,65,0.9701492537313433
91,3,14,1,13.758064516129032,15.0,12.0,16.0,9,17,2.297863551010694,67,62,0.9253731343283582
91,4,16,1,16.203389830508474,17,14.5,18.0,12,18,1.9202724119686165,67,59,0.8805970149253731
91,5,17,1,17.403508771929825,18,17.0,18.0,14,18,1.0572995911101308,67,57,0.8507462686567164
91,6,18,1,17.927272727272726,18,18.0,18.0,16,18,0.3221826390303518,67,55,0.8208955223880597
91,7,18,0,18.0,18.0,18.0,18.0,18,18,0.0,67,54,0.8059701492537313
91,8,18,0,18.0,18,18.0,18.0,18,18,0.0,67,53,0.7910447761194029
91,9,18,0,18.0,18.0,18.0,18.0,18,18,0.0,67,52,0.7761194029850746
91,10,18,0,18.0,18.0,18.0,18.0,18,18,0.0,67,50,0.746268656716418
92,1,5,1,5.2465753424657535,5,5.0,6.0,3,6,0.8724210042789401,73,73,1.0
92,2,10,1,9.930555555555555,10.0,9.0,11.0,6,12,1.6526610603045362,73,72,0.9863013698630136
92,3,14,1,13.571428571428571,14.0,12.0,15.0,9,17,1.9240688179809293,73,70,0.958904109589041
92,4,16,1,15.823529411764707,16.0,14.0,17.0,12,18,1.7230374724560953,73,68,0.9315068493150684
92,5,17,1,17.119402985074625,18,17.0,18.0,14,18,1.178443041382202,73,67,0.9178082191780822
92,6,18,1,17.734375,18.0,18.0,18.0,15,18,0.6901582132924305,73,64,0.8767123287671232
92,7,18,0,17.933333333333334,18.0,18.0,18.0,16,18,0.30912061651652345,73,60,0.821917808219178
92,8,18,0,18.0,18.0,18.0,18.0,18,18,0.0,73,56,0.7671232876712328
92,9,18,0,18.0,18.0,18.0,18.0,18,18,0.0,73,52,0.7123287671232876
92,10,18,0,18.0,18.0,18.0,18.0,18,18,0.0,73,46,0.6301369863013698
93,1,5,1,5.217948717948718,5.0,5.0,6.0,3,6,0.8718891351753489,78,78,1.0
93,2,10,1,9.763157894736842,10.0,9.0,11.0,6,12,1.6292428097014848,78,76,0.9743589743589743
93,3,13,1,13.356164383561644,13,12.0,15.0,9,17,2.1604785302861402,78,73,0.9358974358974359
93,4,16,1,15.605633802816902,15,14.0,18.0,12,18,1.9679035333582406,78,71,0.9102564102564102
93,5,17,1,16.880597014925375,18,16.0,18.0,14,18,1.321717427064505,78,67,0.8589743589743589
93,6,18,1,17.634920634920636,18,17.5,18.0,15,18,0.6969682031777825,78,63,0.8076923076923077
93,7,18,0,17.96551724137931,18.0,18.0,18.0,17,18,0.18246560765962694,78,58,0.7435897435897436
93,8,18,0,18.0,18.0,18.0,18.0,18,18,0.0,78,54,0.6923076923076923
93,9,18,0,18.0,18,18.0,18.0,18,18,0.0,78,49,0.6282051282051282
93,10,18,0,18.0,18,18.0,18.0,18,18,0.0,78,45,0.5769230769230769
94,1,5,1,5.234375,5.0,5.0,6.0,3,6,0.8051045642492657,64,64,1.0
94,2,9,1,9.317460317460318,9,8.0,10.0,6,12,1.434555368596191,64,63,0.984375
94,3,12,1,12.161290322580646,12.0,11.0,13.0,9,17,1.667464255912269,64,62,0.96875
94,4,14,1,14.35,14.0,13.0,15.0,12,18,1.447123583757333,64,60,0.9375
94,5,16,1,16.07017543859649,16,15.0,17.0,14,18,1.1059591236824202,64,57,0.890625
94,6,17,1,17.185185185185187,17.0,17.0,18.0,15,18,0.9442628728875527,64,54,0.84375
94,7,18,1,17.75,18.0,18.0,18.0,16,18,0.5590169943749475,64,48,0.75
94,8,18,0,17.952380952380953,18.0,18.0,18.0,17,18,0.21295885499997996,64,42,0.65625
94,9,18,0,18.0,18,18.0,18.0,18,18,0.0,64,37,0.578125
94,10,18,0,18.0,18,18.0,18.0,18,18,0.0,64,31,0.484375
95,1,5,1,5.046153846153846,5,4.0,6.0,3,6,0.901806208600175,65,65,1.0
95,2,9,1,9.174603174603174,9,8.0,10.0,6,12,1.5382909764553292,65,63,0.9692307692307692
95,3,12,1,12.15,12.0,11.0,13.0,9,16,1.49248115565993,65,60,0.9230769230769231
95,4,14,1,14.275862068965518,14.0,13.0,15.0,12,17,1.2837593426887093,65,58,0.8923076923076924
95,5,16,1,15.962962962962964,16.0,15.0,17.0,14,18,1.2614360271056593,65,54,0.8307692307692308
95,6,17,1,17.0,17,16.0,18.0,15,18,1.066421540461737,65,51,0.7846153846153846
95,7,18,1,17.666666666666668,18,18.0,18.0,16,18,0.6666666666666666,65,45,0.6923076923076923
95,8,18,0,17.923076923076923,18,18.0,18.0,17,18,0.2664693550105965,65,39,0.6
95,9,18,0,18.0,18,18.0,18.0,18,18,0.0,65,33,0.5076923076923077
95,10,18,0,18.0,18.0,18.0,18.0,18,18,0.0,65,30,0.46153846153846156
96,1,5,1,4.955555555555556,5,4.0,6.0,3,6,0.8680899993166493,45,45,1.0
96,2,9,1,8.75,9.0,8.0,10.0,6,12,1.4479609487451341,45,44,0.9777777777777777
96,3,12,1,11.738095238095237,12.0,11.0,12.0,9,15,1.415215343020341,45,42,0.9333333333333333
96,4,14,1,14.025,14.0,13.0,15.0,12,17,1.083685840084662,45,40,0.8888888888888888
96,5,16,1,15.894736842105264,16.0,15.0,16.75,14,18,1.020564180508701,45,38,0.8444444444444444
96,6,17,1,17.13888888888889,17.0,17.0,18.0,15,18,0.9472996058322185,45,36,0.8
96,7,18,1,17.8125,18.0,18.0,18.0,16,18,0.5266343608235224,45,32,0.7111111111111111
96,8,18,0,17.967741935483872,18,18.0,18.0,17,18,0.17668469596940842,45,31,0.6888888888888889
96,9,18,0,18.0,18.0,18.0,18.0,18,18,0.0,45,30,0.6666666666666666
96,10,18,0,18.0,18,18.0,18.0,18,18,0.0,45,29,0.6444444444444445
97,1,5,1,5.40625,6.0,5.0,6.0,3,6,0.8238391454040043,64,64,1.0
97,2,10,1,10.206349206349206,11,9.0,12.0,6,12,1.7652620665978214,64,63,0.984375
97,3,14,1,13.903225806451612,15.0,12.25,15.0,9,16,1.9236195504355578,64,62,0.96875
97,4,16,1,16.45,17.0,16.0,17.0,12,18,1.3469100440143233,64,60,0.9375
97,5,18,1,17.728813559322035,18,18.0,18.0,15,18,0.6332725997379459,64,59,0.921875
97,6,18,0,18.0,18.0,18.0,18.0,18,18,0.0,64,58,0.90625
97,7,18,0,18.0,18,18.0,18.0,18,18,0.0,64,57,0.890625
97,8,18,0,18.0,18.0,18.0,18.0,18,18,0.0,64,56,0.875
97,9,18,0,18.0,18.0,18.0,18.0,18,18,0.0,64,54,0.84375
97,10,18,0,18.0,18,18.0,18.0,18,18,0.0,64,51,0.796875
98,1,5,1,5.193548387096774,5.0,5.0,6.0,3,6,0.8393297955650121,62,62,1.0
98,2,10,1,9.6,9.0,8.75,11.0,6,12,1.6950909513454826,62,60,0.967741935483871
98,3,13,1,12.879310344827585,13.0,12.0,14.0,9,17,2.126009587409016,62,58,0.9354838709677419
98,4,15,1,15.24074074074074,15.0,14.0,16.75,12,18,1.7098319733906842,62,54,0.8709677419354839
98,5,17,1,16.557692307692307,17.0,15.0,18.0,14,18,1.3924723659523115,62,52,0.8387096774193549
98,6,17,0,17.387755102040817,18,17.0,18.0,15,18,0.8763636960646486,62,49,0.7903225806451613
98,7,18,1,17.91111111111111,18,18.0,18.0,17,18,0.28458329944145994,62,45,0.7258064516129032
98,8,18,0,18.0,18.0,18.0,18.0,18,18,0.0,62,42,0.6774193548387096
98,9,18,0,18.0,18,18.0,18.0,18,18,0.0,62,37,0.5967741935483871
98,10,18,0,18.0,18.0,18.0,18.0,18,18,0.0,62,32,0.5161290322580645
99,1,5,1,5.065789473684211,5.0,4.0,6.0,3,6,0.9080854109462431,76,76,1.0
99,2,9,1,9.18918918918919,9.0,8.0,10.75,6,12,1.705917171682108,76,74,0.9736842105263158
99,3,13,1,12.52112676056338,12,11.0,14.0,9,17,2.013050064304549,76,71,0.9342105263157895
99,4,15,1,14.898550724637682,14,14.0,17.0,12,18,1.8268919320761647,76,69,0.9078947368421053
99,5,17,1,16.597014925373134,17,16.0,18.0,14,18,1.3050956560417417,76,67,0.881578947368421
99,6,17,0,17.46153846153846,18,17.0,18.0,15,18,0.8784063029920122,76,65,0.8552631578947368
99,7,18,1,17.83606557377049,18,18.0,18.0,16,18,0.4501485317293764,76,61,0.8026315789473685
99,8,18,0,17.982456140350877,18,18.0,18.0,17,18,0.13128622409733126,76,57,0.75
99,9,18,0,18.0,18,18.0,18.0,18,18,0.0,76,53,0.6973684210526315
99,10,18,0,18.0,18,18.0,18.0,18,18,0.0,76,49,0.6447368421052632
