policy_index,scope,num_decisions,c_1_count,c_2_count,c_3_count,c_4_count,c_5_count,c_6_count,c_7_count,c_8_count,c_9_count,c_10_count,c_7_10_count,c_7_10_fraction,mean_c,objective_1,objective_2
0,mape_positions,74,12,10,6,6,10,7,5,9,6,3,23,0.3108108108108108,4.824324324324325,0.863,54.294
1,mape_positions,74,4,5,4,9,6,12,7,7,11,9,34,0.4594594594594595,6.1891891891891895,0.669,26.39
2,mape_positions,74,6,4,4,10,9,9,7,6,9,10,32,0.43243243243243246,5.986486486486487,0.669,26.39
3,mape_positions,74,12,10,6,6,10,7,5,9,6,3,23,0.3108108108108108,4.824324324324325,0.863,54.294
4,mape_positions,74,3,6,8,5,9,7,9,11,11,5,36,0.4864864864864865,6.027027027027027,0.82,38.813
5,mape_positions,74,7,4,8,9,11,5,5,8,9,8,30,0.40540540540540543,5.675675675675675,0.853,49.184
6,mape_positions,74,12,10,8,5,7,10,4,9,6,3,22,0.2972972972972973,4.797297297297297,0.858,53.184
7,mape_positions,74,6,7,10,5,8,8,8,7,8,7,30,0.40540540540540543,5.5675675675675675,0.84,48.237
8,mape_positions,74,11,4,6,6,13,5,7,7,6,9,29,0.3918918918918919,5.472972972972973,0.837,44.493
9,mape_positions,74,4,6,8,6,13,6,12,11,6,2,31,0.4189189189189189,5.554054054054054,0.832,42.492
10,mape_positions,74,5,6,4,5,6,13,13,10,7,5,35,0.47297297297297297,5.95945945945946,0.735,30.7
11,mape_positions,74,6,7,1,7,9,12,8,10,8,6,32,0.43243243243243246,5.891891891891892,0.674,26.732
12,mape_positions,74,7,5,4,6,4,11,12,12,6,7,37,0.5,5.986486486486487,0.695,26.733
13,mape_positions,74,9,5,5,6,6,9,10,11,6,7,34,0.4594594594594595,5.72972972972973,0.814,37.664
14,mape_positions,74,8,6,10,6,8,7,9,8,6,6,29,0.3918918918918919,5.364864864864865,0.844,49.129
15,mape_positions,74,8,5,3,8,7,9,11,8,8,7,34,0.4594594594594595,5.824324324324325,0.728,28.776
16,mape_positions,74,4,8,2,6,7,7,8,9,13,10,40,0.5405405405405406,6.378378378378378,0.801,37.618
17,mape_positions,74,5,9,4,10,7,9,7,9,7,7,30,0.40540540540540543,5.648648648648648,0.789,35.096
18,mape_positions,74,8,5,7,4,10,7,7,12,9,5,33,0.44594594594594594,5.716216216216216,0.832,42.492
19,mape_positions,74,7,3,6,6,10,5,6,14,8,9,37,0.5,6.094594594594595,0.797,36.652
20,mape_positions,74,9,4,2,7,11,5,8,10,8,10,36,0.4864864864864865,6.0,0.837,44.493
21,mape_positions,74,8,5,7,5,11,9,8,10,7,4,29,0.3918918918918919,5.5,0.836,43.359
22,mape_positions,74,7,3,2,9,8,6,9,12,8,10,39,0.527027027027027,6.243243243243243,0.749,31.513
23,mape_positions,74,8,7,4,10,9,11,8,5,7,5,25,0.33783783783783783,5.324324324324325,0.757,31.546
24,mape_positions,74,6,3,7,6,11,5,7,11,9,9,36,0.4864864864864865,6.081081081081081,0.797,36.652
25,mape_positions,74,5,10,3,10,8,10,7,8,7,6,28,0.3783783783783784,5.54054054054054,0.789,35.096
26,mape_positions,74,7,6,4,5,11,7,8,12,5,9,34,0.4594594594594595,5.878378378378378,0.772,32.369
27,mape_positions,74,6,7,10,6,8,8,8,6,8,7,29,0.3918918918918919,5.513513513513513,0.842,48.512
28,mape_positions,74,7,3,4,7,6,9,11,8,11,8,38,0.5135135135135135,6.175675675675675,0.728,28.776
29,mape_positions,74,3,9,4,7,8,7,10,10,11,5,36,0.4864864864864865,5.972972972972973,0.765,32.224
30,mape_positions,74,12,7,9,8,6,7,3,9,8,5,25,0.33783783783783783,5.027027027027027,0.862,54.097
31,mape_positions,74,10,6,10,7,8,7,2,9,9,6,26,0.35135135135135137,5.256756756756757,0.859,53.205
32,mape_positions,74,8,6,5,10,5,7,10,8,7,8,33,0.44594594594594594,5.662162162162162,0.785,34.699
33,mape_positions,74,6,3,6,5,10,8,8,9,12,7,36,0.4864864864864865,6.135135135135135,0.715,27.745
34,mape_positions,74,11,5,9,5,11,6,6,9,7,5,27,0.36486486486486486,5.216216216216216,0.836,43.359
35,mape_positions,74,4,7,7,6,8,12,8,10,6,6,30,0.40540540540540543,5.743243243243243,0.833,42.511
36,mape_positions,74,8,3,6,6,9,7,11,9,7,8,35,0.47297297297297297,5.878378378378378,0.818,38.511
37,mape_positions,74,4,7,1,5,9,9,8,13,10,8,39,0.527027027027027,6.351351351351352,0.71,27.626
38,mape_positions,74,5,8,6,8,14,10,9,5,1,8,23,0.3108108108108108,5.3108108108108105,0.774,32.682
39,mape_positions,74,8,4,8,8,6,6,8,10,11,5,34,0.4594594594594595,5.716216216216216,0.784,33.959
40,mape_positions,74,2,4,2,4,8,11,12,16,7,8,43,0.581081081081081,6.662162162162162,0.74,31.086
41,mape_positions,74,5,3,6,6,10,6,10,6,13,9,38,0.5135135135135135,6.27027027027027,0.777,32.911
42,mape_positions,74,6,4,4,4,6,12,10,14,9,5,38,0.5135135135135135,6.175675675675675,0.724,28.442
43,mape_positions,74,7,4,8,9,11,5,5,8,9,8,30,0.40540540540540543,5.675675675675675,0.853,49.184
44,mape_positions,74,6,4,3,5,5,12,6,13,10,10,39,0.527027027027027,6.4324324324324325,0.671,26.478
45,mape_positions,74,6,4,4,4,6,12,10,14,9,5,38,0.5135135135135135,6.175675675675675,0.724,28.442
46,mape_positions,74,12,10,8,5,7,10,4,9,6,3,22,0.2972972972972973,4.797297297297297,0.858,53.184
47,mape_positions,74,9,6,3,3,7,11,9,12,8,6,35,0.47297297297297297,5.864864864864865,0.739,30.969
48,mape_positions,74,7,8,5,8,12,9,11,5,5,4,25,0.33783783783783783,5.216216216216216,0.76,31.642
49,mape_positions,74,7,7,6,5,9,8,8,10,10,4,32,0.43243243243243246,5.648648648648648,0.784,33.959
50,mape_positions,74,7,4,8,6,12,9,7,7,9,5,28,0.3783783783783784,5.581081081081081,0.783,33.416
51,mape_positions,74,5,5,3,8,5,13,6,8,12,9,35,0.47297297297297297,6.256756756756757,0.672,26.709
52,mape_positions,74,7,7,5,8,11,12,11,5,5,3,24,0.32432432432432434,5.22972972972973,0.707,27.371
53,mape_positions,74,4,5,4,8,8,8,10,11,8,8,37,0.5,6.162162162162162,0.705,27.169
54,mape_positions,74,7,3,7,6,9,7,9,8,9,9,35,0.47297297297297297,5.986486486486487,0.817,38.022
55,mape_positions,74,12,7,9,8,6,7,3,9,8,5,25,0.33783783783783783,5.027027027027027,0.862,54.097
56,mape_positions,74,3,8,4,9,7,8,10,10,8,7,35,0.47297297297297297,5.972972972972973,0.763,32.133
57,mape_positions,74,7,5,4,8,7,9,7,10,8,9,34,0.4594594594594595,5.95945945945946,0.762,31.819
58,mape_positions,74,6,3,4,9,8,6,10,9,8,11,38,0.5135135135135135,6.216216216216216,0.72,28.124
59,mape_positions,74,5,4,8,6,8,7,7,14,8,7,36,0.4864864864864865,6.027027027027027,0.819,38.701
60,mape_positions,74,4,8,2,5,7,9,8,9,13,9,39,0.527027027027027,6.351351351351352,0.8,37.53
61,mape_positions,74,7,7,5,7,11,10,12,6,5,4,27,0.36486486486486486,5.351351351351352,0.744,31.115
62,mape_positions,74,7,5,6,10,9,5,7,9,10,6,32,0.43243243243243246,5.6891891891891895,0.781,33.32
63,mape_positions,74,7,8,9,3,8,8,10,9,4,8,31,0.4189189189189189,5.513513513513513,0.841,48.255
64,mape_positions,74,5,5,5,8,8,9,9,7,11,7,34,0.4594594594594595,6.0,0.727,28.647
65,mape_positions,74,4,4,4,5,6,8,10,9,12,12,43,0.581081081081081,6.648648648648648,0.799,37.32
66,mape_positions,74,7,4,5,6,9,6,6,13,9,9,37,0.5,6.108108108108108,0.798,36.904
67,mape_positions,74,7,5,6,10,9,5,7,9,10,6,32,0.43243243243243246,5.6891891891891895,0.781,33.32
68,mape_positions,74,6,3,4,8,11,6,10,4,14,8,36,0.4864864864864865,6.148648648648648,0.777,32.911
69,mape_positions,74,5,5,4,13,11,6,7,5,6,12,30,0.40540540540540543,5.851351351351352,0.776,32.69
70,mape_positions,74,4,6,1,6,10,8,8,15,8,8,39,0.527027027027027,6.337837837837838,0.748,31.34
71,mape_positions,74,6,5,1,4,9,12,11,13,6,7,37,0.5,6.175675675675675,0.697,26.794
72,mape_positions,74,7,3,4,9,10,9,7,6,8,11,32,0.43243243243243246,6.0,0.716,27.784
73,mape_positions,74,5,6,4,6,9,8,9,9,10,8,36,0.4864864864864865,6.094594594594595,0.704,27.131
74,mape_positions,74,7,3,4,8,11,8,6,8,6,13,33,0.44594594594594594,6.081081081081081,0.719,28.104
75,mape_positions,74,4,4,5,8,14,7,12,9,3,8,32,0.43243243243243246,5.864864864864865,0.716,27.784
76,mape_positions,74,6,4,4,8,10,7,13,9,4,9,35,0.47297297297297297,5.9324324324324325,0.72,28.124
77,mape_positions,74,8,5,8,5,11,8,7,8,9,5,29,0.3918918918918919,5.527027027027027,0.786,34.703
78,mape_positions,74,7,2,6,8,10,7,9,10,6,9,34,0.4594594594594595,5.945945945945946,0.816,37.853
79,mape_positions,74,8,9,3,8,9,10,8,8,5,6,27,0.36486486486486486,5.364864864864865,0.787,34.87
80,mape_positions,74,8,7,10,6,5,10,2,10,11,5,28,0.3783783783783784,5.45945945945946,0.859,53.205
81,mape_positions,74,3,4,5,10,14,7,11,7,3,10,31,0.4189189189189189,5.918918918918919,0.719,28.104
82,mape_positions,74,4,6,7,7,6,11,6,10,10,7,33,0.44594594594594594,5.986486486486487,0.833,42.511
83,mape_positions,74,4,9,9,3,7,11,10,10,7,4,31,0.4189189189189189,5.608108108108108,0.84,48.237
84,mape_positions,74,7,2,4,8,6,10,9,9,8,11,37,0.5,6.243243243243243,0.701,26.866
85,mape_positions,74,6,3,4,7,8,9,10,9,10,8,37,0.5,6.1891891891891895,0.7,26.855
86,mape_positions,74,7,6,4,5,11,7,8,12,5,9,34,0.4594594594594595,5.878378378378378,0.772,32.369
87,mape_positions,74,6,4,3,6,9,12,11,13,5,5,34,0.4594594594594595,5.945945945945946,0.739,30.969
88,mape_positions,74,7,4,4,8,6,9,9,9,9,9,36,0.4864864864864865,6.0675675675675675,0.704,27.131
89,mape_positions,74,7,2,4,8,6,10,9,9,8,11,37,0.5,6.243243243243243,0.701,26.866
90,mape_positions,74,9,7,2,5,7,8,7,11,10,8,36,0.4864864864864865,5.9324324324324325,0.71,27.626
91,mape_positions,74,5,4,4,5,9,6,6,14,10,11,41,0.5540540540540541,6.486486486486487,0.798,36.904
92,mape_positions,74,8,5,8,5,11,9,7,8,8,5,28,0.3783783783783784,5.486486486486487,0.782,33.328
93,mape_positions,74,6,7,3,4,9,10,8,9,11,7,35,0.47297297297297297,6.04054054054054,0.764,32.141
94,mape_positions,74,10,11,3,8,11,10,8,6,3,4,21,0.28378378378378377,4.851351351351352,0.787,34.87
95,mape_positions,74,6,5,5,8,8,10,8,8,11,5,32,0.43243243243243246,5.837837837837838,0.759,31.56
96,mape_positions,74,10,5,3,8,8,11,9,8,6,6,29,0.3918918918918919,5.513513513513513,0.708,27.412
97,mape_positions,74,4,6,7,3,7,9,13,8,7,10,38,0.5135135135135135,6.162162162162162,0.799,37.32
98,mape_positions,74,6,7,5,8,7,9,10,7,10,5,32,0.43243243243243246,5.702702702702703,0.727,28.647
99,mape_positions,74,8,4,3,5,9,11,8,12,7,7,34,0.4594594594594595,5.95945945945946,0.697,26.794
