model,group,actual_update_median,actual_update_q3,mean_fallback_fraction,minimum_fallback_fraction,maximum_fallback_fraction,fallback_tolerance,thresholds,minimum_threshold,maximum_threshold
10,1,1.0,1.0,0.0,0.0,0.0,0.02,"1,2,3",1,3
10,2,1.0,1.0,0.02857142857142857,0.02857142857142857,0.02857142857142857,0.02,"4,5",4,5
10,3,1.0,2.0,0.02857142857142857,0.02857142857142857,0.02857142857142857,0.02,6,6,6
10,4,2.0,2.0,0.05714285714285714,0.05714285714285714,0.05714285714285714,0.02,"7,8,9",7,9
10,5,2.0,3.0,0.1,0.1,0.1,0.02,10,10,10
10,6,3.0,3.0,0.1,0.1,0.1,0.02,"11,12",11,12
10,7,3.0,4.0,0.14285714285714285,0.14285714285714285,0.14285714285714285,0.02,13,13,13
10,8,4.0,4.0,0.14285714285714285,0.14285714285714285,0.14285714285714285,0.02,14,14,14
10,9,4.0,5.0,0.15714285714285714,0.15714285714285714,0.15714285714285714,0.02,15,15,15
10,10,4.5,6.0,0.18571428571428572,0.18571428571428572,0.18571428571428572,0.02,16,16,16
10,11,5.0,6.75,0.21428571428571427,0.21428571428571427,0.21428571428571427,0.02,17,17,17
10,12,6.0,10.0,0.2714285714285714,0.2714285714285714,0.2714285714285714,0.02,18,18,18
10,13,10.0,10.0,1.0,1.0,1.0,0.02,19,19,19
11,1,1.0,1.0,0.0,0.0,0.0,0.02,"1,2,3",1,3
11,2,1.0,1.0,0.020833333333333332,0.020833333333333332,0.020833333333333332,0.02,"4,5",4,5
11,3,2.0,2.0,0.020833333333333332,0.020833333333333332,0.020833333333333332,0.02,6,6,6
11,4,2.0,2.0,0.041666666666666664,0.041666666666666664,0.041666666666666664,0.02,"7,8",7,8
11,5,2.0,3.0,0.041666666666666664,0.041666666666666664,0.041666666666666664,0.02,9,9,9
11,6,2.0,3.0,0.0625,0.0625,0.0625,0.02,10,10,10
11,7,3.0,3.0,0.0625,0.0625,0.0625,0.02,"11,12",11,12
11,8,3.0,4.0,0.08333333333333333,0.08333333333333333,0.08333333333333333,0.02,13,13,13
11,9,4.0,4.0,0.08333333333333333,0.08333333333333333,0.08333333333333333,0.02,14,14,14
11,10,4.0,5.0,0.10416666666666667,0.10416666666666667,0.10416666666666667,0.02,15,15,15
11,11,4.5,5.0,0.14583333333333334,0.14583333333333334,0.14583333333333334,0.02,16,16,16
11,12,5.0,6.0,0.16666666666666666,0.16666666666666666,0.16666666666666666,0.02,17,17,17
11,13,6.0,7.0,0.20833333333333334,0.20833333333333334,0.20833333333333334,0.02,18,18,18
11,14,10.0,10.0,1.0,1.0,1.0,0.02,19,19,19
12,1,1.0,1.0,0.005333333333333334,0.0,0.013333333333333334,0.02,"1,2,3,4,5",1,5
12,2,2.0,2.0,0.023333333333333334,0.013333333333333334,0.02666666666666667,0.02,"6,7,8,9",6,9
12,3,2.0,3.0,0.04,0.04,0.04,0.02,10,10,10
12,4,3.0,3.0,0.04,0.04,0.04,0.02,"11,12",11,12
12,5,3.0,4.0,0.05333333333333334,0.05333333333333334,0.05333333333333334,0.02,13,13,13
12,6,4.0,4.0,0.05333333333333334,0.05333333333333334,0.05333333333333334,0.02,14,14,14
12,7,4.0,5.0,0.05333333333333334,0.05333333333333334,0.05333333333333334,0.02,15,15,15
12,8,5.0,5.0,0.09333333333333334,0.09333333333333334,0.09333333333333334,0.02,16,16,16
12,9,5.0,6.0,0.10666666666666667,0.10666666666666667,0.10666666666666667,0.02,17,17,17
12,10,6.0,7.0,0.14666666666666667,0.14666666666666667,0.14666666666666667,0.02,18,18,18
12,11,10.0,10.0,1.0,1.0,1.0,0.02,19,19,19
13,1,1.0,1.0,0.005555555555555555,0.0,0.013888888888888888,0.02,"1,2,3,4,5",1,5
13,2,1.5,2.0,0.013888888888888888,0.013888888888888888,0.013888888888888888,0.02,6,6,6
13,3,2.0,2.0,0.041666666666666664,0.041666666666666664,0.041666666666666664,0.02,"7,8,9",7,9
13,4,2.0,3.0,0.06944444444444445,0.06944444444444445,0.06944444444444445,0.02,10,10,10
13,5,3.0,3.0,0.06944444444444445,0.06944444444444445,0.06944444444444445,0.02,"11,12",11,12
13,6,3.0,4.0,0.1111111111111111,0.1111111111111111,0.1111111111111111,0.02,13,13,13
13,7,4.0,4.0,0.1111111111111111,0.1111111111111111,0.1111111111111111,0.02,14,14,14
13,8,4.0,5.0,0.125,0.125,0.125,0.02,15,15,15
13,9,5.0,6.0,0.16666666666666666,0.16666666666666666,0.16666666666666666,0.02,16,16,16
13,10,6.0,7.0,0.18055555555555555,0.18055555555555555,0.18055555555555555,0.02,17,17,17
13,11,6.0,8.0,0.20833333333333334,0.20833333333333334,0.20833333333333334,0.02,18,18,18
13,12,10.0,10.0,1.0,1.0,1.0,0.02,19,19,19
14,1,1.0,1.0,0.0,0.0,0.0,0.02,"1,2,3",1,3
14,2,1.0,1.0,0.02702702702702703,0.02702702702702703,0.02702702702702703,0.02,"4,5",4,5
14,3,2.0,2.0,0.036036036036036036,0.02702702702702703,0.04054054054054054,0.02,"6,7,8",6,8
14,4,2.0,2.75,0.04054054054054054,0.04054054054054054,0.04054054054054054,0.02,9,9,9
14,5,3.0,3.0,0.06756756756756757,0.06756756756756757,0.06756756756756757,0.02,"10,11,12",10,12
14,6,3.0,4.0,0.0945945945945946,0.0945945945945946,0.0945945945945946,0.02,13,13,13
14,7,4.0,4.0,0.0945945945945946,0.0945945945945946,0.0945945945945946,0.02,14,14,14
14,8,4.0,5.0,0.10810810810810811,0.10810810810810811,0.10810810810810811,0.02,15,15,15
14,9,5.0,6.0,0.12162162162162163,0.12162162162162163,0.12162162162162163,0.02,16,16,16
14,10,6.0,7.0,0.13513513513513514,0.13513513513513514,0.13513513513513514,0.02,17,17,17
14,11,7.0,7.0,0.17567567567567569,0.17567567567567569,0.17567567567567569,0.02,18,18,18
14,12,10.0,10.0,1.0,1.0,1.0,0.02,19,19,19
15,1,1.0,1.0,0.0,0.0,0.0,0.02,"1,2,3",1,3
15,2,1.0,1.0,0.031746031746031744,0.031746031746031744,0.031746031746031744,0.02,"4,5",4,5
15,3,2.0,2.0,0.031746031746031744,0.031746031746031744,0.031746031746031744,0.02,6,6,6
15,4,2.0,2.0,0.06349206349206349,0.06349206349206349,0.06349206349206349,0.02,"7,8",7,8
15,5,2.0,3.0,0.06349206349206349,0.06349206349206349,0.06349206349206349,0.02,9,9,9
15,6,2.0,3.0,0.1111111111111111,0.1111111111111111,0.1111111111111111,0.02,10,10,10
15,7,3.0,3.0,0.1111111111111111,0.1111111111111111,0.1111111111111111,0.02,11,11,11
15,8,3.0,4.0,0.1111111111111111,0.1111111111111111,0.1111111111111111,0.02,12,12,12
15,9,4.0,4.0,0.1746031746031746,0.1746031746031746,0.1746031746031746,0.02,13,13,13
15,10,4.0,5.0,0.1746031746031746,0.1746031746031746,0.1746031746031746,0.02,"14,15",14,15
15,11,5.0,7.0,0.23809523809523808,0.23809523809523808,0.23809523809523808,0.02,16,16,16
15,12,6.0,10.0,0.2698412698412698,0.2698412698412698,0.2698412698412698,0.02,17,17,17
15,13,7.0,10.0,0.3333333333333333,0.3333333333333333,0.3333333333333333,0.02,18,18,18
15,14,10.0,10.0,1.0,1.0,1.0,0.02,19,19,19
16,1,1.0,1.0,0.0,0.0,0.0,0.02,"1,2,3",1,3
16,2,1.0,1.0,0.02666666666666667,0.02666666666666667,0.02666666666666667,0.02,"4,5",4,5
16,3,2.0,2.0,0.02666666666666667,0.02666666666666667,0.02666666666666667,0.02,6,6,6
16,4,2.0,2.0,0.05333333333333334,0.05333333333333334,0.05333333333333334,0.02,"7,8",7,8
16,5,2.0,3.0,0.05333333333333334,0.05333333333333334,0.05333333333333334,0.02,9,9,9
16,6,2.0,3.0,0.08,0.08,0.08,0.02,10,10,10
16,7,3.0,3.0,0.08,0.08,0.08,0.02,"11,12",11,12
16,8,3.0,4.0,0.10666666666666667,0.10666666666666667,0.10666666666666667,0.02,"13,14",13,14
16,9,4.0,5.0,0.10666666666666667,0.10666666666666667,0.10666666666666667,0.02,15,15,15
16,10,5.0,5.0,0.13333333333333333,0.13333333333333333,0.13333333333333333,0.02,16,16,16
16,11,5.0,6.0,0.14666666666666667,0.14666666666666667,0.14666666666666667,0.02,17,17,17
16,12,6.0,7.0,0.17333333333333334,0.17333333333333334,0.17333333333333334,0.02,18,18,18
16,13,10.0,10.0,1.0,1.0,1.0,0.02,19,19,19
17,1,1.0,1.0,0.0,0.0,0.0,0.02,"1,2,3",1,3
17,2,1.0,1.0,0.029411764705882353,0.029411764705882353,0.029411764705882353,0.02,"4,5",4,5
17,3,1.0,2.0,0.029411764705882353,0.029411764705882353,0.029411764705882353,0.02,6,6,6
17,4,2.0,2.0,0.058823529411764705,0.058823529411764705,0.058823529411764705,0.02,"7,8",7,8
17,5,2.0,3.0,0.058823529411764705,0.058823529411764705,0.058823529411764705,0.02,9,9,9
17,6,2.0,3.0,0.08823529411764706,0.08823529411764706,0.08823529411764706,0.02,10,10,10
17,7,3.0,3.0,0.08823529411764706,0.08823529411764706,0.08823529411764706,0.02,11,11,11
17,8,3.0,4.0,0.08823529411764706,0.08823529411764706,0.08823529411764706,0.02,12,12,12
17,9,3.0,4.0,0.11764705882352941,0.11764705882352941,0.11764705882352941,0.02,13,13,13
17,10,4.0,5.0,0.11764705882352941,0.11764705882352941,0.11764705882352941,0.02,"14,15",14,15
17,11,4.0,5.0,0.16176470588235295,0.16176470588235295,0.16176470588235295,0.02,16,16,16
17,12,5.0,6.0,0.16176470588235295,0.16176470588235295,0.16176470588235295,0.02,17,17,17
17,13,5.0,7.0,0.19117647058823528,0.19117647058823528,0.19117647058823528,0.02,18,18,18
17,14,10.0,10.0,1.0,1.0,1.0,0.02,19,19,19
18,1,1.0,1.0,0.005479452054794521,0.0,0.0136986301369863,0.02,"1,2,3,4,5",1,5
18,2,1.0,2.0,0.0136986301369863,0.0136986301369863,0.0136986301369863,0.02,6,6,6
18,3,2.0,2.0,0.0410958904109589,0.0410958904109589,0.0410958904109589,0.02,"7,8,9",7,9
18,4,2.0,3.0,0.0684931506849315,0.0684931506849315,0.0684931506849315,0.02,10,10,10
18,5,3.0,3.0,0.0684931506849315,0.0684931506849315,0.0684931506849315,0.02,"11,12",11,12
18,6,3.0,4.0,0.1095890410958904,0.1095890410958904,0.1095890410958904,0.02,"13,14",13,14
18,7,4.0,5.0,0.1095890410958904,0.1095890410958904,0.1095890410958904,0.02,15,15,15
18,8,4.0,5.0,0.1506849315068493,0.1506849315068493,0.1506849315068493,0.02,16,16,16
18,9,5.0,6.0,0.1506849315068493,0.1506849315068493,0.1506849315068493,0.02,17,17,17
18,10,6.0,7.0,0.1780821917808219,0.1780821917808219,0.1780821917808219,0.02,18,18,18
18,11,10.0,10.0,1.0,1.0,1.0,0.02,19,19,19
19,1,1.0,1.0,0.0,0.0,0.0,0.02,"1,2,3",1,3
19,2,1.0,1.0,0.029850746268656716,0.029850746268656716,0.029850746268656716,0.02,"4,5",4,5
19,3,2.0,2.0,0.029850746268656716,0.029850746268656716,0.029850746268656716,0.02,6,6,6
19,4,2.0,2.0,0.05970149253731343,0.05970149253731343,0.05970149253731343,0.02,"7,8",7,8
19,5,2.0,3.0,0.05970149253731343,0.05970149253731343,0.05970149253731343,0.02,9,9,9
19,6,3.0,3.0,0.08955223880597014,0.08955223880597014,0.08955223880597014,0.02,"10,11",10,11
19,7,3.0,4.0,0.08955223880597014,0.08955223880597014,0.08955223880597014,0.02,12,12,12
19,8,4.0,4.0,0.11940298507462686,0.11940298507462686,0.11940298507462686,0.02,13,13,13
19,9,4.0,5.0,0.11940298507462686,0.11940298507462686,0.11940298507462686,0.02,"14,15",14,15
19,10,5.0,6.0,0.16417910447761194,0.16417910447761194,0.16417910447761194,0.02,"16,17",16,17
19,11,6.0,7.0,0.19402985074626866,0.19402985074626866,0.19402985074626866,0.02,18,18,18
19,12,10.0,10.0,1.0,1.0,1.0,0.02,19,19,19
20,1,1.0,1.0,0.0,0.0,0.0,0.02,"1,2,3",1,3
20,2,1.0,1.0,0.02040816326530612,0.02040816326530612,0.02040816326530612,0.02,"4,5",4,5
20,3,2.0,2.0,0.02040816326530612,0.02040816326530612,0.02040816326530612,0.02,6,6,6
20,4,2.0,2.0,0.04081632653061224,0.04081632653061224,0.04081632653061224,0.02,"7,8",7,8
20,5,2.0,3.0,0.04081632653061224,0.04081632653061224,0.04081632653061224,0.02,9,9,9
20,6,3.0,3.0,0.06122448979591836,0.061224489795918366,0.061224489795918366,0.02,"10,11,12",10,12
20,7,3.0,4.0,0.08163265306122448,0.08163265306122448,0.08163265306122448,0.02,13,13,13
20,8,4.0,4.0,0.08163265306122448,0.08163265306122448,0.08163265306122448,0.02,14,14,14
20,9,4.0,5.0,0.10204081632653061,0.10204081632653061,0.10204081632653061,0.02,15,15,15
20,10,5.0,6.0,0.14285714285714285,0.14285714285714285,0.14285714285714285,0.02,16,16,16
20,11,6.0,7.0,0.14285714285714285,0.14285714285714285,0.14285714285714285,0.02,17,17,17
20,12,7.0,8.0,0.1836734693877551,0.1836734693877551,0.1836734693877551,0.02,18,18,18
20,13,10.0,10.0,1.0,1.0,1.0,0.02,19,19,19
21,1,1.0,1.0,0.0,0.0,0.0,0.02,"1,2,3",1,3
21,2,1.0,1.0,0.027777777777777776,0.027777777777777776,0.027777777777777776,0.02,"4,5",4,5
21,3,2.0,2.0,0.027777777777777776,0.027777777777777776,0.027777777777777776,0.02,6,6,6
21,4,2.0,2.0,0.05555555555555555,0.05555555555555555,0.05555555555555555,0.02,"7,8,9",7,9
21,5,2.0,3.0,0.09722222222222222,0.09722222222222222,0.09722222222222222,0.02,10,10,10
21,6,3.0,3.0,0.09722222222222222,0.09722222222222222,0.09722222222222222,0.02,11,11,11
21,7,3.0,4.0,0.09722222222222222,0.09722222222222222,0.09722222222222222,0.02,12,12,12
21,8,3.0,4.0,0.125,0.125,0.125,0.02,13,13,13
21,9,4.0,5.0,0.125,0.125,0.125,0.02,14,14,14
21,10,5.0,5.0,0.125,0.125,0.125,0.02,15,15,15
21,11,5.0,6.0,0.18055555555555555,0.18055555555555555,0.18055555555555555,0.02,16,16,16
21,12,6.0,7.0,0.20833333333333334,0.20833333333333334,0.20833333333333334,0.02,17,17,17
21,13,7.0,10.0,0.2777777777777778,0.2777777777777778,0.2777777777777778,0.02,18,18,18
21,14,10.0,10.0,1.0,1.0,1.0,0.02,19,19,19
22,1,1.0,1.0,0.0036231884057971015,0.0,0.014492753623188406,0.02,"1,2,3,4",1,4
22,2,1.0,2.0,0.014492753623188406,0.014492753623188406,0.014492753623188406,0.02,5,5,5
22,3,2.0,2.0,0.014492753623188406,0.014492753623188406,0.014492753623188406,0.02,6,6,6
22,4,2.0,2.0,0.043478260869565216,0.043478260869565216,0.043478260869565216,0.02,"7,8",7,8
22,5,2.0,3.0,0.043478260869565216,0.043478260869565216,0.043478260869565216,0.02,9,9,9
22,6,3.0,3.0,0.07246376811594203,0.07246376811594203,0.07246376811594203,0.02,"10,11",10,11
22,7,3.0,4.0,0.07246376811594203,0.07246376811594203,0.07246376811594203,0.02,12,12,12
22,8,4.0,4.0,0.13043478260869565,0.13043478260869565,0.13043478260869565,0.02,13,13,13
22,9,4.0,5.0,0.13043478260869565,0.13043478260869565,0.13043478260869565,0.02,14,14,14
22,10,5.0,6.0,0.14492753623188406,0.14492753623188406,0.14492753623188406,0.02,15,15,15
22,11,6.0,7.0,0.18840579710144928,0.18840579710144928,0.18840579710144928,0.02,16,16,16
22,12,6.0,8.0,0.21739130434782608,0.21739130434782608,0.21739130434782608,0.02,17,17,17
22,13,7.0,10.0,0.2753623188405797,0.2753623188405797,0.2753623188405797,0.02,18,18,18
22,14,10.0,10.0,1.0,1.0,1.0,0.02,19,19,19
23,1,1.0,1.0,0.0,0.0,0.0,0.02,"1,2,3",1,3
23,2,1.0,1.0,0.0273972602739726,0.0273972602739726,0.0273972602739726,0.02,4,4,4
23,3,1.0,2.0,0.0273972602739726,0.0273972602739726,0.0273972602739726,0.02,5,5,5
23,4,2.0,2.0,0.0273972602739726,0.0273972602739726,0.0273972602739726,0.02,6,6,6
23,5,2.0,2.0,0.0547945205479452,0.0547945205479452,0.0547945205479452,0.02,"7,8",7,8
23,6,2.0,3.0,0.0547945205479452,0.0547945205479452,0.0547945205479452,0.02,9,9,9
23,7,2.0,3.0,0.0821917808219178,0.0821917808219178,0.0821917808219178,0.02,10,10,10
23,8,3.0,3.0,0.0821917808219178,0.0821917808219178,0.0821917808219178,0.02,11,11,11
23,9,3.0,4.0,0.0821917808219178,0.0821917808219178,0.0821917808219178,0.02,12,12,12
23,10,3.0,4.0,0.1232876712328767,0.1232876712328767,0.1232876712328767,0.02,13,13,13
23,11,4.0,5.0,0.13013698630136986,0.1232876712328767,0.136986301369863,0.02,"14,15",14,15
23,12,5.0,6.0,0.1917808219178082,0.1917808219178082,0.1917808219178082,0.02,16,16,16
23,13,5.0,7.0,0.1917808219178082,0.1917808219178082,0.1917808219178082,0.02,17,17,17
23,14,6.0,9.0,0.2328767123287671,0.2328767123287671,0.2328767123287671,0.02,18,18,18
23,15,10.0,10.0,1.0,1.0,1.0,0.02,19,19,19
24,1,1.0,1.0,0.0,0.0,0.0,0.02,"1,2,3",1,3
24,2,1.0,1.0,0.02531645569620253,0.02531645569620253,0.02531645569620253,0.02,"4,5",4,5
24,3,2.0,2.0,0.02531645569620253,0.02531645569620253,0.02531645569620253,0.02,6,6,6
24,4,2.0,2.0,0.06329113924050633,0.06329113924050633,0.06329113924050633,0.02,"7,8",7,8
24,5,2.0,3.0,0.06329113924050633,0.06329113924050633,0.06329113924050633,0.02,9,9,9
24,6,2.0,3.0,0.10126582278481013,0.10126582278481013,0.10126582278481013,0.02,10,10,10
24,7,3.0,3.0,0.10126582278481013,0.10126582278481013,0.10126582278481013,0.02,11,11,11
24,8,3.0,4.0,0.10126582278481013,0.10126582278481013,0.10126582278481013,0.02,12,12,12
24,9,3.0,4.0,0.12658227848101267,0.12658227848101267,0.12658227848101267,0.02,13,13,13
24,10,4.0,4.0,0.12658227848101267,0.12658227848101267,0.12658227848101267,0.02,14,14,14
24,11,4.0,5.0,0.12658227848101267,0.12658227848101267,0.12658227848101267,0.02,15,15,15
24,12,5.0,5.0,0.1518987341772152,0.1518987341772152,0.1518987341772152,0.02,16,16,16
24,13,5.0,6.0,0.1518987341772152,0.1518987341772152,0.1518987341772152,0.02,17,17,17
24,14,6.0,7.0,0.17721518987341772,0.17721518987341772,0.17721518987341772,0.02,18,18,18
24,15,10.0,10.0,1.0,1.0,1.0,0.02,19,19,19
25,1,1.0,1.0,0.0,0.0,0.0,0.02,"1,2,3",1,3
25,2,1.0,1.0,0.027777777777777776,0.027777777777777776,0.027777777777777776,0.02,"4,5",4,5
25,3,1.0,2.0,0.027777777777777776,0.027777777777777776,0.027777777777777776,0.02,6,6,6
25,4,2.0,2.0,0.05555555555555555,0.05555555555555555,0.05555555555555555,0.02,"7,8,9",7,9
25,5,2.0,3.0,0.08333333333333333,0.08333333333333333,0.08333333333333333,0.02,10,10,10
25,6,3.0,3.0,0.08333333333333333,0.08333333333333333,0.08333333333333333,0.02,"11,12",11,12
25,7,3.0,4.0,0.1111111111111111,0.1111111111111111,0.1111111111111111,0.02,"13,14",13,14
25,8,4.0,5.0,0.1111111111111111,0.1111111111111111,0.1111111111111111,0.02,15,15,15
25,9,4.0,5.0,0.1388888888888889,0.1388888888888889,0.1388888888888889,0.02,16,16,16
25,10,5.0,6.0,0.1388888888888889,0.1388888888888889,0.1388888888888889,0.02,17,17,17
25,11,5.0,7.0,0.16666666666666666,0.16666666666666666,0.16666666666666666,0.02,18,18,18
25,12,10.0,10.0,1.0,1.0,1.0,0.02,19,19,19
26,1,1.0,1.0,0.0,0.0,0.0,0.02,"1,2,3",1,3
26,2,1.0,1.0,0.03278688524590164,0.03278688524590164,0.03278688524590164,0.02,"4,5",4,5
26,3,1.0,2.0,0.03278688524590164,0.03278688524590164,0.03278688524590164,0.02,6,6,6
26,4,2.0,2.0,0.04918032786885246,0.04918032786885246,0.04918032786885246,0.02,"7,8,9",7,9
26,5,2.0,3.0,0.06557377049180328,0.06557377049180328,0.06557377049180328,0.02,10,10,10
26,6,3.0,3.0,0.06557377049180328,0.06557377049180328,0.06557377049180328,0.02,"11,12",11,12
26,7,3.0,4.0,0.09836065573770492,0.09836065573770492,0.09836065573770492,0.02,13,13,13
26,8,4.0,4.0,0.09836065573770492,0.09836065573770492,0.09836065573770492,0.02,14,14,14
26,9,4.0,5.0,0.09836065573770492,0.09836065573770492,0.09836065573770492,0.02,15,15,15
26,10,5.0,5.0,0.14754098360655737,0.14754098360655737,0.14754098360655737,0.02,16,16,16
26,11,5.0,6.0,0.14754098360655737,0.14754098360655737,0.14754098360655737,0.02,17,17,17
26,12,6.0,7.0,0.18032786885245902,0.18032786885245902,0.18032786885245902,0.02,18,18,18
26,13,10.0,10.0,1.0,1.0,1.0,0.02,19,19,19
27,1,1.0,1.0,0.005128205128205128,0.0,0.01282051282051282,0.02,"1,2,3,4,5",1,5
27,2,2.0,2.0,0.01282051282051282,0.01282051282051282,0.01282051282051282,0.02,6,6,6
27,3,2.0,2.0,0.038461538461538464,0.038461538461538464,0.038461538461538464,0.02,"7,8",7,8
27,4,2.0,3.0,0.038461538461538464,0.038461538461538464,0.038461538461538464,0.02,9,9,9
27,5,2.5,3.0,0.07692307692307693,0.07692307692307693,0.07692307692307693,0.02,10,10,10
27,6,3.0,3.0,0.07692307692307693,0.07692307692307693,0.07692307692307693,0.02,11,11,11
27,7,3.0,3.75,0.07692307692307693,0.07692307692307693,0.07692307692307693,0.02,12,12,12
27,8,3.0,4.0,0.11538461538461539,0.11538461538461539,0.11538461538461539,0.02,13,13,13
27,9,4.0,5.0,0.11538461538461539,0.11538461538461539,0.11538461538461539,0.02,"14,15",14,15
27,10,5.0,5.75,0.15384615384615385,0.15384615384615385,0.15384615384615385,0.02,16,16,16
27,11,5.0,6.0,0.16666666666666666,0.16666666666666666,0.16666666666666666,0.02,17,17,17
27,12,6.0,7.0,0.19230769230769232,0.19230769230769232,0.19230769230769232,0.02,18,18,18
27,13,10.0,10.0,1.0,1.0,1.0,0.02,19,19,19
28,1,1.0,1.0,0.0,0.0,0.0,0.02,"1,2,3",1,3
28,2,1.0,1.0,0.029411764705882353,0.029411764705882353,0.029411764705882353,0.02,"4,5",4,5
28,3,1.0,2.0,0.029411764705882353,0.029411764705882353,0.029411764705882353,0.02,6,6,6
28,4,2.0,2.0,0.0588235294117647,0.058823529411764705,0.058823529411764705,0.02,"7,8,9",7,9
28,5,2.0,3.0,0.07352941176470588,0.07352941176470588,0.07352941176470588,0.02,10,10,10
28,6,3.0,3.0,0.07352941176470588,0.07352941176470588,0.07352941176470588,0.02,"11,12",11,12
28,7,3.0,4.0,0.10294117647058823,0.10294117647058823,0.10294117647058823,0.02,"13,14",13,14
28,8,4.0,5.0,0.10294117647058823,0.10294117647058823,0.10294117647058823,0.02,15,15,15
28,9,4.0,5.0,0.1323529411764706,0.1323529411764706,0.1323529411764706,0.02,16,16,16
28,10,5.0,6.0,0.1323529411764706,0.1323529411764706,0.1323529411764706,0.02,17,17,17
28,11,5.0,6.0,0.16176470588235295,0.16176470588235295,0.16176470588235295,0.02,18,18,18
28,12,10.0,10.0,1.0,1.0,1.0,0.02,19,19,19
29,1,1.0,1.0,0.0,0.0,0.0,0.02,"1,2,3",1,3
29,2,1.0,1.0,0.030303030303030304,0.030303030303030304,0.030303030303030304,0.02,4,4,4
29,3,1.0,2.0,0.030303030303030304,0.030303030303030304,0.030303030303030304,0.02,5,5,5
29,4,2.0,2.0,0.030303030303030304,0.030303030303030304,0.030303030303030304,0.02,6,6,6
29,5,2.0,2.0,0.06060606060606061,0.06060606060606061,0.06060606060606061,0.02,"7,8",7,8
29,6,2.0,3.0,0.06060606060606061,0.06060606060606061,0.06060606060606061,0.02,9,9,9
29,7,3.0,3.0,0.10606060606060606,0.10606060606060606,0.10606060606060606,0.02,"10,11",10,11
29,8,3.0,4.0,0.10606060606060606,0.10606060606060606,0.10606060606060606,0.02,12,12,12
29,9,4.0,4.0,0.15151515151515152,0.15151515151515152,0.15151515151515152,0.02,13,13,13
29,10,4.0,5.0,0.15151515151515152,0.15151515151515152,0.15151515151515152,0.02,14,14,14
29,11,5.0,5.0,0.16666666666666666,0.16666666666666666,0.16666666666666666,0.02,15,15,15
29,12,5.0,6.75,0.21212121212121213,0.21212121212121213,0.21212121212121213,0.02,16,16,16
29,13,6.0,7.75,0.22727272727272727,0.22727272727272727,0.22727272727272727,0.02,17,17,17
29,14,6.0,10.0,0.2727272727272727,0.2727272727272727,0.2727272727272727,0.02,18,18,18
29,15,10.0,10.0,1.0,1.0,1.0,0.02,19,19,19
30,1,1.0,1.0,0.006153846153846154,0.0,0.015384615384615385,0.02,"1,2,3,4,5",1,5
30,2,2.0,2.0,0.015384615384615385,0.015384615384615385,0.015384615384615385,0.02,6,6,6
30,3,2.0,2.0,0.046153846153846156,0.046153846153846156,0.046153846153846156,0.02,"7,8",7,8
30,4,2.0,3.0,0.046153846153846156,0.046153846153846156,0.046153846153846156,0.02,9,9,9
30,5,3.0,3.0,0.09230769230769231,0.09230769230769231,0.09230769230769231,0.02,"10,11",10,11
30,6,3.0,4.0,0.09230769230769231,0.09230769230769231,0.09230769230769231,0.02,12,12,12
30,7,3.0,4.0,0.13846153846153847,0.13846153846153847,0.13846153846153847,0.02,13,13,13
30,8,4.0,5.0,0.14615384615384616,0.13846153846153847,0.15384615384615385,0.02,"14,15",14,15
30,9,5.0,6.0,0.18461538461538463,0.18461538461538463,0.18461538461538463,0.02,16,16,16
30,10,6.0,7.0,0.2,0.2,0.2,0.02,17,17,17
30,11,7.0,8.0,0.2153846153846154,0.2153846153846154,0.2153846153846154,0.02,18,18,18
30,12,10.0,10.0,1.0,1.0,1.0,0.02,19,19,19
31,1,1.0,1.0,0.0,0.0,0.0,0.02,"1,2,3",1,3
31,2,1.0,1.0,0.028985507246376812,0.028985507246376812,0.028985507246376812,0.02,"4,5",4,5
31,3,1.0,2.0,0.028985507246376812,0.028985507246376812,0.028985507246376812,0.02,6,6,6
31,4,2.0,2.0,0.043478260869565216,0.043478260869565216,0.043478260869565216,0.02,"7,8,9",7,9
31,5,2.0,3.0,0.057971014492753624,0.057971014492753624,0.057971014492753624,0.02,10,10,10
31,6,3.0,3.0,0.057971014492753624,0.057971014492753624,0.057971014492753624,0.02,"11,12",11,12
31,7,3.0,4.0,0.08695652173913043,0.08695652173913043,0.08695652173913043,0.02,"13,14",13,14
31,8,4.0,5.0,0.08695652173913043,0.08695652173913043,0.08695652173913043,0.02,15,15,15
31,9,4.0,5.0,0.13043478260869565,0.13043478260869565,0.13043478260869565,0.02,16,16,16
31,10,5.0,6.0,0.14492753623188406,0.14492753623188406,0.14492753623188406,0.02,17,17,17
31,11,6.0,7.0,0.17391304347826086,0.17391304347826086,0.17391304347826086,0.02,18,18,18
31,12,10.0,10.0,1.0,1.0,1.0,0.02,19,19,19
32,1,1.0,1.0,0.0,0.0,0.0,0.02,"1,2,3",1,3
32,2,1.0,1.0,0.02631578947368421,0.02631578947368421,0.02631578947368421,0.02,"4,5",4,5
32,3,2.0,2.0,0.02631578947368421,0.02631578947368421,0.02631578947368421,0.02,6,6,6
32,4,2.0,2.0,0.05263157894736842,0.05263157894736842,0.05263157894736842,0.02,"7,8",7,8
32,5,2.0,2.25,0.05263157894736842,0.05263157894736842,0.05263157894736842,0.02,9,9,9
32,6,2.0,3.0,0.10526315789473684,0.10526315789473684,0.10526315789473684,0.02,10,10,10
32,7,3.0,3.0,0.10526315789473684,0.10526315789473684,0.10526315789473684,0.02,"11,12",11,12
32,8,3.0,4.0,0.13157894736842105,0.13157894736842105,0.13157894736842105,0.02,13,13,13
32,9,4.0,4.0,0.13157894736842105,0.13157894736842105,0.13157894736842105,0.02,14,14,14
32,10,4.0,5.0,0.13157894736842105,0.13157894736842105,0.13157894736842105,0.02,15,15,15
32,11,5.0,6.0,0.17105263157894737,0.17105263157894737,0.17105263157894737,0.02,16,16,16
32,12,6.0,7.0,0.19736842105263158,0.19736842105263158,0.19736842105263158,0.02,17,17,17
32,13,6.0,8.0,0.2236842105263158,0.2236842105263158,0.2236842105263158,0.02,18,18,18
32,14,10.0,10.0,1.0,1.0,1.0,0.02,19,19,19
33,1,1.0,1.0,0.005,0.0,0.0125,0.02,"1,2,3,4,5",1,5
33,2,2.0,2.0,0.020833333333333332,0.0125,0.025,0.02,"6,7,8",6,8
33,3,2.0,3.0,0.03125,0.025,0.0375,0.02,"9,10",9,10
33,4,3.0,3.0,0.0375,0.0375,0.0375,0.02,"11,12",11,12
33,5,3.0,4.0,0.0625,0.0625,0.0625,0.02,13,13,13
33,6,4.0,4.0,0.0625,0.0625,0.0625,0.02,14,14,14
33,7,4.0,5.0,0.0625,0.0625,0.0625,0.02,15,15,15
33,8,4.5,5.0,0.1,0.1,0.1,0.02,16,16,16
33,9,5.0,6.0,0.10625000000000001,0.1,0.1125,0.02,"17,18",17,18
33,10,10.0,10.0,1.0,1.0,1.0,0.02,19,19,19
34,1,1.0,1.0,0.005714285714285714,0.0,0.014285714285714285,0.02,"1,2,3,4,5",1,5
34,2,1.0,2.0,0.014285714285714285,0.014285714285714285,0.014285714285714285,0.02,6,6,6
34,3,2.0,2.0,0.02857142857142857,0.02857142857142857,0.02857142857142857,0.02,"7,8,9",7,9
34,4,2.0,3.0,0.05714285714285714,0.05714285714285714,0.05714285714285714,0.02,10,10,10
34,5,3.0,3.0,0.05714285714285714,0.05714285714285714,0.05714285714285714,0.02,"11,12",11,12
34,6,3.0,4.0,0.08571428571428572,0.08571428571428572,0.08571428571428572,0.02,13,13,13
34,7,4.0,4.0,0.08571428571428572,0.08571428571428572,0.08571428571428572,0.02,14,14,14
34,8,4.0,5.0,0.08571428571428572,0.08571428571428572,0.08571428571428572,0.02,15,15,15
34,9,4.5,5.0,0.11428571428571428,0.11428571428571428,0.11428571428571428,0.02,16,16,16
34,10,5.0,6.0,0.12857142857142856,0.12857142857142856,0.12857142857142856,0.02,17,17,17
34,11,6.0,7.0,0.15714285714285714,0.15714285714285714,0.15714285714285714,0.02,18,18,18
34,12,10.0,10.0,1.0,1.0,1.0,0.02,19,19,19
35,1,1.0,1.0,0.0,0.0,0.0,0.02,"1,2,3",1,3
35,2,1.0,1.0,0.02702702702702703,0.02702702702702703,0.02702702702702703,0.02,4,4,4
35,3,1.0,2.0,0.02702702702702703,0.02702702702702703,0.02702702702702703,0.02,5,5,5
35,4,2.0,2.0,0.02702702702702703,0.02702702702702703,0.02702702702702703,0.02,6,6,6
35,5,2.0,2.0,0.06756756756756757,0.06756756756756757,0.06756756756756757,0.02,"7,8",7,8
35,6,2.0,3.0,0.06756756756756757,0.06756756756756757,0.06756756756756757,0.02,9,9,9
35,7,3.0,3.0,0.10810810810810811,0.10810810810810811,0.10810810810810811,0.02,"10,11",10,11
35,8,3.0,4.0,0.10810810810810811,0.10810810810810811,0.10810810810810811,0.02,12,12,12
35,9,4.0,4.0,0.13513513513513514,0.13513513513513514,0.13513513513513514,0.02,13,13,13
35,10,4.0,5.0,0.13513513513513514,0.13513513513513514,0.13513513513513514,0.02,14,14,14
35,11,5.0,6.0,0.16216216216216217,0.16216216216216217,0.16216216216216217,0.02,15,15,15
35,12,5.5,7.0,0.21621621621621623,0.21621621621621623,0.21621621621621623,0.02,16,16,16
35,13,6.0,8.0,0.21621621621621623,0.21621621621621623,0.21621621621621623,0.02,17,17,17
35,14,7.0,9.0,0.24324324324324326,0.24324324324324326,0.24324324324324326,0.02,18,18,18
35,15,10.0,10.0,1.0,1.0,1.0,0.02,19,19,19
36,1,1.0,1.0,0.005714285714285714,0.0,0.014285714285714285,0.02,"1,2,3,4,5",1,5
36,2,2.0,2.0,0.024999999999999998,0.014285714285714285,0.02857142857142857,0.02,"6,7,8,9",6,9
36,3,2.0,3.0,0.04285714285714286,0.04285714285714286,0.04285714285714286,0.02,10,10,10
36,4,3.0,3.0,0.04285714285714286,0.04285714285714286,0.04285714285714286,0.02,"11,12",11,12
36,5,3.0,4.0,0.08571428571428572,0.08571428571428572,0.08571428571428572,0.02,13,13,13
36,6,4.0,4.0,0.08571428571428572,0.08571428571428572,0.08571428571428572,0.02,14,14,14
36,7,4.0,5.0,0.08571428571428572,0.08571428571428572,0.08571428571428572,0.02,15,15,15
36,8,5.0,5.0,0.12857142857142856,0.12857142857142856,0.12857142857142856,0.02,16,16,16
36,9,5.0,6.0,0.12857142857142856,0.12857142857142856,0.12857142857142856,0.02,17,17,17
36,10,6.0,7.0,0.14285714285714285,0.14285714285714285,0.14285714285714285,0.02,18,18,18
36,11,10.0,10.0,1.0,1.0,1.0,0.02,19,19,19
37,1,1.0,1.0,0.005970149253731343,0.0,0.014925373134328358,0.02,"1,2,3,4,5",1,5
37,2,1.0,2.0,0.014925373134328358,0.014925373134328358,0.014925373134328358,0.02,6,6,6
37,3,2.0,2.0,0.04477611940298507,0.04477611940298507,0.04477611940298507,0.02,"7,8",7,8
37,4,2.0,2.5,0.04477611940298507,0.04477611940298507,0.04477611940298507,0.02,9,9,9
37,5,2.0,3.0,0.07462686567164178,0.07462686567164178,0.07462686567164178,0.02,10,10,10
37,6,3.0,3.0,0.07462686567164178,0.07462686567164178,0.07462686567164178,0.02,"11,12",11,12
37,7,3.0,4.0,0.11940298507462686,0.11940298507462686,0.11940298507462686,0.02,"13,14",13,14
37,8,4.0,5.0,0.11940298507462686,0.11940298507462686,0.11940298507462686,0.02,15,15,15
37,9,4.0,6.0,0.14925373134328357,0.14925373134328357,0.14925373134328357,0.02,16,16,16
37,10,5.0,6.0,0.16417910447761194,0.16417910447761194,0.16417910447761194,0.02,17,17,17
37,11,6.0,7.0,0.19402985074626866,0.19402985074626866,0.19402985074626866,0.02,18,18,18
37,12,10.0,10.0,1.0,1.0,1.0,0.02,19,19,19
38,1,1.0,1.0,0.0,0.0,0.0,0.02,"1,2,3",1,3
38,2,1.0,1.0,0.02857142857142857,0.02857142857142857,0.02857142857142857,0.02,"4,5",4,5
38,3,2.0,2.0,0.02857142857142857,0.02857142857142857,0.02857142857142857,0.02,6,6,6
38,4,2.0,2.0,0.07142857142857142,0.07142857142857142,0.07142857142857142,0.02,"7,8",7,8
38,5,2.0,3.0,0.07142857142857142,0.07142857142857142,0.07142857142857142,0.02,9,9,9
38,6,3.0,3.0,0.11428571428571428,0.11428571428571428,0.11428571428571428,0.02,"10,11",10,11
38,7,3.0,4.0,0.11428571428571428,0.11428571428571428,0.11428571428571428,0.02,12,12,12
38,8,3.0,4.0,0.15714285714285714,0.15714285714285714,0.15714285714285714,0.02,13,13,13
38,9,4.0,5.0,0.15714285714285714,0.15714285714285714,0.15714285714285714,0.02,"14,15",14,15
38,10,5.0,6.0,0.18571428571428572,0.18571428571428572,0.18571428571428572,0.02,16,16,16
38,11,6.0,7.0,0.18571428571428572,0.18571428571428572,0.18571428571428572,0.02,17,17,17
38,12,6.0,8.0,0.2,0.2,0.2,0.02,18,18,18
38,13,10.0,10.0,1.0,1.0,1.0,0.02,19,19,19
39,1,1.0,1.0,0.0,0.0,0.0,0.02,"1,2,3",1,3
39,2,1.0,1.0,0.037037037037037035,0.037037037037037035,0.037037037037037035,0.02,"4,5",4,5
39,3,2.0,2.0,0.037037037037037035,0.037037037037037035,0.037037037037037035,0.02,6,6,6
39,4,2.0,2.0,0.07407407407407407,0.07407407407407407,0.07407407407407407,0.02,"7,8",7,8
39,5,2.0,3.0,0.07407407407407407,0.07407407407407407,0.07407407407407407,0.02,9,9,9
39,6,3.0,3.0,0.1111111111111111,0.1111111111111111,0.1111111111111111,0.02,"10,11",10,11
39,7,3.0,4.0,0.1111111111111111,0.1111111111111111,0.1111111111111111,0.02,12,12,12
39,8,4.0,4.0,0.14814814814814814,0.14814814814814814,0.14814814814814814,0.02,13,13,13
39,9,4.0,5.0,0.14814814814814814,0.14814814814814814,0.14814814814814814,0.02,14,14,14
39,10,5.0,5.0,0.14814814814814814,0.14814814814814814,0.14814814814814814,0.02,15,15,15
39,11,5.0,6.75,0.2222222222222222,0.2222222222222222,0.2222222222222222,0.02,16,16,16
39,12,6.0,9.5,0.25925925925925924,0.25925925925925924,0.25925925925925924,0.02,17,17,17
39,13,7.0,10.0,0.3333333333333333,0.3333333333333333,0.3333333333333333,0.02,18,18,18
39,14,10.0,10.0,1.0,1.0,1.0,0.02,19,19,19
40,1,1.0,1.0,0.007407407407407407,0.0,0.018518518518518517,0.02,"1,2,3,4,5",1,5
40,2,1.5,2.0,0.018518518518518517,0.018518518518518517,0.018518518518518517,0.02,6,6,6
40,3,2.0,2.0,0.037037037037037035,0.037037037037037035,0.037037037037037035,0.02,"7,8",7,8
40,4,2.0,3.0,0.037037037037037035,0.037037037037037035,0.037037037037037035,0.02,9,9,9
40,5,2.0,3.0,0.07407407407407407,0.07407407407407407,0.07407407407407407,0.02,10,10,10
40,6,3.0,3.0,0.07407407407407407,0.07407407407407407,0.07407407407407407,0.02,11,11,11
40,7,3.0,4.0,0.07407407407407407,0.07407407407407407,0.07407407407407407,0.02,12,12,12
40,8,4.0,4.0,0.12962962962962962,0.12962962962962962,0.12962962962962962,0.02,13,13,13
40,9,4.0,5.0,0.12962962962962962,0.12962962962962962,0.12962962962962962,0.02,"14,15",14,15
40,10,5.0,5.75,0.16666666666666666,0.16666666666666666,0.16666666666666666,0.02,16,16,16
40,11,5.5,6.0,0.16666666666666666,0.16666666666666666,0.16666666666666666,0.02,17,17,17
40,12,6.0,7.0,0.2037037037037037,0.2037037037037037,0.2037037037037037,0.02,18,18,18
40,13,10.0,10.0,1.0,1.0,1.0,0.02,19,19,19
41,1,1.0,1.0,0.0,0.0,0.0,0.02,"1,2,3",1,3
41,2,1.0,1.0,0.028985507246376812,0.028985507246376812,0.028985507246376812,0.02,"4,5",4,5
41,3,2.0,2.0,0.028985507246376812,0.028985507246376812,0.028985507246376812,0.02,6,6,6
41,4,2.0,2.0,0.057971014492753624,0.057971014492753624,0.057971014492753624,0.02,"7,8",7,8
41,5,2.0,3.0,0.057971014492753624,0.057971014492753624,0.057971014492753624,0.02,9,9,9
41,6,2.0,3.0,0.10144927536231885,0.10144927536231885,0.10144927536231885,0.02,10,10,10
41,7,3.0,3.0,0.10144927536231885,0.10144927536231885,0.10144927536231885,0.02,11,11,11
41,8,3.0,4.0,0.10144927536231885,0.10144927536231885,0.10144927536231885,0.02,12,12,12
41,9,4.0,4.0,0.14492753623188406,0.14492753623188406,0.14492753623188406,0.02,13,13,13
41,10,4.0,5.0,0.14492753623188406,0.14492753623188406,0.14492753623188406,0.02,14,14,14
41,11,5.0,5.0,0.15942028985507245,0.15942028985507245,0.15942028985507245,0.02,15,15,15
41,12,5.0,7.0,0.21739130434782608,0.21739130434782608,0.21739130434782608,0.02,16,16,16
41,13,6.0,7.0,0.2318840579710145,0.2318840579710145,0.2318840579710145,0.02,17,17,17
41,14,6.0,10.0,0.2753623188405797,0.2753623188405797,0.2753623188405797,0.02,18,18,18
41,15,10.0,10.0,1.0,1.0,1.0,0.02,19,19,19
42,1,1.0,1.0,0.007547169811320755,0.0,0.018867924528301886,0.02,"1,2,3,4,5",1,5
42,2,2.0,2.0,0.018867924528301886,0.018867924528301886,0.018867924528301886,0.02,6,6,6
42,3,2.0,2.0,0.05660377358490567,0.05660377358490566,0.05660377358490566,0.02,"7,8,9",7,9
42,4,2.0,3.0,0.07547169811320754,0.07547169811320754,0.07547169811320754,0.02,10,10,10
42,5,3.0,3.0,0.07547169811320754,0.07547169811320754,0.07547169811320754,0.02,"11,12",11,12
42,6,3.0,4.0,0.09433962264150944,0.09433962264150944,0.09433962264150944,0.02,"13,14",13,14
42,7,4.0,5.0,0.10377358490566038,0.09433962264150944,0.11320754716981132,0.02,"15,16",15,16
42,8,5.0,6.0,0.11320754716981132,0.11320754716981132,0.11320754716981132,0.02,17,17,17
42,9,6.0,7.0,0.1320754716981132,0.1320754716981132,0.1320754716981132,0.02,18,18,18
42,10,10.0,10.0,1.0,1.0,1.0,0.02,19,19,19
43,1,1.0,1.0,0.005405405405405406,0.0,0.013513513513513514,0.02,"1,2,3,4,5",1,5
43,2,2.0,2.0,0.02364864864864865,0.013513513513513514,0.02702702702702703,0.02,"6,7,8,9",6,9
43,3,2.0,3.0,0.05405405405405406,0.05405405405405406,0.05405405405405406,0.02,10,10,10
43,4,3.0,3.0,0.05405405405405406,0.05405405405405406,0.05405405405405406,0.02,"11,12",11,12
43,5,3.0,4.0,0.08108108108108109,0.08108108108108109,0.08108108108108109,0.02,"13,14",13,14
43,6,4.0,5.0,0.08108108108108109,0.08108108108108109,0.08108108108108109,0.02,15,15,15
43,7,4.0,5.0,0.10810810810810811,0.10810810810810811,0.10810810810810811,0.02,16,16,16
43,8,4.0,6.0,0.12162162162162163,0.12162162162162163,0.12162162162162163,0.02,17,17,17
43,9,5.0,6.0,0.14864864864864866,0.14864864864864866,0.14864864864864866,0.02,18,18,18
43,10,10.0,10.0,1.0,1.0,1.0,0.02,19,19,19
44,1,1.0,1.0,0.005194805194805195,0.0,0.012987012987012988,0.02,"1,2,3,4,5",1,5
44,2,1.0,2.0,0.012987012987012988,0.012987012987012988,0.012987012987012988,0.02,6,6,6
44,3,2.0,2.0,0.025974025974025972,0.025974025974025976,0.025974025974025976,0.02,"7,8,9",7,9
44,4,2.0,3.0,0.05194805194805195,0.05194805194805195,0.05194805194805195,0.02,10,10,10
44,5,3.0,3.0,0.05194805194805195,0.05194805194805195,0.05194805194805195,0.02,"11,12",11,12
44,6,3.0,4.0,0.06493506493506493,0.06493506493506493,0.06493506493506493,0.02,"13,14",13,14
44,7,4.0,4.0,0.06493506493506493,0.06493506493506493,0.06493506493506493,0.02,15,15,15
44,8,4.0,5.0,0.09090909090909091,0.09090909090909091,0.09090909090909091,0.02,16,16,16
44,9,5.0,6.0,0.09090909090909091,0.09090909090909091,0.09090909090909091,0.02,17,17,17
44,10,5.0,6.0,0.11688311688311688,0.11688311688311688,0.11688311688311688,0.02,18,18,18
44,11,10.0,10.0,1.0,1.0,1.0,0.02,19,19,19
45,1,1.0,1.0,0.005333333333333334,0.0,0.013333333333333334,0.02,"1,2,3,4,5",1,5
45,2,1.0,2.0,0.013333333333333334,0.013333333333333334,0.013333333333333334,0.02,6,6,6
45,3,2.0,2.0,0.04,0.04,0.04,0.02,"7,8,9",7,9
45,4,2.0,3.0,0.06666666666666667,0.06666666666666667,0.06666666666666667,0.02,10,10,10
45,5,3.0,3.0,0.06666666666666667,0.06666666666666667,0.06666666666666667,0.02,"11,12",11,12
45,6,3.0,4.0,0.10666666666666667,0.10666666666666667,0.10666666666666667,0.02,13,13,13
45,7,4.0,4.0,0.10666666666666667,0.10666666666666667,0.10666666666666667,0.02,"14,15",14,15
45,8,4.0,5.0,0.13333333333333333,0.13333333333333333,0.13333333333333333,0.02,16,16,16
45,9,5.0,6.0,0.14,0.13333333333333333,0.14666666666666667,0.02,"17,18",17,18
45,10,10.0,10.0,1.0,1.0,1.0,0.02,19,19,19
46,1,1.0,1.0,0.0,0.0,0.0,0.02,"1,2,3",1,3
46,2,1.0,1.0,0.02702702702702703,0.02702702702702703,0.02702702702702703,0.02,4,4,4
46,3,1.0,1.75,0.02702702702702703,0.02702702702702703,0.02702702702702703,0.02,5,5,5
46,4,2.0,2.0,0.02702702702702703,0.02702702702702703,0.02702702702702703,0.02,6,6,6
46,5,2.0,2.0,0.06756756756756757,0.06756756756756757,0.06756756756756757,0.02,"7,8",7,8
46,6,2.0,3.0,0.06756756756756757,0.06756756756756757,0.06756756756756757,0.02,9,9,9
46,7,3.0,3.0,0.10810810810810811,0.10810810810810811,0.10810810810810811,0.02,"10,11",10,11
46,8,3.0,4.0,0.10810810810810811,0.10810810810810811,0.10810810810810811,0.02,12,12,12
46,9,4.0,4.0,0.14864864864864866,0.14864864864864866,0.14864864864864866,0.02,13,13,13
46,10,4.0,5.0,0.14864864864864866,0.14864864864864866,0.14864864864864866,0.02,14,14,14
46,11,5.0,5.0,0.16216216216216217,0.16216216216216217,0.16216216216216217,0.02,15,15,15
46,12,5.0,6.75,0.21621621621621623,0.21621621621621623,0.21621621621621623,0.02,16,16,16
46,13,6.0,7.75,0.22972972972972974,0.22972972972972974,0.22972972972972974,0.02,17,17,17
46,14,7.0,10.0,0.2702702702702703,0.2702702702702703,0.2702702702702703,0.02,18,18,18
46,15,10.0,10.0,1.0,1.0,1.0,0.02,19,19,19
47,1,1.0,1.0,0.0,0.0,0.0,0.02,"1,2,3",1,3
47,2,1.0,1.0,0.02666666666666667,0.02666666666666667,0.02666666666666667,0.02,"4,5",4,5
47,3,2.0,2.0,0.02666666666666667,0.02666666666666667,0.02666666666666667,0.02,6,6,6
47,4,2.0,2.0,0.05333333333333334,0.05333333333333334,0.05333333333333334,0.02,"7,8",7,8
47,5,2.0,2.5,0.05333333333333334,0.05333333333333334,0.05333333333333334,0.02,9,9,9
47,6,2.0,3.0,0.06666666666666667,0.06666666666666667,0.06666666666666667,0.02,10,10,10
47,7,3.0,3.0,0.06666666666666667,0.06666666666666667,0.06666666666666667,0.02,"11,12",11,12
47,8,3.0,4.0,0.08,0.08,0.08,0.02,13,13,13
47,9,4.0,4.5,0.08,0.08,0.08,0.02,14,14,14
47,10,4.0,5.0,0.09333333333333334,0.09333333333333334,0.09333333333333334,0.02,15,15,15
47,11,4.0,6.0,0.10666666666666667,0.10666666666666667,0.10666666666666667,0.02,16,16,16
47,12,5.0,6.0,0.13333333333333333,0.13333333333333333,0.13333333333333333,0.02,17,17,17
47,13,6.0,7.0,0.14666666666666667,0.14666666666666667,0.14666666666666667,0.02,18,18,18
47,14,10.0,10.0,1.0,1.0,1.0,0.02,19,19,19
48,1,1.0,1.0,0.005128205128205128,0.0,0.01282051282051282,0.02,"1,2,3,4,5",1,5
48,2,2.0,2.0,0.021367521367521364,0.01282051282051282,0.02564102564102564,0.02,"6,7,8",6,8
48,3,2.0,3.0,0.02564102564102564,0.02564102564102564,0.02564102564102564,0.02,9,9,9
48,4,3.0,3.0,0.05128205128205128,0.05128205128205128,0.05128205128205128,0.02,"10,11",10,11
48,5,3.0,4.0,0.05128205128205128,0.05128205128205128,0.05128205128205128,0.02,12,12,12
48,6,4.0,4.0,0.08974358974358974,0.08974358974358974,0.08974358974358974,0.02,13,13,13
48,7,4.0,5.0,0.08974358974358974,0.08974358974358974,0.08974358974358974,0.02,14,14,14
48,8,5.0,5.0,0.08974358974358974,0.08974358974358974,0.08974358974358974,0.02,15,15,15
48,9,5.0,6.0,0.15384615384615385,0.15384615384615385,0.15384615384615385,0.02,16,16,16
48,10,6.0,7.0,0.16666666666666666,0.16666666666666666,0.16666666666666666,0.02,17,17,17
48,11,7.0,8.0,0.21794871794871795,0.21794871794871795,0.21794871794871795,0.02,18,18,18
48,12,10.0,10.0,1.0,1.0,1.0,0.02,19,19,19
49,1,1.0,1.0,0.0,0.0,0.0,0.02,"1,2,3",1,3
49,2,1.0,1.0,0.025974025974025976,0.025974025974025976,0.025974025974025976,0.02,"4,5",4,5
49,3,1.0,2.0,0.025974025974025976,0.025974025974025976,0.025974025974025976,0.02,6,6,6
49,4,2.0,2.0,0.051948051948051945,0.05194805194805195,0.05194805194805195,0.02,"7,8,9",7,9
49,5,2.0,3.0,0.07792207792207792,0.07792207792207792,0.07792207792207792,0.02,10,10,10
49,6,3.0,3.0,0.07792207792207792,0.07792207792207792,0.07792207792207792,0.02,"11,12",11,12
49,7,3.0,4.0,0.1038961038961039,0.1038961038961039,0.1038961038961039,0.02,"13,14",13,14
49,8,4.0,5.0,0.1038961038961039,0.1038961038961039,0.1038961038961039,0.02,15,15,15
49,9,4.0,5.0,0.15584415584415584,0.15584415584415584,0.15584415584415584,0.02,16,16,16
49,10,5.0,6.0,0.17532467532467533,0.16883116883116883,0.18181818181818182,0.02,"17,18",17,18
49,11,10.0,10.0,1.0,1.0,1.0,0.02,19,19,19
50,1,1.0,1.0,0.005970149253731343,0.0,0.014925373134328358,0.02,"1,2,3,4,5",1,5
50,2,2.0,2.0,0.02487562189054726,0.014925373134328358,0.029850746268656716,0.02,"6,7,8",6,8
50,3,2.0,2.5,0.029850746268656716,0.029850746268656716,0.029850746268656716,0.02,9,9,9
50,4,2.0,3.0,0.05970149253731343,0.05970149253731343,0.05970149253731343,0.02,10,10,10
50,5,3.0,3.0,0.05970149253731343,0.05970149253731343,0.05970149253731343,0.02,"11,12",11,12
50,6,3.0,4.0,0.08955223880597014,0.08955223880597014,0.08955223880597014,0.02,13,13,13
50,7,4.0,4.0,0.08955223880597014,0.08955223880597014,0.08955223880597014,0.02,14,14,14
50,8,4.0,5.0,0.08955223880597014,0.08955223880597014,0.08955223880597014,0.02,15,15,15
50,9,5.0,6.0,0.13432835820895522,0.13432835820895522,0.13432835820895522,0.02,"16,17",16,17
50,10,6.0,7.0,0.16417910447761194,0.16417910447761194,0.16417910447761194,0.02,18,18,18
50,11,10.0,10.0,1.0,1.0,1.0,0.02,19,19,19
51,1,1.0,1.0,0.0,0.0,0.0,0.02,"1,2,3",1,3
51,2,1.0,1.0,0.0273972602739726,0.0273972602739726,0.0273972602739726,0.02,"4,5",4,5
51,3,2.0,2.0,0.0273972602739726,0.0273972602739726,0.0273972602739726,0.02,6,6,6
51,4,2.0,2.0,0.0547945205479452,0.0547945205479452,0.0547945205479452,0.02,"7,8",7,8
51,5,2.0,3.0,0.0547945205479452,0.0547945205479452,0.0547945205479452,0.02,9,9,9
51,6,3.0,3.0,0.0821917808219178,0.0821917808219178,0.0821917808219178,0.02,"10,11",10,11
51,7,3.0,4.0,0.0821917808219178,0.0821917808219178,0.0821917808219178,0.02,12,12,12
51,8,4.0,4.0,0.1095890410958904,0.1095890410958904,0.1095890410958904,0.02,13,13,13
51,9,4.0,5.0,0.1095890410958904,0.1095890410958904,0.1095890410958904,0.02,14,14,14
51,10,5.0,5.0,0.1095890410958904,0.1095890410958904,0.1095890410958904,0.02,15,15,15
51,11,5.0,6.0,0.13013698630136986,0.1232876712328767,0.136986301369863,0.02,"16,17",16,17
51,12,6.0,7.0,0.1643835616438356,0.1643835616438356,0.1643835616438356,0.02,18,18,18
51,13,10.0,10.0,1.0,1.0,1.0,0.02,19,19,19
52,1,1.0,1.0,0.0,0.0,0.0,0.02,"1,2,3",1,3
52,2,1.0,1.0,0.028169014084507043,0.028169014084507043,0.028169014084507043,0.02,4,4,4
52,3,1.0,2.0,0.028169014084507043,0.028169014084507043,0.028169014084507043,0.02,5,5,5
52,4,2.0,2.0,0.028169014084507043,0.028169014084507043,0.028169014084507043,0.02,6,6,6
52,5,2.0,2.0,0.056338028169014086,0.056338028169014086,0.056338028169014086,0.02,"7,8",7,8
52,6,2.0,3.0,0.056338028169014086,0.056338028169014086,0.056338028169014086,0.02,9,9,9
52,7,3.0,3.0,0.09859154929577464,0.09859154929577464,0.09859154929577464,0.02,"10,11",10,11
52,8,3.0,4.0,0.09859154929577464,0.09859154929577464,0.09859154929577464,0.02,12,12,12
52,9,4.0,4.0,0.15492957746478872,0.15492957746478872,0.15492957746478872,0.02,13,13,13
52,10,4.0,5.0,0.15492957746478872,0.15492957746478872,0.15492957746478872,0.02,14,14,14
52,11,5.0,5.0,0.16901408450704225,0.16901408450704225,0.16901408450704225,0.02,15,15,15
52,12,5.0,7.0,0.23943661971830985,0.23943661971830985,0.23943661971830985,0.02,16,16,16
52,13,6.0,10.0,0.28169014084507044,0.28169014084507044,0.28169014084507044,0.02,17,17,17
52,14,7.0,10.0,0.36619718309859156,0.36619718309859156,0.36619718309859156,0.02,18,18,18
52,15,10.0,10.0,1.0,1.0,1.0,0.02,19,19,19
53,1,1.0,1.0,0.0,0.0,0.0,0.02,"1,2,3",1,3
53,2,1.0,1.0,0.029411764705882353,0.029411764705882353,0.029411764705882353,0.02,"4,5",4,5
53,3,2.0,2.0,0.0392156862745098,0.029411764705882353,0.04411764705882353,0.02,"6,7,8",6,8
53,4,2.0,3.0,0.04411764705882353,0.04411764705882353,0.04411764705882353,0.02,9,9,9
53,5,2.0,3.0,0.07352941176470588,0.07352941176470588,0.07352941176470588,0.02,10,10,10
53,6,3.0,3.0,0.07352941176470588,0.07352941176470588,0.07352941176470588,0.02,"11,12",11,12
53,7,3.0,4.0,0.10294117647058823,0.10294117647058823,0.10294117647058823,0.02,13,13,13
53,8,4.0,5.0,0.10294117647058823,0.10294117647058823,0.10294117647058823,0.02,"14,15",14,15
53,9,5.0,6.0,0.1323529411764706,0.1323529411764706,0.1323529411764706,0.02,16,16,16
53,10,6.0,6.25,0.1323529411764706,0.1323529411764706,0.1323529411764706,0.02,17,17,17
53,11,6.0,7.0,0.1323529411764706,0.1323529411764706,0.1323529411764706,0.02,18,18,18
53,12,10.0,10.0,1.0,1.0,1.0,0.02,19,19,19
54,1,1.0,1.0,0.0,0.0,0.0,0.02,"1,2,3",1,3
54,2,1.0,1.0,0.02531645569620253,0.02531645569620253,0.02531645569620253,0.02,"4,5",4,5
54,3,1.0,2.0,0.02531645569620253,0.02531645569620253,0.02531645569620253,0.02,6,6,6
54,4,2.0,2.0,0.05063291139240506,0.05063291139240506,0.05063291139240506,0.02,"7,8",7,8
54,5,2.0,3.0,0.05063291139240506,0.05063291139240506,0.05063291139240506,0.02,9,9,9
54,6,2.0,3.0,0.0759493670886076,0.0759493670886076,0.0759493670886076,0.02,10,10,10
54,7,3.0,3.0,0.0759493670886076,0.0759493670886076,0.0759493670886076,0.02,11,11,11
54,8,3.0,3.5,0.0759493670886076,0.0759493670886076,0.0759493670886076,0.02,12,12,12
54,9,3.0,4.0,0.12658227848101267,0.12658227848101267,0.12658227848101267,0.02,"13,14",13,14
54,10,4.0,5.0,0.12658227848101267,0.12658227848101267,0.12658227848101267,0.02,15,15,15
54,11,4.0,5.0,0.16455696202531644,0.16455696202531644,0.16455696202531644,0.02,16,16,16
54,12,5.0,6.0,0.17721518987341772,0.17721518987341772,0.17721518987341772,0.02,17,17,17
54,13,6.0,7.0,0.20253164556962025,0.20253164556962025,0.20253164556962025,0.02,18,18,18
54,14,10.0,10.0,1.0,1.0,1.0,0.02,19,19,19
55,1,1.0,1.0,0.005970149253731343,0.0,0.014925373134328358,0.02,"1,2,3,4,5",1,5
55,2,1.0,2.0,0.014925373134328358,0.014925373134328358,0.014925373134328358,0.02,6,6,6
55,3,2.0,2.0,0.029850746268656716,0.029850746268656716,0.029850746268656716,0.02,"7,8,9",7,9
55,4,2.0,3.0,0.04477611940298507,0.04477611940298507,0.04477611940298507,0.02,10,10,10
55,5,3.0,3.0,0.04477611940298507,0.04477611940298507,0.04477611940298507,0.02,"11,12",11,12
55,6,3.0,4.0,0.05970149253731343,0.05970149253731343,0.05970149253731343,0.02,"13,14",13,14
55,7,4.0,4.5,0.05970149253731343,0.05970149253731343,0.05970149253731343,0.02,15,15,15
55,8,4.0,5.0,0.07462686567164178,0.07462686567164178,0.07462686567164178,0.02,16,16,16
55,9,5.0,6.0,0.08955223880597014,0.08955223880597014,0.08955223880597014,0.02,17,17,17
55,10,6.0,7.0,0.1044776119402985,0.1044776119402985,0.1044776119402985,0.02,18,18,18
55,11,10.0,10.0,1.0,1.0,1.0,0.02,19,19,19
56,1,1.0,1.0,0.0,0.0,0.0,0.02,"1,2,3",1,3
56,2,1.0,1.0,0.038461538461538464,0.038461538461538464,0.038461538461538464,0.02,4,4,4
56,3,1.0,2.0,0.038461538461538464,0.038461538461538464,0.038461538461538464,0.02,5,5,5
56,4,2.0,2.0,0.038461538461538464,0.038461538461538464,0.038461538461538464,0.02,6,6,6
56,5,2.0,2.0,0.07692307692307693,0.07692307692307693,0.07692307692307693,0.02,"7,8",7,8
56,6,2.0,3.0,0.07692307692307693,0.07692307692307693,0.07692307692307693,0.02,9,9,9
56,7,3.0,3.0,0.09615384615384616,0.09615384615384616,0.09615384615384616,0.02,"10,11",10,11
56,8,3.0,4.0,0.09615384615384616,0.09615384615384616,0.09615384615384616,0.02,12,12,12
56,9,3.5,4.0,0.1346153846153846,0.1346153846153846,0.1346153846153846,0.02,13,13,13
56,10,4.0,5.0,0.14423076923076922,0.1346153846153846,0.15384615384615385,0.02,"14,15",14,15
56,11,5.0,6.0,0.19230769230769232,0.19230769230769232,0.19230769230769232,0.02,16,16,16
56,12,5.0,7.0,0.19230769230769232,0.19230769230769232,0.19230769230769232,0.02,17,17,17
56,13,6.0,7.0,0.21153846153846154,0.21153846153846154,0.21153846153846154,0.02,18,18,18
56,14,10.0,10.0,1.0,1.0,1.0,0.02,19,19,19
57,1,1.0,1.0,0.0,0.0,0.0,0.02,"1,2,3",1,3
57,2,1.0,1.0,0.02702702702702703,0.02702702702702703,0.02702702702702703,0.02,"4,5",4,5
57,3,1.0,2.0,0.02702702702702703,0.02702702702702703,0.02702702702702703,0.02,6,6,6
57,4,2.0,2.0,0.05405405405405406,0.05405405405405406,0.05405405405405406,0.02,"7,8,9",7,9
57,5,2.0,3.0,0.08108108108108109,0.08108108108108109,0.08108108108108109,0.02,10,10,10
57,6,3.0,3.0,0.08108108108108109,0.08108108108108109,0.08108108108108109,0.02,"11,12",11,12
57,7,3.0,4.0,0.10810810810810811,0.10810810810810811,0.10810810810810811,0.02,"13,14",13,14
57,8,4.0,4.75,0.10810810810810811,0.10810810810810811,0.10810810810810811,0.02,15,15,15
57,9,4.0,5.0,0.13513513513513514,0.13513513513513514,0.13513513513513514,0.02,16,16,16
57,10,5.0,6.0,0.14864864864864866,0.14864864864864866,0.14864864864864866,0.02,17,17,17
57,11,5.5,7.0,0.1891891891891892,0.1891891891891892,0.1891891891891892,0.02,18,18,18
57,12,10.0,10.0,1.0,1.0,1.0,0.02,19,19,19
58,1,1.0,1.0,0.0,0.0,0.0,0.02,"1,2,3",1,3
58,2,1.0,1.0,0.02702702702702703,0.02702702702702703,0.02702702702702703,0.02,4,4,4
58,3,1.0,2.0,0.02702702702702703,0.02702702702702703,0.02702702702702703,0.02,5,5,5
58,4,2.0,2.0,0.02702702702702703,0.02702702702702703,0.02702702702702703,0.02,6,6,6
58,5,2.0,2.0,0.05405405405405406,0.05405405405405406,0.05405405405405406,0.02,"7,8",7,8
58,6,2.0,3.0,0.05405405405405406,0.05405405405405406,0.05405405405405406,0.02,9,9,9
58,7,3.0,3.0,0.0945945945945946,0.0945945945945946,0.0945945945945946,0.02,"10,11",10,11
58,8,3.0,4.0,0.0945945945945946,0.0945945945945946,0.0945945945945946,0.02,12,12,12
58,9,4.0,4.0,0.14864864864864866,0.14864864864864866,0.14864864864864866,0.02,13,13,13
58,10,4.0,5.0,0.14864864864864866,0.14864864864864866,0.14864864864864866,0.02,14,14,14
58,11,5.0,5.75,0.16216216216216217,0.16216216216216217,0.16216216216216217,0.02,15,15,15
58,12,5.0,7.0,0.22972972972972974,0.22972972972972974,0.22972972972972974,0.02,16,16,16
58,13,6.0,9.5,0.25675675675675674,0.25675675675675674,0.25675675675675674,0.02,17,17,17
58,14,7.0,10.0,0.2972972972972973,0.2972972972972973,0.2972972972972973,0.02,18,18,18
58,15,10.0,10.0,1.0,1.0,1.0,0.02,19,19,19
59,1,1.0,1.0,0.0,0.0,0.0,0.02,"1,2,3",1,3
59,2,1.0,1.0,0.03125,0.03125,0.03125,0.02,4,4,4
59,3,1.0,2.0,0.03125,0.03125,0.03125,0.02,5,5,5
59,4,2.0,2.0,0.041666666666666664,0.03125,0.046875,0.02,"6,7,8",6,8
59,5,2.0,3.0,0.046875,0.046875,0.046875,0.02,9,9,9
59,6,3.0,3.0,0.078125,0.078125,0.078125,0.02,"10,11",10,11
59,7,3.0,4.0,0.078125,0.078125,0.078125,0.02,12,12,12
59,8,4.0,4.0,0.109375,0.109375,0.109375,0.02,13,13,13
59,9,4.0,5.0,0.109375,0.109375,0.109375,0.02,14,14,14
59,10,5.0,5.0,0.109375,0.109375,0.109375,0.02,15,15,15
59,11,5.0,6.0,0.140625,0.140625,0.140625,0.02,16,16,16
59,12,6.0,7.0,0.140625,0.140625,0.140625,0.02,17,17,17
59,13,6.0,8.0,0.15625,0.15625,0.15625,0.02,18,18,18
59,14,10.0,10.0,1.0,1.0,1.0,0.02,19,19,19
60,1,1.0,1.0,0.005555555555555555,0.0,0.013888888888888888,0.02,"1,2,3,4,5",1,5
60,2,1.0,2.0,0.013888888888888888,0.013888888888888888,0.013888888888888888,0.02,6,6,6
60,3,2.0,2.0,0.027777777777777776,0.027777777777777776,0.027777777777777776,0.02,"7,8,9",7,9
60,4,2.0,3.0,0.05555555555555555,0.05555555555555555,0.05555555555555555,0.02,10,10,10
60,5,3.0,3.0,0.05555555555555555,0.05555555555555555,0.05555555555555555,0.02,"11,12",11,12
60,6,3.0,4.0,0.08333333333333333,0.08333333333333333,0.08333333333333333,0.02,"13,14",13,14
60,7,4.0,4.25,0.08333333333333333,0.08333333333333333,0.08333333333333333,0.02,15,15,15
60,8,4.0,5.0,0.1111111111111111,0.1111111111111111,0.1111111111111111,0.02,16,16,16
60,9,4.5,6.0,0.1111111111111111,0.1111111111111111,0.1111111111111111,0.02,17,17,17
60,10,5.0,6.0,0.1388888888888889,0.1388888888888889,0.1388888888888889,0.02,18,18,18
60,11,10.0,10.0,1.0,1.0,1.0,0.02,19,19,19
61,1,1.0,1.0,0.005633802816901409,0.0,0.014084507042253521,0.02,"1,2,3,4,5",1,5
61,2,2.0,2.0,0.014084507042253521,0.014084507042253521,0.014084507042253521,0.02,6,6,6
61,3,2.0,2.0,0.04225352112676056,0.04225352112676056,0.04225352112676056,0.02,"7,8",7,8
61,4,2.0,2.5,0.04225352112676056,0.04225352112676056,0.04225352112676056,0.02,9,9,9
61,5,3.0,3.0,0.07042253521126761,0.07042253521126761,0.07042253521126761,0.02,"10,11",10,11
61,6,3.0,4.0,0.07042253521126761,0.07042253521126761,0.07042253521126761,0.02,12,12,12
61,7,4.0,4.0,0.11267605633802817,0.11267605633802817,0.11267605633802817,0.02,13,13,13
61,8,4.0,5.0,0.11267605633802817,0.11267605633802817,0.11267605633802817,0.02,14,14,14
61,9,5.0,5.0,0.1267605633802817,0.1267605633802817,0.1267605633802817,0.02,15,15,15
61,10,5.0,6.5,0.18309859154929578,0.18309859154929578,0.18309859154929578,0.02,16,16,16
61,11,6.0,7.5,0.2112676056338028,0.2112676056338028,0.2112676056338028,0.02,17,17,17
61,12,7.0,9.5,0.2535211267605634,0.2535211267605634,0.2535211267605634,0.02,18,18,18
61,13,10.0,10.0,1.0,1.0,1.0,0.02,19,19,19
62,1,1.0,1.0,0.0,0.0,0.0,0.02,"1,2,3",1,3
62,2,1.0,1.0,0.0273972602739726,0.0273972602739726,0.0273972602739726,0.02,"4,5",4,5
62,3,2.0,2.0,0.0273972602739726,0.0273972602739726,0.0273972602739726,0.02,6,6,6
62,4,2.0,2.0,0.0684931506849315,0.0684931506849315,0.0684931506849315,0.02,"7,8",7,8
62,5,2.0,3.0,0.07534246575342465,0.0684931506849315,0.0821917808219178,0.02,"9,10",9,10
62,6,3.0,3.0,0.0821917808219178,0.0821917808219178,0.0821917808219178,0.02,11,11,11
62,7,3.0,4.0,0.0821917808219178,0.0821917808219178,0.0821917808219178,0.02,12,12,12
62,8,3.0,4.0,0.1095890410958904,0.1095890410958904,0.1095890410958904,0.02,13,13,13
62,9,4.0,5.0,0.1095890410958904,0.1095890410958904,0.1095890410958904,0.02,"14,15",14,15
62,10,5.0,6.0,0.136986301369863,0.136986301369863,0.136986301369863,0.02,"16,17",16,17
62,11,6.0,7.0,0.1643835616438356,0.1643835616438356,0.1643835616438356,0.02,18,18,18
62,12,10.0,10.0,1.0,1.0,1.0,0.02,19,19,19
63,1,1.0,1.0,0.0,0.0,0.0,0.02,"1,2,3",1,3
63,2,1.0,1.0,0.028169014084507043,0.028169014084507043,0.028169014084507043,0.02,4,4,4
63,3,1.0,2.0,0.028169014084507043,0.028169014084507043,0.028169014084507043,0.02,5,5,5
63,4,2.0,2.0,0.028169014084507043,0.028169014084507043,0.028169014084507043,0.02,6,6,6
63,5,2.0,2.0,0.07042253521126761,0.07042253521126761,0.07042253521126761,0.02,"7,8",7,8
63,6,2.0,3.0,0.07042253521126761,0.07042253521126761,0.07042253521126761,0.02,9,9,9
63,7,3.0,3.0,0.1267605633802817,0.1267605633802817,0.1267605633802817,0.02,10,10,10
63,8,3.0,4.0,0.1267605633802817,0.1267605633802817,0.1267605633802817,0.02,"11,12",11,12
63,9,4.0,4.0,0.16901408450704225,0.16901408450704225,0.16901408450704225,0.02,13,13,13
63,10,4.0,5.0,0.16901408450704225,0.16901408450704225,0.16901408450704225,0.02,14,14,14
63,11,5.0,6.0,0.18309859154929578,0.18309859154929578,0.18309859154929578,0.02,15,15,15
63,12,5.0,7.0,0.22535211267605634,0.22535211267605634,0.22535211267605634,0.02,16,16,16
63,13,6.0,10.0,0.2676056338028169,0.2676056338028169,0.2676056338028169,0.02,17,17,17
63,14,7.0,10.0,0.30985915492957744,0.30985915492957744,0.30985915492957744,0.02,18,18,18
63,15,10.0,10.0,1.0,1.0,1.0,0.02,19,19,19
64,1,1.0,1.0,0.0,0.0,0.0,0.02,"1,2,3",1,3
64,2,1.0,1.0,0.031746031746031744,0.031746031746031744,0.031746031746031744,0.02,4,4,4
64,3,1.0,2.0,0.031746031746031744,0.031746031746031744,0.031746031746031744,0.02,5,5,5
64,4,2.0,2.0,0.031746031746031744,0.031746031746031744,0.031746031746031744,0.02,6,6,6
64,5,2.0,2.0,0.07936507936507936,0.07936507936507936,0.07936507936507936,0.02,"7,8",7,8
64,6,2.0,3.0,0.07936507936507936,0.07936507936507936,0.07936507936507936,0.02,9,9,9
64,7,3.0,3.0,0.14285714285714285,0.14285714285714285,0.14285714285714285,0.02,"10,11",10,11
64,8,3.0,4.0,0.14285714285714285,0.14285714285714285,0.14285714285714285,0.02,12,12,12
64,9,4.0,4.0,0.19047619047619047,0.19047619047619047,0.19047619047619047,0.02,13,13,13
64,10,4.0,5.0,0.19047619047619047,0.19047619047619047,0.19047619047619047,0.02,14,14,14
64,11,5.0,6.0,0.20634920634920634,0.20634920634920634,0.20634920634920634,0.02,15,15,15
64,12,5.0,7.0,0.23809523809523808,0.23809523809523808,0.23809523809523808,0.02,16,16,16
64,13,6.0,9.0,0.25396825396825395,0.25396825396825395,0.25396825396825395,0.02,17,17,17
64,14,6.0,9.5,0.25396825396825395,0.25396825396825395,0.25396825396825395,0.02,18,18,18
64,15,10.0,10.0,1.0,1.0,1.0,0.02,19,19,19
65,1,1.0,1.0,0.0,0.0,0.0,0.02,"1,2,3",1,3
65,2,1.0,1.0,0.02631578947368421,0.02631578947368421,0.02631578947368421,0.02,"4,5",4,5
65,3,2.0,2.0,0.02631578947368421,0.02631578947368421,0.02631578947368421,0.02,6,6,6
65,4,2.0,2.0,0.06578947368421052,0.06578947368421052,0.06578947368421052,0.02,"7,8",7,8
65,5,2.0,3.0,0.06578947368421052,0.06578947368421052,0.06578947368421052,0.02,9,9,9
65,6,2.0,3.0,0.10526315789473684,0.10526315789473684,0.10526315789473684,0.02,10,10,10
65,7,3.0,3.0,0.10526315789473684,0.10526315789473684,0.10526315789473684,0.02,"11,12",11,12
65,8,3.0,4.0,0.17105263157894737,0.17105263157894737,0.17105263157894737,0.02,13,13,13
65,9,4.0,5.0,0.17763157894736842,0.17105263157894737,0.18421052631578946,0.02,"14,15",14,15
65,10,4.0,6.0,0.21052631578947367,0.21052631578947367,0.21052631578947367,0.02,16,16,16
65,11,5.0,7.0,0.23684210526315788,0.23684210526315788,0.23684210526315788,0.02,17,17,17
65,12,5.0,8.5,0.25,0.25,0.25,0.02,18,18,18
65,13,10.0,10.0,1.0,1.0,1.0,0.02,19,19,19
66,1,1.0,1.0,0.0,0.0,0.0,0.02,"1,2,3",1,3
66,2,1.0,1.0,0.024691358024691357,0.024691358024691357,0.024691358024691357,0.02,4,4,4
66,3,1.0,2.0,0.024691358024691357,0.024691358024691357,0.024691358024691357,0.02,5,5,5
66,4,2.0,2.0,0.024691358024691357,0.024691358024691357,0.024691358024691357,0.02,6,6,6
66,5,2.0,2.0,0.04938271604938271,0.04938271604938271,0.04938271604938271,0.02,"7,8",7,8
66,6,2.0,3.0,0.04938271604938271,0.04938271604938271,0.04938271604938271,0.02,9,9,9
66,7,3.0,3.0,0.08641975308641975,0.08641975308641975,0.08641975308641975,0.02,"10,11",10,11
66,8,3.0,4.0,0.08641975308641975,0.08641975308641975,0.08641975308641975,0.02,12,12,12
66,9,4.0,4.0,0.13580246913580246,0.13580246913580246,0.13580246913580246,0.02,13,13,13
66,10,4.0,5.0,0.13580246913580246,0.13580246913580246,0.13580246913580246,0.02,14,14,14
66,11,5.0,6.0,0.14814814814814814,0.14814814814814814,0.14814814814814814,0.02,15,15,15
66,12,6.0,7.0,0.18518518518518517,0.18518518518518517,0.18518518518518517,0.02,16,16,16
66,13,6.0,8.0,0.20987654320987653,0.20987654320987653,0.20987654320987653,0.02,17,17,17
66,14,7.0,9.0,0.24691358024691357,0.24691358024691357,0.24691358024691357,0.02,18,18,18
66,15,10.0,10.0,1.0,1.0,1.0,0.02,19,19,19
67,1,1.0,1.0,0.00625,0.0,0.015625,0.02,"1,2,3,4,5",1,5
67,2,1.0,2.0,0.015625,0.015625,0.015625,0.02,6,6,6
67,3,2.0,2.0,0.03125,0.03125,0.03125,0.02,"7,8,9",7,9
67,4,2.0,3.0,0.046875,0.046875,0.046875,0.02,10,10,10
67,5,3.0,3.0,0.046875,0.046875,0.046875,0.02,"11,12",11,12
67,6,3.0,4.0,0.0625,0.0625,0.0625,0.02,"13,14",13,14
67,7,4.0,4.25,0.078125,0.078125,0.078125,0.02,15,15,15
67,8,4.0,5.0,0.109375,0.109375,0.109375,0.02,16,16,16
67,9,4.0,6.0,0.125,0.125,0.125,0.02,17,17,17
67,10,5.0,7.0,0.140625,0.140625,0.140625,0.02,18,18,18
67,11,10.0,10.0,1.0,1.0,1.0,0.02,19,19,19
68,1,1.0,1.0,0.005714285714285714,0.0,0.014285714285714285,0.02,"1,2,3,4,5",1,5
68,2,1.0,2.0,0.014285714285714285,0.014285714285714285,0.014285714285714285,0.02,6,6,6
68,3,2.0,2.0,0.04285714285714285,0.04285714285714286,0.04285714285714286,0.02,"7,8,9",7,9
68,4,2.0,3.0,0.05714285714285714,0.05714285714285714,0.05714285714285714,0.02,10,10,10
68,5,3.0,3.0,0.05714285714285714,0.05714285714285714,0.05714285714285714,0.02,"11,12",11,12
68,6,3.0,4.0,0.07142857142857142,0.07142857142857142,0.07142857142857142,0.02,"13,14",13,14
68,7,4.0,5.0,0.07142857142857142,0.07142857142857142,0.07142857142857142,0.02,15,15,15
68,8,4.0,5.0,0.1,0.1,0.1,0.02,16,16,16
68,9,5.0,5.75,0.1,0.1,0.1,0.02,17,17,17
68,10,5.0,6.0,0.12857142857142856,0.12857142857142856,0.12857142857142856,0.02,18,18,18
68,11,10.0,10.0,1.0,1.0,1.0,0.02,19,19,19
69,1,1.0,1.0,0.0,0.0,0.0,0.02,"1,2,3",1,3
69,2,1.0,1.0,0.027777777777777776,0.027777777777777776,0.027777777777777776,0.02,"4,5",4,5
69,3,1.5,2.0,0.027777777777777776,0.027777777777777776,0.027777777777777776,0.02,6,6,6
69,4,2.0,2.0,0.05555555555555555,0.05555555555555555,0.05555555555555555,0.02,"7,8,9",7,9
69,5,2.0,3.0,0.09722222222222222,0.09722222222222222,0.09722222222222222,0.02,10,10,10
69,6,3.0,3.0,0.09722222222222222,0.09722222222222222,0.09722222222222222,0.02,"11,12",11,12
69,7,3.0,4.0,0.125,0.125,0.125,0.02,"13,14",13,14
69,8,4.0,5.0,0.1388888888888889,0.1388888888888889,0.1388888888888889,0.02,15,15,15
69,9,4.0,5.25,0.16666666666666666,0.16666666666666666,0.16666666666666666,0.02,16,16,16
69,10,5.0,6.25,0.19444444444444445,0.19444444444444445,0.19444444444444445,0.02,17,17,17
69,11,5.0,7.25,0.2222222222222222,0.2222222222222222,0.2222222222222222,0.02,18,18,18
69,12,10.0,10.0,1.0,1.0,1.0,0.02,19,19,19
70,1,1.0,1.0,0.005128205128205128,0.0,0.01282051282051282,0.02,"1,2,3,4,5",1,5
70,2,1.0,2.0,0.01282051282051282,0.01282051282051282,0.01282051282051282,0.02,6,6,6
70,3,2.0,2.0,0.038461538461538464,0.038461538461538464,0.038461538461538464,0.02,"7,8,9",7,9
70,4,2.0,3.0,0.0641025641025641,0.0641025641025641,0.0641025641025641,0.02,10,10,10
70,5,3.0,3.0,0.0641025641025641,0.0641025641025641,0.0641025641025641,0.02,"11,12",11,12
70,6,3.0,4.0,0.11538461538461539,0.11538461538461539,0.11538461538461539,0.02,13,13,13
70,7,4.0,4.0,0.11538461538461539,0.11538461538461539,0.11538461538461539,0.02,14,14,14
70,8,4.0,5.0,0.11538461538461539,0.11538461538461539,0.11538461538461539,0.02,15,15,15
70,9,4.0,5.0,0.14102564102564102,0.14102564102564102,0.14102564102564102,0.02,16,16,16
70,10,5.0,6.0,0.14102564102564102,0.14102564102564102,0.14102564102564102,0.02,17,17,17
70,11,6.0,7.0,0.15384615384615385,0.15384615384615385,0.15384615384615385,0.02,18,18,18
70,12,10.0,10.0,1.0,1.0,1.0,0.02,19,19,19
71,1,1.0,1.0,0.0,0.0,0.0,0.02,"1,2,3",1,3
71,2,1.0,1.0,0.027777777777777776,0.027777777777777776,0.027777777777777776,0.02,"4,5",4,5
71,3,2.0,2.0,0.03819444444444444,0.027777777777777776,0.041666666666666664,0.02,"6,7,8,9",6,9
71,4,2.0,3.0,0.06944444444444445,0.06944444444444445,0.06944444444444445,0.02,10,10,10
71,5,3.0,3.0,0.06944444444444445,0.06944444444444445,0.06944444444444445,0.02,"11,12",11,12
71,6,3.0,4.0,0.1111111111111111,0.1111111111111111,0.1111111111111111,0.02,13,13,13
71,7,4.0,4.0,0.1111111111111111,0.1111111111111111,0.1111111111111111,0.02,14,14,14
71,8,4.0,5.0,0.125,0.125,0.125,0.02,15,15,15
71,9,5.0,6.0,0.16666666666666666,0.16666666666666666,0.16666666666666666,0.02,16,16,16
71,10,5.0,6.25,0.18055555555555555,0.18055555555555555,0.18055555555555555,0.02,17,17,17
71,11,6.0,7.0,0.19444444444444445,0.19444444444444445,0.19444444444444445,0.02,18,18,18
71,12,10.0,10.0,1.0,1.0,1.0,0.02,19,19,19
72,1,1.0,1.0,0.0058823529411764705,0.0,0.014705882352941176,0.02,"1,2,3,4,5",1,5
72,2,2.0,2.0,0.024509803921568627,0.014705882352941176,0.029411764705882353,0.02,"6,7,8",6,8
72,3,2.0,3.0,0.029411764705882353,0.029411764705882353,0.029411764705882353,0.02,9,9,9
72,4,2.0,3.0,0.058823529411764705,0.058823529411764705,0.058823529411764705,0.02,10,10,10
72,5,3.0,3.0,0.058823529411764705,0.058823529411764705,0.058823529411764705,0.02,11,11,11
72,6,3.0,4.0,0.058823529411764705,0.058823529411764705,0.058823529411764705,0.02,12,12,12
72,7,3.0,4.0,0.10294117647058823,0.10294117647058823,0.10294117647058823,0.02,13,13,13
72,8,4.0,5.0,0.11029411764705882,0.10294117647058823,0.11764705882352941,0.02,"14,15",14,15
72,9,5.0,6.0,0.1323529411764706,0.1323529411764706,0.1323529411764706,0.02,16,16,16
72,10,5.5,7.0,0.14705882352941177,0.14705882352941177,0.14705882352941177,0.02,17,17,17
72,11,6.0,8.0,0.17647058823529413,0.17647058823529413,0.17647058823529413,0.02,18,18,18
72,12,10.0,10.0,1.0,1.0,1.0,0.02,19,19,19
73,1,1.0,1.0,0.0,0.0,0.0,0.02,"1,2,3",1,3
73,2,1.0,1.0,0.029850746268656716,0.029850746268656716,0.029850746268656716,0.02,"4,5",4,5
73,3,2.0,2.0,0.03980099502487562,0.029850746268656716,0.04477611940298507,0.02,"6,7,8",6,8
73,4,2.0,2.5,0.04477611940298507,0.04477611940298507,0.04477611940298507,0.02,9,9,9
73,5,2.0,3.0,0.05970149253731343,0.05970149253731343,0.05970149253731343,0.02,10,10,10
73,6,3.0,3.0,0.05970149253731343,0.05970149253731343,0.05970149253731343,0.02,"11,12",11,12
73,7,3.0,4.0,0.08955223880597014,0.08955223880597014,0.08955223880597014,0.02,13,13,13
73,8,4.0,4.0,0.08955223880597014,0.08955223880597014,0.08955223880597014,0.02,14,14,14
73,9,4.0,5.0,0.08955223880597014,0.08955223880597014,0.08955223880597014,0.02,15,15,15
73,10,5.0,5.5,0.1044776119402985,0.1044776119402985,0.1044776119402985,0.02,16,16,16
73,11,5.0,6.0,0.11940298507462686,0.11940298507462686,0.11940298507462686,0.02,17,17,17
73,12,6.0,7.0,0.14925373134328357,0.14925373134328357,0.14925373134328357,0.02,18,18,18
73,13,10.0,10.0,1.0,1.0,1.0,0.02,19,19,19
74,1,1.0,1.0,0.003289473684210526,0.0,0.013157894736842105,0.02,"1,2,3,4",1,4
74,2,1.0,1.25,0.013157894736842105,0.013157894736842105,0.013157894736842105,0.02,5,5,5
74,3,2.0,2.0,0.013157894736842105,0.013157894736842105,0.013157894736842105,0.02,6,6,6
74,4,2.0,2.0,0.039473684210526314,0.039473684210526314,0.039473684210526314,0.02,"7,8",7,8
74,5,2.0,3.0,0.039473684210526314,0.039473684210526314,0.039473684210526314,0.02,9,9,9
74,6,2.5,3.0,0.06578947368421052,0.06578947368421052,0.06578947368421052,0.02,10,10,10
74,7,3.0,3.0,0.06578947368421052,0.06578947368421052,0.06578947368421052,0.02,11,11,11
74,8,3.0,4.0,0.06578947368421052,0.06578947368421052,0.06578947368421052,0.02,12,12,12
74,9,3.0,4.0,0.10526315789473684,0.10526315789473684,0.10526315789473684,0.02,13,13,13
74,10,4.0,4.25,0.10526315789473684,0.10526315789473684,0.10526315789473684,0.02,14,14,14
74,11,4.0,5.0,0.10526315789473684,0.10526315789473684,0.10526315789473684,0.02,15,15,15
74,12,5.0,5.25,0.11842105263157894,0.11842105263157894,0.11842105263157894,0.02,16,16,16
74,13,5.0,6.0,0.11842105263157894,0.11842105263157894,0.11842105263157894,0.02,17,17,17
74,14,6.0,7.0,0.13157894736842105,0.13157894736842105,0.13157894736842105,0.02,18,18,18
74,15,10.0,10.0,1.0,1.0,1.0,0.02,19,19,19
75,1,1.0,1.0,0.0,0.0,0.0,0.02,"1,2,3",1,3
75,2,1.0,1.0,0.029850746268656716,0.029850746268656716,0.029850746268656716,0.02,"4,5",4,5
75,3,1.0,2.0,0.029850746268656716,0.029850746268656716,0.029850746268656716,0.02,6,6,6
75,4,2.0,2.0,0.05970149253731343,0.05970149253731343,0.05970149253731343,0.02,"7,8,9",7,9
75,5,2.0,3.0,0.1044776119402985,0.1044776119402985,0.1044776119402985,0.02,10,10,10
75,6,3.0,3.0,0.1044776119402985,0.1044776119402985,0.1044776119402985,0.02,"11,12",11,12
75,7,3.0,4.0,0.13432835820895522,0.13432835820895522,0.13432835820895522,0.02,"13,14",13,14
75,8,4.0,5.0,0.13432835820895522,0.13432835820895522,0.13432835820895522,0.02,15,15,15
75,9,5.0,6.0,0.14925373134328357,0.14925373134328357,0.14925373134328357,0.02,"16,17",16,17
75,10,6.0,7.0,0.16417910447761194,0.16417910447761194,0.16417910447761194,0.02,18,18,18
75,11,10.0,10.0,1.0,1.0,1.0,0.02,19,19,19
76,1,1.0,1.0,0.0,0.0,0.0,0.02,"1,2,3",1,3
76,2,1.0,1.0,0.03636363636363636,0.03636363636363636,0.03636363636363636,0.02,4,4,4
76,3,1.0,1.5,0.03636363636363636,0.03636363636363636,0.03636363636363636,0.02,5,5,5
76,4,2.0,2.0,0.03636363636363636,0.03636363636363636,0.03636363636363636,0.02,6,6,6
76,5,2.0,2.0,0.07272727272727272,0.07272727272727272,0.07272727272727272,0.02,"7,8",7,8
76,6,2.0,3.0,0.07272727272727272,0.07272727272727272,0.07272727272727272,0.02,9,9,9
76,7,3.0,3.0,0.10909090909090909,0.10909090909090909,0.10909090909090909,0.02,"10,11",10,11
76,8,3.0,4.0,0.10909090909090909,0.10909090909090909,0.10909090909090909,0.02,12,12,12
76,9,4.0,4.0,0.12727272727272726,0.12727272727272726,0.12727272727272726,0.02,13,13,13
76,10,4.0,5.0,0.12727272727272726,0.12727272727272726,0.12727272727272726,0.02,14,14,14
76,11,5.0,5.0,0.12727272727272726,0.12727272727272726,0.12727272727272726,0.02,15,15,15
76,12,5.0,6.0,0.16363636363636364,0.16363636363636364,0.16363636363636364,0.02,16,16,16
76,13,6.0,7.0,0.18181818181818182,0.18181818181818182,0.18181818181818182,0.02,17,17,17
76,14,6.0,8.0,0.2,0.2,0.2,0.02,18,18,18
76,15,10.0,10.0,1.0,1.0,1.0,0.02,19,19,19
77,1,1.0,1.0,0.0,0.0,0.0,0.02,"1,2,3",1,3
77,2,1.0,1.0,0.03076923076923077,0.03076923076923077,0.03076923076923077,0.02,"4,5",4,5
77,3,2.0,2.0,0.03076923076923077,0.03076923076923077,0.03076923076923077,0.02,6,6,6
77,4,2.0,2.0,0.06153846153846154,0.06153846153846154,0.06153846153846154,0.02,"7,8",7,8
77,5,2.0,3.0,0.06153846153846154,0.06153846153846154,0.06153846153846154,0.02,9,9,9
77,6,3.0,3.0,0.1076923076923077,0.1076923076923077,0.1076923076923077,0.02,"10,11",10,11
77,7,3.0,4.0,0.1076923076923077,0.1076923076923077,0.1076923076923077,0.02,12,12,12
77,8,4.0,4.0,0.16923076923076924,0.16923076923076924,0.16923076923076924,0.02,13,13,13
77,9,4.0,5.0,0.17692307692307693,0.16923076923076924,0.18461538461538463,0.02,"14,15",14,15
77,10,5.0,6.0,0.2153846153846154,0.2153846153846154,0.2153846153846154,0.02,16,16,16
77,11,5.0,7.0,0.23076923076923078,0.23076923076923078,0.23076923076923078,0.02,17,17,17
77,12,6.0,10.0,0.26153846153846155,0.26153846153846155,0.26153846153846155,0.02,18,18,18
77,13,10.0,10.0,1.0,1.0,1.0,0.02,19,19,19
78,1,1.0,1.0,0.0058823529411764705,0.0,0.014705882352941176,0.02,"1,2,3,4,5",1,5
78,2,1.0,2.0,0.014705882352941176,0.014705882352941176,0.014705882352941176,0.02,6,6,6
78,3,2.0,2.0,0.029411764705882353,0.029411764705882353,0.029411764705882353,0.02,"7,8",7,8
78,4,2.0,3.0,0.029411764705882353,0.029411764705882353,0.029411764705882353,0.02,9,9,9
78,5,2.0,3.0,0.058823529411764705,0.058823529411764705,0.058823529411764705,0.02,10,10,10
78,6,3.0,3.0,0.058823529411764705,0.058823529411764705,0.058823529411764705,0.02,11,11,11
78,7,3.0,3.25,0.058823529411764705,0.058823529411764705,0.058823529411764705,0.02,12,12,12
78,8,3.0,4.0,0.10294117647058823,0.10294117647058823,0.10294117647058823,0.02,"13,14",13,14
78,9,4.0,5.0,0.10294117647058823,0.10294117647058823,0.10294117647058823,0.02,15,15,15
78,10,4.0,5.0,0.14705882352941177,0.14705882352941177,0.14705882352941177,0.02,16,16,16
78,11,5.0,6.0,0.14705882352941177,0.14705882352941177,0.14705882352941177,0.02,17,17,17
78,12,6.0,7.0,0.16176470588235295,0.16176470588235295,0.16176470588235295,0.02,18,18,18
78,13,10.0,10.0,1.0,1.0,1.0,0.02,19,19,19
79,1,1.0,1.0,0.00625,0.0,0.015625,0.02,"1,2,3,4,5",1,5
79,2,2.0,2.0,0.015625,0.015625,0.015625,0.02,6,6,6
79,3,2.0,2.0,0.046875,0.046875,0.046875,0.02,"7,8",7,8
79,4,2.0,3.0,0.0546875,0.046875,0.0625,0.02,"9,10",9,10
79,5,3.0,3.0,0.0625,0.0625,0.0625,0.02,"11,12",11,12
79,6,3.0,4.0,0.09375,0.09375,0.09375,0.02,13,13,13
79,7,4.0,4.0,0.09375,0.09375,0.09375,0.02,14,14,14
79,8,4.0,5.0,0.109375,0.109375,0.109375,0.02,15,15,15
79,9,5.0,6.0,0.140625,0.140625,0.140625,0.02,16,16,16
79,10,5.0,7.0,0.15625,0.15625,0.15625,0.02,17,17,17
79,11,6.0,8.0,0.1875,0.1875,0.1875,0.02,18,18,18
79,12,10.0,10.0,1.0,1.0,1.0,0.02,19,19,19
80,1,1.0,1.0,0.004098360655737705,0.0,0.01639344262295082,0.02,"1,2,3,4",1,4
80,2,1.0,2.0,0.01639344262295082,0.01639344262295082,0.01639344262295082,0.02,5,5,5
80,3,2.0,2.0,0.01639344262295082,0.01639344262295082,0.01639344262295082,0.02,6,6,6
80,4,2.0,2.0,0.04918032786885246,0.04918032786885246,0.04918032786885246,0.02,"7,8",7,8
80,5,2.0,3.0,0.04918032786885246,0.04918032786885246,0.04918032786885246,0.02,9,9,9
80,6,3.0,3.0,0.08196721311475409,0.08196721311475409,0.08196721311475409,0.02,10,10,10
80,7,3.0,4.0,0.08196721311475409,0.08196721311475409,0.08196721311475409,0.02,"11,12",11,12
80,8,4.0,4.0,0.13114754098360656,0.13114754098360656,0.13114754098360656,0.02,13,13,13
80,9,4.0,5.0,0.13114754098360656,0.13114754098360656,0.13114754098360656,0.02,14,14,14
80,10,5.0,6.0,0.14754098360655737,0.14754098360655737,0.14754098360655737,0.02,15,15,15
80,11,6.0,7.0,0.19672131147540983,0.19672131147540983,0.19672131147540983,0.02,16,16,16
80,12,6.0,8.0,0.22950819672131148,0.22950819672131148,0.22950819672131148,0.02,17,17,17
80,13,7.0,10.0,0.2786885245901639,0.2786885245901639,0.2786885245901639,0.02,18,18,18
80,14,10.0,10.0,1.0,1.0,1.0,0.02,19,19,19
81,1,1.0,1.0,0.0,0.0,0.0,0.02,"1,2,3",1,3
81,2,1.0,1.0,0.03333333333333333,0.03333333333333333,0.03333333333333333,0.02,"4,5",4,5
81,3,2.0,2.0,0.03333333333333333,0.03333333333333333,0.03333333333333333,0.02,6,6,6
81,4,2.0,2.0,0.06666666666666667,0.06666666666666667,0.06666666666666667,0.02,"7,8",7,8
81,5,2.0,3.0,0.06666666666666667,0.06666666666666667,0.06666666666666667,0.02,9,9,9
81,6,2.0,3.0,0.1,0.1,0.1,0.02,10,10,10
81,7,3.0,3.0,0.1,0.1,0.1,0.02,11,11,11
81,8,3.0,4.0,0.1,0.1,0.1,0.02,12,12,12
81,9,3.0,4.0,0.13333333333333333,0.13333333333333333,0.13333333333333333,0.02,13,13,13
81,10,4.0,5.0,0.13333333333333333,0.13333333333333333,0.13333333333333333,0.02,"14,15",14,15
81,11,5.0,6.0,0.16666666666666666,0.16666666666666666,0.16666666666666666,0.02,16,16,16
81,12,6.0,7.0,0.18333333333333332,0.18333333333333332,0.18333333333333332,0.02,17,17,17
81,13,6.0,8.0,0.2,0.2,0.2,0.02,18,18,18
81,14,10.0,10.0,1.0,1.0,1.0,0.02,19,19,19
82,1,1.0,1.0,0.003676470588235294,0.0,0.014705882352941176,0.02,"1,2,3,4",1,4
82,2,1.0,1.25,0.014705882352941176,0.014705882352941176,0.014705882352941176,0.02,5,5,5
82,3,2.0,2.0,0.014705882352941176,0.014705882352941176,0.014705882352941176,0.02,6,6,6
82,4,2.0,2.0,0.04411764705882353,0.04411764705882353,0.04411764705882353,0.02,"7,8",7,8
82,5,2.0,3.0,0.04411764705882353,0.04411764705882353,0.04411764705882353,0.02,9,9,9
82,6,3.0,3.0,0.058823529411764705,0.058823529411764705,0.058823529411764705,0.02,"10,11",10,11
82,7,3.0,4.0,0.058823529411764705,0.058823529411764705,0.058823529411764705,0.02,12,12,12
82,8,3.5,4.0,0.07352941176470588,0.07352941176470588,0.07352941176470588,0.02,13,13,13
82,9,4.0,5.0,0.07352941176470588,0.07352941176470588,0.07352941176470588,0.02,"14,15",14,15
82,10,5.0,6.0,0.08823529411764706,0.08823529411764706,0.08823529411764706,0.02,16,16,16
82,11,5.5,6.0,0.08823529411764706,0.08823529411764706,0.08823529411764706,0.02,17,17,17
82,12,6.0,7.0,0.10294117647058823,0.10294117647058823,0.10294117647058823,0.02,18,18,18
82,13,10.0,10.0,1.0,1.0,1.0,0.02,19,19,19
83,1,1.0,1.0,0.006060606060606061,0.0,0.015151515151515152,0.02,"1,2,3,4,5",1,5
83,2,1.0,2.0,0.015151515151515152,0.015151515151515152,0.015151515151515152,0.02,6,6,6
83,3,2.0,2.0,0.04545454545454545,0.045454545454545456,0.045454545454545456,0.02,"7,8,9",7,9
83,4,2.0,3.0,0.07575757575757576,0.07575757575757576,0.07575757575757576,0.02,10,10,10
83,5,3.0,3.0,0.07575757575757576,0.07575757575757576,0.07575757575757576,0.02,"11,12",11,12
83,6,3.0,4.0,0.12121212121212122,0.12121212121212122,0.12121212121212122,0.02,"13,14",13,14
83,7,4.0,5.0,0.12878787878787878,0.12121212121212122,0.13636363636363635,0.02,"15,16",15,16
83,8,5.0,6.0,0.14393939393939392,0.13636363636363635,0.15151515151515152,0.02,"17,18",17,18
83,9,10.0,10.0,1.0,1.0,1.0,0.02,19,19,19
84,1,1.0,1.0,0.0,0.0,0.0,0.02,"1,2,3",1,3
84,2,1.0,1.0,0.030303030303030304,0.030303030303030304,0.030303030303030304,0.02,"4,5",4,5
84,3,1.0,2.0,0.030303030303030304,0.030303030303030304,0.030303030303030304,0.02,6,6,6
84,4,2.0,2.0,0.06060606060606061,0.06060606060606061,0.06060606060606061,0.02,"7,8,9",7,9
84,5,2.0,3.0,0.09090909090909091,0.09090909090909091,0.09090909090909091,0.02,10,10,10
84,6,3.0,3.0,0.09090909090909091,0.09090909090909091,0.09090909090909091,0.02,"11,12",11,12
84,7,3.0,4.0,0.12121212121212122,0.12121212121212122,0.12121212121212122,0.02,"13,14",13,14
84,8,4.0,5.0,0.14393939393939392,0.13636363636363635,0.15151515151515152,0.02,"15,16",15,16
84,9,5.0,6.0,0.15151515151515152,0.15151515151515152,0.15151515151515152,0.02,17,17,17
84,10,5.5,7.0,0.18181818181818182,0.18181818181818182,0.18181818181818182,0.02,18,18,18
84,11,10.0,10.0,1.0,1.0,1.0,0.02,19,19,19
85,1,1.0,1.0,0.0,0.0,0.0,0.02,"1,2,3",1,3
85,2,1.0,1.0,0.028169014084507043,0.028169014084507043,0.028169014084507043,0.02,"4,5",4,5
85,3,2.0,2.0,0.028169014084507043,0.028169014084507043,0.028169014084507043,0.02,6,6,6
85,4,2.0,2.0,0.07042253521126761,0.07042253521126761,0.07042253521126761,0.02,"7,8",7,8
85,5,2.0,3.0,0.07042253521126761,0.07042253521126761,0.07042253521126761,0.02,9,9,9
85,6,2.0,3.0,0.11267605633802817,0.11267605633802817,0.11267605633802817,0.02,10,10,10
85,7,3.0,3.0,0.11267605633802817,0.11267605633802817,0.11267605633802817,0.02,11,11,11
85,8,3.0,4.0,0.11267605633802817,0.11267605633802817,0.11267605633802817,0.02,12,12,12
85,9,3.0,4.0,0.15492957746478872,0.15492957746478872,0.15492957746478872,0.02,13,13,13
85,10,4.0,5.0,0.15492957746478872,0.15492957746478872,0.15492957746478872,0.02,"14,15",14,15
85,11,5.0,6.0,0.18309859154929578,0.18309859154929578,0.18309859154929578,0.02,16,16,16
85,12,6.0,7.0,0.19718309859154928,0.19718309859154928,0.19718309859154928,0.02,17,17,17
85,13,6.0,8.0,0.2112676056338028,0.2112676056338028,0.2112676056338028,0.02,18,18,18
85,14,10.0,10.0,1.0,1.0,1.0,0.02,19,19,19
86,1,1.0,1.0,0.0,0.0,0.0,0.02,"1,2,3",1,3
86,2,1.0,1.0,0.03389830508474576,0.03389830508474576,0.03389830508474576,0.02,"4,5",4,5
86,3,2.0,2.0,0.03389830508474576,0.03389830508474576,0.03389830508474576,0.02,6,6,6
86,4,2.0,2.0,0.06779661016949153,0.06779661016949153,0.06779661016949153,0.02,"7,8",7,8
86,5,2.0,3.0,0.06779661016949153,0.06779661016949153,0.06779661016949153,0.02,9,9,9
86,6,3.0,3.0,0.11864406779661017,0.11864406779661017,0.11864406779661017,0.02,"10,11",10,11
86,7,3.0,3.5,0.11864406779661017,0.11864406779661017,0.11864406779661017,0.02,12,12,12
86,8,3.0,4.0,0.2033898305084746,0.2033898305084746,0.2033898305084746,0.02,13,13,13
86,9,4.0,5.0,0.2033898305084746,0.2033898305084746,0.2033898305084746,0.02,"14,15",14,15
86,10,5.0,8.5,0.2542372881355932,0.2542372881355932,0.2542372881355932,0.02,16,16,16
86,11,6.0,10.0,0.2796610169491526,0.2711864406779661,0.288135593220339,0.02,"17,18",17,18
86,12,10.0,10.0,1.0,1.0,1.0,0.02,19,19,19
87,1,1.0,1.0,0.006153846153846154,0.0,0.015384615384615385,0.02,"1,2,3,4,5",1,5
87,2,2.0,2.0,0.015384615384615385,0.015384615384615385,0.015384615384615385,0.02,6,6,6
87,3,2.0,2.0,0.046153846153846156,0.046153846153846156,0.046153846153846156,0.02,"7,8",7,8
87,4,2.0,3.0,0.046153846153846156,0.046153846153846156,0.046153846153846156,0.02,9,9,9
87,5,3.0,3.0,0.09230769230769231,0.09230769230769231,0.09230769230769231,0.02,"10,11",10,11
87,6,3.0,4.0,0.09230769230769231,0.09230769230769231,0.09230769230769231,0.02,12,12,12
87,7,4.0,4.0,0.13846153846153847,0.13846153846153847,0.13846153846153847,0.02,13,13,13
87,8,4.0,5.0,0.13846153846153847,0.13846153846153847,0.13846153846153847,0.02,14,14,14
87,9,4.0,6.0,0.15384615384615385,0.15384615384615385,0.15384615384615385,0.02,15,15,15
87,10,5.0,7.0,0.18461538461538463,0.18461538461538463,0.18461538461538463,0.02,16,16,16
87,11,6.0,8.0,0.2,0.2,0.2,0.02,17,17,17
87,12,6.0,9.0,0.23076923076923078,0.23076923076923078,0.23076923076923078,0.02,18,18,18
87,13,10.0,10.0,1.0,1.0,1.0,0.02,19,19,19
88,1,1.0,1.0,0.0,0.0,0.0,0.02,"1,2,3",1,3
88,2,1.0,1.0,0.02564102564102564,0.02564102564102564,0.02564102564102564,0.02,"4,5",4,5
88,3,2.0,2.0,0.02564102564102564,0.02564102564102564,0.02564102564102564,0.02,6,6,6
88,4,2.0,2.0,0.05128205128205129,0.05128205128205128,0.05128205128205128,0.02,"7,8,9",7,9
88,5,2.0,3.0,0.0641025641025641,0.0641025641025641,0.0641025641025641,0.02,10,10,10
88,6,3.0,3.0,0.0641025641025641,0.0641025641025641,0.0641025641025641,0.02,"11,12",11,12
88,7,3.0,4.0,0.08974358974358974,0.08974358974358974,0.08974358974358974,0.02,13,13,13
88,8,4.0,4.0,0.08974358974358974,0.08974358974358974,0.08974358974358974,0.02,14,14,14
88,9,4.0,5.0,0.08974358974358974,0.08974358974358974,0.08974358974358974,0.02,15,15,15
88,10,5.0,5.75,0.1282051282051282,0.1282051282051282,0.1282051282051282,0.02,16,16,16
88,11,5.0,6.0,0.14102564102564102,0.14102564102564102,0.14102564102564102,0.02,17,17,17
88,12,6.0,7.0,0.19230769230769232,0.19230769230769232,0.19230769230769232,0.02,18,18,18
88,13,10.0,10.0,1.0,1.0,1.0,0.02,19,19,19
89,1,1.0,1.0,0.005714285714285714,0.0,0.014285714285714285,0.02,"1,2,3,4,5",1,5
89,2,1.0,2.0,0.014285714285714285,0.014285714285714285,0.014285714285714285,0.02,6,6,6
89,3,2.0,2.0,0.02857142857142857,0.02857142857142857,0.02857142857142857,0.02,"7,8,9",7,9
89,4,2.0,3.0,0.04285714285714286,0.04285714285714286,0.04285714285714286,0.02,10,10,10
89,5,3.0,3.0,0.04285714285714286,0.04285714285714286,0.04285714285714286,0.02,"11,12",11,12
89,6,3.0,4.0,0.07142857142857142,0.07142857142857142,0.07142857142857142,0.02,"13,14",13,14
89,7,4.0,4.0,0.07142857142857142,0.07142857142857142,0.07142857142857142,0.02,15,15,15
89,8,4.0,5.0,0.08571428571428572,0.08571428571428572,0.08571428571428572,0.02,16,16,16
89,9,5.0,5.75,0.08571428571428572,0.08571428571428572,0.08571428571428572,0.02,17,17,17
89,10,5.0,6.0,0.1,0.1,0.1,0.02,18,18,18
89,11,10.0,10.0,1.0,1.0,1.0,0.02,19,19,19
90,1,1.0,1.0,0.005333333333333334,0.0,0.013333333333333334,0.02,"1,2,3,4,5",1,5
90,2,2.0,2.0,0.022222222222222223,0.013333333333333334,0.02666666666666667,0.02,"6,7,8",6,8
90,3,2.0,2.5,0.02666666666666667,0.02666666666666667,0.02666666666666667,0.02,9,9,9
90,4,3.0,3.0,0.05333333333333334,0.05333333333333334,0.05333333333333334,0.02,"10,11",10,11
90,5,3.0,4.0,0.05333333333333334,0.05333333333333334,0.05333333333333334,0.02,12,12,12
90,6,4.0,4.0,0.09333333333333334,0.09333333333333334,0.09333333333333334,0.02,13,13,13
90,7,4.0,5.0,0.09333333333333334,0.09333333333333334,0.09333333333333334,0.02,14,14,14
90,8,5.0,5.0,0.09333333333333334,0.09333333333333334,0.09333333333333334,0.02,15,15,15
90,9,5.0,6.0,0.13333333333333333,0.13333333333333333,0.13333333333333333,0.02,16,16,16
90,10,6.0,6.0,0.13333333333333333,0.13333333333333333,0.13333333333333333,0.02,17,17,17
90,11,6.0,7.0,0.17333333333333334,0.17333333333333334,0.17333333333333334,0.02,18,18,18
90,12,10.0,10.0,1.0,1.0,1.0,0.02,19,19,19
91,1,1.0,1.0,0.0,0.0,0.0,0.02,"1,2,3",1,3
91,2,1.0,1.0,0.029850746268656716,0.029850746268656716,0.029850746268656716,0.02,"4,5",4,5
91,3,2.0,2.0,0.029850746268656716,0.029850746268656716,0.029850746268656716,0.02,6,6,6
91,4,2.0,2.0,0.07462686567164178,0.07462686567164178,0.07462686567164178,0.02,"7,8",7,8
91,5,2.0,3.0,0.07462686567164178,0.07462686567164178,0.07462686567164178,0.02,9,9,9
91,6,2.0,3.0,0.11940298507462686,0.11940298507462686,0.11940298507462686,0.02,10,10,10
91,7,3.0,3.0,0.11940298507462686,0.11940298507462686,0.11940298507462686,0.02,11,11,11
91,8,3.0,4.0,0.11940298507462686,0.11940298507462686,0.11940298507462686,0.02,12,12,12
91,9,3.0,4.0,0.14925373134328357,0.14925373134328357,0.14925373134328357,0.02,"13,14",13,14
91,10,4.0,5.0,0.14925373134328357,0.14925373134328357,0.14925373134328357,0.02,15,15,15
91,11,4.0,5.0,0.1791044776119403,0.1791044776119403,0.1791044776119403,0.02,16,16,16
91,12,5.0,6.0,0.18656716417910446,0.1791044776119403,0.19402985074626866,0.02,"17,18",17,18
91,13,10.0,10.0,1.0,1.0,1.0,0.02,19,19,19
92,1,1.0,1.0,0.005479452054794521,0.0,0.0136986301369863,0.02,"1,2,3,4,5",1,5
92,2,2.0,2.0,0.0136986301369863,0.0136986301369863,0.0136986301369863,0.02,6,6,6
92,3,2.0,2.0,0.0410958904109589,0.0410958904109589,0.0410958904109589,0.02,"7,8,9",7,9
92,4,2.0,3.0,0.0684931506849315,0.0684931506849315,0.0684931506849315,0.02,10,10,10
92,5,3.0,3.0,0.0684931506849315,0.0684931506849315,0.0684931506849315,0.02,"11,12",11,12
92,6,3.0,4.0,0.0821917808219178,0.0821917808219178,0.0821917808219178,0.02,"13,14",13,14
92,7,4.0,5.0,0.0821917808219178,0.0821917808219178,0.0821917808219178,0.02,15,15,15
92,8,4.0,5.0,0.1232876712328767,0.1232876712328767,0.1232876712328767,0.02,16,16,16
92,9,5.0,6.0,0.1232876712328767,0.1232876712328767,0.1232876712328767,0.02,17,17,17
92,10,6.0,7.0,0.1643835616438356,0.1643835616438356,0.1643835616438356,0.02,18,18,18
92,11,10.0,10.0,1.0,1.0,1.0,0.02,19,19,19
93,1,1.0,1.0,0.0,0.0,0.0,0.02,"1,2,3",1,3
93,2,1.0,1.0,0.02564102564102564,0.02564102564102564,0.02564102564102564,0.02,"4,5",4,5
93,3,2.0,2.0,0.02564102564102564,0.02564102564102564,0.02564102564102564,0.02,6,6,6
93,4,2.0,2.0,0.0641025641025641,0.0641025641025641,0.0641025641025641,0.02,"7,8,9",7,9
93,5,2.0,3.0,0.08974358974358974,0.08974358974358974,0.08974358974358974,0.02,10,10,10
93,6,3.0,3.0,0.08974358974358974,0.08974358974358974,0.08974358974358974,0.02,11,11,11
93,7,3.0,3.75,0.08974358974358974,0.08974358974358974,0.08974358974358974,0.02,12,12,12
93,8,3.0,4.0,0.14102564102564102,0.14102564102564102,0.14102564102564102,0.02,13,13,13
93,9,4.0,4.0,0.14102564102564102,0.14102564102564102,0.14102564102564102,0.02,14,14,14
93,10,4.0,5.0,0.15384615384615385,0.15384615384615385,0.15384615384615385,0.02,15,15,15
93,11,5.0,6.0,0.20512820512820512,0.20512820512820512,0.20512820512820512,0.02,16,16,16
93,12,5.0,7.0,0.23076923076923078,0.23076923076923078,0.23076923076923078,0.02,17,17,17
93,13,6.0,10.0,0.2692307692307692,0.2692307692307692,0.2692307692307692,0.02,18,18,18
93,14,10.0,10.0,1.0,1.0,1.0,0.02,19,19,19
94,1,1.0,1.0,0.00625,0.0,0.015625,0.02,"1,2,3,4,5",1,5
94,2,2.0,2.0,0.026041666666666668,0.015625,0.03125,0.02,"6,7,8",6,8
94,3,2.0,3.0,0.03125,0.03125,0.03125,0.02,9,9,9
94,4,3.0,3.0,0.0625,0.0625,0.0625,0.02,"10,11",10,11
94,5,3.0,4.0,0.0625,0.0625,0.0625,0.02,12,12,12
94,6,4.0,4.0,0.109375,0.109375,0.109375,0.02,13,13,13
94,7,4.0,5.0,0.109375,0.109375,0.109375,0.02,14,14,14
94,8,5.0,5.0,0.109375,0.109375,0.109375,0.02,15,15,15
94,9,5.0,6.0,0.15625,0.15625,0.15625,0.02,16,16,16
94,10,6.0,7.0,0.171875,0.171875,0.171875,0.02,17,17,17
94,11,7.0,9.0,0.234375,0.234375,0.234375,0.02,18,18,18
94,12,10.0,10.0,1.0,1.0,1.0,0.02,19,19,19
95,1,1.0,1.0,0.0,0.0,0.0,0.02,"1,2,3",1,3
95,2,1.0,1.0,0.03076923076923077,0.03076923076923077,0.03076923076923077,0.02,4,4,4
95,3,1.0,2.0,0.03076923076923077,0.03076923076923077,0.03076923076923077,0.02,5,5,5
95,4,2.0,2.0,0.03076923076923077,0.03076923076923077,0.03076923076923077,0.02,6,6,6
95,5,2.0,2.0,0.07692307692307693,0.07692307692307693,0.07692307692307693,0.02,"7,8",7,8
95,6,2.0,3.0,0.07692307692307693,0.07692307692307693,0.07692307692307693,0.02,9,9,9
95,7,3.0,3.0,0.1076923076923077,0.1076923076923077,0.1076923076923077,0.02,"10,11",10,11
95,8,3.0,4.0,0.1076923076923077,0.1076923076923077,0.1076923076923077,0.02,12,12,12
95,9,4.0,4.0,0.16923076923076924,0.16923076923076924,0.16923076923076924,0.02,13,13,13
95,10,4.0,5.0,0.16923076923076924,0.16923076923076924,0.16923076923076924,0.02,14,14,14
95,11,5.0,6.0,0.18461538461538463,0.18461538461538463,0.18461538461538463,0.02,15,15,15
95,12,5.0,7.0,0.23076923076923078,0.23076923076923078,0.23076923076923078,0.02,16,16,16
95,13,6.0,10.0,0.27692307692307694,0.27692307692307694,0.27692307692307694,0.02,17,17,17
95,14,7.0,10.0,0.3384615384615385,0.3384615384615385,0.3384615384615385,0.02,18,18,18
95,15,10.0,10.0,1.0,1.0,1.0,0.02,19,19,19
96,1,1.0,1.0,0.0,0.0,0.0,0.02,"1,2,3",1,3
96,2,1.0,1.0,0.022222222222222223,0.022222222222222223,0.022222222222222223,0.02,4,4,4
96,3,1.0,2.0,0.022222222222222223,0.022222222222222223,0.022222222222222223,0.02,5,5,5
96,4,2.0,2.0,0.022222222222222223,0.022222222222222223,0.022222222222222223,0.02,6,6,6
96,5,2.0,2.0,0.06666666666666667,0.06666666666666667,0.06666666666666667,0.02,"7,8",7,8
96,6,2.0,3.0,0.06666666666666667,0.06666666666666667,0.06666666666666667,0.02,9,9,9
96,7,3.0,3.0,0.1111111111111111,0.1111111111111111,0.1111111111111111,0.02,"10,11",10,11
96,8,3.0,4.0,0.1111111111111111,0.1111111111111111,0.1111111111111111,0.02,12,12,12
96,9,4.0,4.0,0.15555555555555556,0.15555555555555556,0.15555555555555556,0.02,13,13,13
96,10,4.0,5.0,0.15555555555555556,0.15555555555555556,0.15555555555555556,0.02,14,14,14
96,11,5.0,5.0,0.15555555555555556,0.15555555555555556,0.15555555555555556,0.02,15,15,15
96,12,5.0,7.0,0.2,0.2,0.2,0.02,16,16,16
96,13,6.0,8.0,0.2222222222222222,0.2222222222222222,0.2222222222222222,0.02,17,17,17
96,14,7.0,10.0,0.26666666666666666,0.26666666666666666,0.26666666666666666,0.02,18,18,18
96,15,10.0,10.0,1.0,1.0,1.0,0.02,19,19,19
97,1,1.0,1.0,0.00625,0.0,0.015625,0.02,"1,2,3,4,5",1,5
97,2,1.0,2.0,0.015625,0.015625,0.015625,0.02,6,6,6
97,3,2.0,2.0,0.03125,0.03125,0.03125,0.02,"7,8,9",7,9
97,4,2.0,3.0,0.0625,0.0625,0.0625,0.02,"10,11",10,11
97,5,3.0,3.0,0.0625,0.0625,0.0625,0.02,12,12,12
97,6,3.0,4.0,0.078125,0.078125,0.078125,0.02,"13,14",13,14
97,7,3.5,4.0,0.078125,0.078125,0.078125,0.02,15,15,15
97,8,4.0,4.0,0.09375,0.09375,0.09375,0.02,16,16,16
97,9,4.0,5.0,0.09375,0.09375,0.09375,0.02,17,17,17
97,10,5.0,5.25,0.09375,0.09375,0.09375,0.02,18,18,18
97,11,10.0,10.0,1.0,1.0,1.0,0.02,19,19,19
98,1,1.0,1.0,0.0,0.0,0.0,0.02,"1,2,3",1,3
98,2,1.0,1.0,0.03225806451612903,0.03225806451612903,0.03225806451612903,0.02,"4,5",4,5
98,3,2.0,2.0,0.03225806451612903,0.03225806451612903,0.03225806451612903,0.02,6,6,6
98,4,2.0,2.0,0.06451612903225806,0.06451612903225806,0.06451612903225806,0.02,"7,8",7,8
98,5,2.0,3.0,0.06451612903225806,0.06451612903225806,0.06451612903225806,0.02,9,9,9
98,6,3.0,3.0,0.12903225806451613,0.12903225806451613,0.12903225806451613,0.02,"10,11",10,11
98,7,3.0,3.75,0.12903225806451613,0.12903225806451613,0.12903225806451613,0.02,12,12,12
98,8,3.5,4.0,0.16129032258064516,0.16129032258064516,0.16129032258064516,0.02,13,13,13
98,9,4.0,5.0,0.16129032258064516,0.16129032258064516,0.16129032258064516,0.02,14,14,14
98,10,4.0,5.0,0.1935483870967742,0.1935483870967742,0.1935483870967742,0.02,15,15,15
98,11,5.0,6.0,0.22580645161290322,0.22580645161290322,0.22580645161290322,0.02,16,16,16
98,12,6.0,9.25,0.25806451612903225,0.25806451612903225,0.25806451612903225,0.02,17,17,17
98,13,7.0,10.0,0.3064516129032258,0.3064516129032258,0.3064516129032258,0.02,18,18,18
98,14,10.0,10.0,1.0,1.0,1.0,0.02,19,19,19
99,1,1.0,1.0,0.0,0.0,0.0,0.02,"1,2,3",1,3
99,2,1.0,1.0,0.02631578947368421,0.02631578947368421,0.02631578947368421,0.02,4,4,4
99,3,1.0,2.0,0.02631578947368421,0.02631578947368421,0.02631578947368421,0.02,5,5,5
99,4,2.0,2.0,0.02631578947368421,0.02631578947368421,0.02631578947368421,0.02,6,6,6
99,5,2.0,2.0,0.06578947368421052,0.06578947368421052,0.06578947368421052,0.02,"7,8",7,8
99,6,2.0,3.0,0.06578947368421052,0.06578947368421052,0.06578947368421052,0.02,9,9,9
99,7,3.0,3.0,0.09210526315789473,0.09210526315789473,0.09210526315789473,0.02,"10,11",10,11
99,8,3.0,4.0,0.09210526315789473,0.09210526315789473,0.09210526315789473,0.02,12,12,12
99,9,4.0,4.0,0.11842105263157894,0.11842105263157894,0.11842105263157894,0.02,13,13,13
99,10,4.0,5.0,0.11842105263157894,0.11842105263157894,0.11842105263157894,0.02,14,14,14
99,11,5.0,5.0,0.11842105263157894,0.11842105263157894,0.11842105263157894,0.02,15,15,15
99,12,5.0,6.0,0.14473684210526316,0.14473684210526316,0.14473684210526316,0.02,16,16,16
99,13,6.0,7.0,0.15789473684210525,0.15789473684210525,0.15789473684210525,0.02,17,17,17
99,14,6.0,8.0,0.19736842105263158,0.19736842105263158,0.19736842105263158,0.02,18,18,18
99,15,10.0,10.0,1.0,1.0,1.0,0.02,19,19,19
