model,decision,threshold,actual_update_q1,actual_update_median,actual_update_mean,actual_update_q3,interval_trigger_fraction,fallback_fraction
10,1,3,1.0,1.0,1.0,1.0,1.0,0.0
10,2,5,1.0,1.0,1.3857142857142857,1.0,0.9714285714285714,0.02857142857142857
10,3,9,2.0,2.0,2.642857142857143,2.0,0.9428571428571428,0.05714285714285714
10,4,10,2.0,2.0,3.1,3.0,0.9,0.1
10,5,12,3.0,3.0,3.6142857142857143,3.0,0.9,0.1
10,6,14,3.0,4.0,4.4714285714285715,4.0,0.8571428571428571,0.14285714285714285
10,7,15,3.0,4.0,4.8,5.0,0.8428571428571429,0.15714285714285714
10,8,16,4.0,4.5,5.357142857142857,6.0,0.8142857142857143,0.18571428571428572
10,9,18,5.0,6.0,6.5,10.0,0.7285714285714285,0.2714285714285714
10,10,19,10.0,10.0,10.0,10.0,0.0,1.0
11,1,3,1.0,1.0,1.0,1.0,1.0,0.0
11,2,5,1.0,1.0,1.375,1.0,0.9791666666666666,0.020833333333333332
11,3,8,2.0,2.0,2.4375,2.0,0.9583333333333334,0.041666666666666664
11,4,9,2.0,2.0,2.5833333333333335,3.0,0.9583333333333334,0.041666666666666664
11,5,12,3.0,3.0,3.4583333333333335,3.0,0.9375,0.0625
11,6,13,3.0,3.0,3.9583333333333335,4.0,0.9166666666666666,0.08333333333333333
11,7,15,3.0,4.0,4.604166666666667,5.0,0.8958333333333334,0.10416666666666667
11,8,16,4.0,4.5,5.25,5.0,0.8541666666666666,0.14583333333333334
11,9,18,5.0,6.0,6.458333333333333,7.0,0.7916666666666666,0.20833333333333334
11,10,19,10.0,10.0,10.0,10.0,0.0,1.0
12,1,3,1.0,1.0,1.0,1.0,1.0,0.0
12,2,9,2.0,2.0,2.36,2.0,0.9733333333333334,0.02666666666666667
12,3,10,2.0,2.0,2.68,3.0,0.96,0.04
12,4,12,3.0,3.0,3.3066666666666666,3.0,0.96,0.04
12,5,13,3.0,3.0,3.6933333333333334,4.0,0.9466666666666667,0.05333333333333334
12,6,15,4.0,4.0,4.426666666666667,5.0,0.9466666666666667,0.05333333333333334
12,7,16,4.0,5.0,5.133333333333334,5.0,0.9066666666666666,0.09333333333333334
12,8,17,5.0,5.0,5.8133333333333335,6.0,0.8933333333333333,0.10666666666666667
12,9,18,5.0,6.0,6.533333333333333,7.0,0.8533333333333334,0.14666666666666667
12,10,19,10.0,10.0,10.0,10.0,0.0,1.0
13,1,3,1.0,1.0,1.0,1.0,1.0,0.0
13,2,6,1.0,1.5,1.6111111111111112,2.0,0.9861111111111112,0.013888888888888888
13,3,9,2.0,2.0,2.5,2.0,0.9583333333333334,0.041666666666666664
13,4,12,3.0,3.0,3.5555555555555554,3.0,0.9305555555555556,0.06944444444444445
13,5,13,3.0,3.0,4.111111111111111,4.0,0.8888888888888888,0.1111111111111111
13,6,14,3.0,4.0,4.5,4.0,0.8888888888888888,0.1111111111111111
13,7,15,4.0,4.0,4.902777777777778,5.0,0.875,0.125
13,8,17,5.0,6.0,6.208333333333333,7.0,0.8194444444444444,0.18055555555555555
13,9,18,5.0,6.0,6.833333333333333,8.0,0.7916666666666666,0.20833333333333334
13,10,19,10.0,10.0,10.0,10.0,0.0,1.0
14,1,3,1.0,1.0,1.0,1.0,1.0,0.0
14,2,5,1.0,1.0,1.445945945945946,1.0,0.972972972972973,0.02702702702702703
14,3,8,2.0,2.0,2.391891891891892,2.0,0.9594594594594594,0.04054054054054054
14,4,12,3.0,3.0,3.5135135135135136,3.0,0.9324324324324325,0.06756756756756757
14,5,13,3.0,3.0,4.04054054054054,4.0,0.9054054054054054,0.0945945945945946
14,6,14,4.0,4.0,4.472972972972973,4.0,0.9054054054054054,0.0945945945945946
14,7,15,4.0,4.0,4.986486486486487,5.0,0.8918918918918919,0.10810810810810811
14,8,17,5.0,6.0,6.22972972972973,7.0,0.8648648648648649,0.13513513513513514
14,9,18,6.0,7.0,6.9324324324324325,7.0,0.8243243243243243,0.17567567567567569
14,10,19,10.0,10.0,10.0,10.0,0.0,1.0
15,1,3,1.0,1.0,1.0,1.0,1.0,0.0
15,2,5,1.0,1.0,1.4285714285714286,1.0,0.9682539682539683,0.031746031746031744
15,3,8,2.0,2.0,2.5873015873015874,2.0,0.9365079365079365,0.06349206349206349
15,4,9,2.0,2.0,2.7142857142857144,3.0,0.9365079365079365,0.06349206349206349
15,5,11,3.0,3.0,3.7142857142857144,3.0,0.8888888888888888,0.1111111111111111
15,6,12,3.0,3.0,3.9365079365079363,4.0,0.8888888888888888,0.1111111111111111
15,7,15,4.0,4.0,5.412698412698413,5.0,0.8253968253968254,0.1746031746031746
15,8,16,5.0,5.0,6.285714285714286,7.0,0.7619047619047619,0.23809523809523808
15,9,18,6.0,7.0,7.666666666666667,10.0,0.6666666666666666,0.3333333333333333
15,10,19,10.0,10.0,10.0,10.0,0.0,1.0
16,1,3,1.0,1.0,1.0,1.0,1.0,0.0
16,2,5,1.0,1.0,1.3866666666666667,1.0,0.9733333333333334,0.02666666666666667
16,3,8,2.0,2.0,2.493333333333333,2.0,0.9466666666666667,0.05333333333333334
16,4,9,2.0,2.0,2.64,3.0,0.9466666666666667,0.05333333333333334
16,5,10,2.0,2.0,2.933333333333333,3.0,0.92,0.08
16,6,14,3.0,3.0,4.16,4.0,0.8933333333333333,0.10666666666666667
16,7,15,3.0,4.0,4.466666666666667,5.0,0.8933333333333333,0.10666666666666667
16,8,16,4.0,5.0,5.08,5.0,0.8666666666666667,0.13333333333333333
16,9,18,5.0,6.0,6.1466666666666665,7.0,0.8266666666666667,0.17333333333333334
16,10,19,10.0,10.0,10.0,10.0,0.0,1.0
17,1,3,1.0,1.0,1.0,1.0,1.0,0.0
17,2,5,1.0,1.0,1.4411764705882353,1.0,0.9705882352941176,0.029411764705882353
17,3,8,2.0,2.0,2.6029411764705883,2.0,0.9411764705882353,0.058823529411764705
17,4,9,2.0,2.0,2.7058823529411766,3.0,0.9411764705882353,0.058823529411764705
17,5,11,2.0,3.0,3.3088235294117645,3.0,0.9117647058823529,0.08823529411764706
17,6,12,2.0,3.0,3.5441176470588234,4.0,0.9117647058823529,0.08823529411764706
17,7,15,3.0,4.0,4.602941176470588,5.0,0.8823529411764706,0.11764705882352941
17,8,16,4.0,4.0,5.147058823529412,5.0,0.8382352941176471,0.16176470588235295
17,9,18,4.0,5.0,6.073529411764706,7.0,0.8088235294117647,0.19117647058823528
17,10,19,10.0,10.0,10.0,10.0,0.0,1.0
18,1,3,1.0,1.0,1.0,1.0,1.0,0.0
18,2,6,1.0,1.0,1.5753424657534247,2.0,0.9863013698630136,0.0136986301369863
18,3,9,2.0,2.0,2.493150684931507,2.0,0.958904109589041,0.0410958904109589
18,4,10,2.0,2.0,2.863013698630137,3.0,0.9315068493150684,0.0684931506849315
18,5,12,3.0,3.0,3.410958904109589,3.0,0.9315068493150684,0.0684931506849315
18,6,15,3.0,4.0,4.52054794520548,5.0,0.8904109589041096,0.1095890410958904
18,7,16,4.0,4.0,5.095890410958904,5.0,0.8493150684931506,0.1506849315068493
18,8,17,4.0,5.0,5.493150684931507,6.0,0.8493150684931506,0.1506849315068493
18,9,18,5.0,6.0,6.136986301369863,7.0,0.821917808219178,0.1780821917808219
18,10,19,10.0,10.0,10.0,10.0,0.0,1.0
19,1,3,1.0,1.0,1.0,1.0,1.0,0.0
19,2,5,1.0,1.0,1.462686567164179,1.0,0.9701492537313433,0.029850746268656716
19,3,6,1.0,2.0,1.8507462686567164,2.0,0.9701492537313433,0.029850746268656716
19,4,9,2.0,2.0,2.746268656716418,3.0,0.9402985074626866,0.05970149253731343
19,5,11,2.0,3.0,3.4776119402985075,3.0,0.9104477611940298,0.08955223880597014
19,6,12,3.0,3.0,3.7611940298507465,4.0,0.9104477611940298,0.08955223880597014
19,7,13,3.0,4.0,4.2835820895522385,4.0,0.8805970149253731,0.11940298507462686
19,8,17,4.0,5.0,5.925373134328358,6.0,0.835820895522388,0.16417910447761194
19,9,18,5.0,6.0,6.522388059701493,7.0,0.8059701492537313,0.19402985074626866
19,10,19,10.0,10.0,10.0,10.0,0.0,1.0
20,1,3,1.0,1.0,1.0,1.0,1.0,0.0
20,2,5,1.0,1.0,1.3877551020408163,1.0,0.9795918367346939,0.02040816326530612
20,3,8,2.0,2.0,2.3877551020408165,2.0,0.9591836734693877,0.04081632653061224
20,4,9,2.0,2.0,2.5714285714285716,3.0,0.9591836734693877,0.04081632653061224
20,5,12,3.0,3.0,3.4489795918367347,3.0,0.9387755102040817,0.061224489795918366
20,6,14,3.0,4.0,4.387755102040816,4.0,0.9183673469387755,0.08163265306122448
20,7,15,4.0,4.0,4.877551020408164,5.0,0.8979591836734694,0.10204081632653061
20,8,16,4.0,5.0,5.571428571428571,6.0,0.8571428571428571,0.14285714285714285
20,9,18,5.0,7.0,6.836734693877551,8.0,0.8163265306122449,0.1836734693877551
20,10,19,10.0,10.0,10.0,10.0,0.0,1.0
21,1,3,1.0,1.0,1.0,1.0,1.0,0.0
21,2,5,1.0,1.0,1.4305555555555556,1.0,0.9722222222222222,0.027777777777777776
21,3,9,2.0,2.0,2.625,2.0,0.9444444444444444,0.05555555555555555
21,4,10,2.0,2.0,3.125,3.0,0.9027777777777778,0.09722222222222222
21,5,12,3.0,3.0,3.7083333333333335,4.0,0.9027777777777778,0.09722222222222222
21,6,13,3.0,3.0,4.180555555555555,4.0,0.875,0.125
21,7,15,4.0,5.0,5.027777777777778,5.0,0.875,0.125
21,8,16,4.0,5.0,5.861111111111111,6.0,0.8194444444444444,0.18055555555555555
21,9,18,6.0,7.0,7.361111111111111,10.0,0.7222222222222222,0.2777777777777778
21,10,19,10.0,10.0,10.0,10.0,0.0,1.0
22,1,3,1.0,1.0,1.0,1.0,1.0,0.0
22,2,5,1.0,1.0,1.4057971014492754,2.0,0.9855072463768116,0.014492753623188406
22,3,8,2.0,2.0,2.4782608695652173,2.0,0.9565217391304348,0.043478260869565216
22,4,9,2.0,2.0,2.6956521739130435,3.0,0.9565217391304348,0.043478260869565216
22,5,12,3.0,3.0,3.710144927536232,4.0,0.927536231884058,0.07246376811594203
22,6,13,3.0,4.0,4.463768115942029,4.0,0.8695652173913043,0.13043478260869565
22,7,15,4.0,5.0,5.449275362318841,6.0,0.855072463768116,0.14492753623188406
22,8,16,5.0,6.0,6.188405797101449,7.0,0.8115942028985508,0.18840579710144928
22,9,18,6.0,7.0,7.594202898550725,10.0,0.7246376811594203,0.2753623188405797
22,10,19,10.0,10.0,10.0,10.0,0.0,1.0
23,1,3,1.0,1.0,1.0,1.0,1.0,0.0
23,2,5,1.0,1.0,1.4794520547945205,2.0,0.9726027397260274,0.0273972602739726
23,3,6,1.0,2.0,1.7534246575342465,2.0,0.9726027397260274,0.0273972602739726
23,4,9,2.0,2.0,2.684931506849315,3.0,0.9452054794520548,0.0547945205479452
23,5,10,2.0,2.0,3.095890410958904,3.0,0.9178082191780822,0.0821917808219178
23,6,12,3.0,3.0,3.6164383561643834,4.0,0.9178082191780822,0.0821917808219178
23,7,13,3.0,3.0,4.260273972602739,4.0,0.8767123287671232,0.1232876712328767
23,8,16,4.0,5.0,5.63013698630137,6.0,0.8082191780821918,0.1917808219178082
23,9,17,4.0,5.0,6.123287671232877,7.0,0.8082191780821918,0.1917808219178082
23,10,19,10.0,10.0,10.0,10.0,0.0,1.0
24,1,3,1.0,1.0,1.0,1.0,1.0,0.0
24,2,6,1.0,2.0,1.7341772151898733,2.0,0.9746835443037974,0.02531645569620253
24,3,8,2.0,2.0,2.6202531645569622,2.0,0.9367088607594937,0.06329113924050633
24,4,10,2.0,2.0,3.2025316455696204,3.0,0.8987341772151899,0.10126582278481013
24,5,11,2.0,3.0,3.430379746835443,3.0,0.8987341772151899,0.10126582278481013
24,6,13,3.0,3.0,4.2405063291139244,4.0,0.8734177215189873,0.12658227848101267
24,7,14,3.0,4.0,4.443037974683544,4.0,0.8734177215189873,0.12658227848101267
24,8,16,4.0,5.0,5.30379746835443,5.0,0.8481012658227848,0.1518987341772152
24,9,17,4.0,5.0,5.670886075949367,6.0,0.8481012658227848,0.1518987341772152
24,10,19,10.0,10.0,10.0,10.0,0.0,1.0
25,1,3,1.0,1.0,1.0,1.0,1.0,0.0
25,2,5,1.0,1.0,1.3472222222222223,1.0,0.9722222222222222,0.027777777777777776
25,3,6,1.0,1.0,1.6944444444444444,2.0,0.9722222222222222,0.027777777777777776
25,4,10,2.0,2.0,2.9305555555555554,3.0,0.9166666666666666,0.08333333333333333
25,5,12,3.0,3.0,3.5277777777777777,3.0,0.9166666666666666,0.08333333333333333
25,6,14,3.0,3.0,4.263888888888889,4.0,0.8888888888888888,0.1111111111111111
25,7,15,3.0,4.0,4.625,5.0,0.8888888888888888,0.1111111111111111
25,8,17,4.0,5.0,5.430555555555555,6.0,0.8611111111111112,0.1388888888888889
25,9,18,5.0,5.0,6.097222222222222,7.0,0.8333333333333334,0.16666666666666666
25,10,19,10.0,10.0,10.0,10.0,0.0,1.0
26,1,3,1.0,1.0,1.0,1.0,1.0,0.0
26,2,5,1.0,1.0,1.4426229508196722,1.0,0.9672131147540983,0.03278688524590164
26,3,9,2.0,2.0,2.5245901639344264,2.0,0.9508196721311475,0.04918032786885246
26,4,10,2.0,2.0,2.819672131147541,3.0,0.9344262295081968,0.06557377049180328
26,5,12,3.0,3.0,3.5081967213114753,3.0,0.9344262295081968,0.06557377049180328
26,6,14,3.0,4.0,4.245901639344262,4.0,0.9016393442622951,0.09836065573770492
26,7,15,4.0,4.0,4.622950819672131,5.0,0.9016393442622951,0.09836065573770492
26,8,16,4.0,5.0,5.295081967213115,5.0,0.8524590163934426,0.14754098360655737
26,9,18,5.0,6.0,6.459016393442623,7.0,0.819672131147541,0.18032786885245902
26,10,19,10.0,10.0,10.0,10.0,0.0,1.0
27,1,3,1.0,1.0,1.0,1.0,1.0,0.0
27,2,6,1.0,2.0,1.6538461538461537,2.0,0.9871794871794872,0.01282051282051282
27,3,9,2.0,2.0,2.5384615384615383,3.0,0.9615384615384616,0.038461538461538464
27,4,10,2.0,2.5,3.0641025641025643,3.0,0.9230769230769231,0.07692307692307693
27,5,11,2.0,3.0,3.3333333333333335,3.0,0.9230769230769231,0.07692307692307693
27,6,13,3.0,3.0,4.17948717948718,4.0,0.8846153846153846,0.11538461538461539
27,7,15,4.0,4.0,4.769230769230769,5.0,0.8846153846153846,0.11538461538461539
27,8,16,4.0,5.0,5.282051282051282,5.75,0.8461538461538461,0.15384615384615385
27,9,18,5.0,6.0,6.5,7.0,0.8076923076923077,0.19230769230769232
27,10,19,10.0,10.0,10.0,10.0,0.0,1.0
28,1,3,1.0,1.0,1.0,1.0,1.0,0.0
28,2,5,1.0,1.0,1.3823529411764706,1.0,0.9705882352941176,0.029411764705882353
28,3,6,1.0,1.0,1.6176470588235294,2.0,0.9705882352941176,0.029411764705882353
28,4,10,2.0,2.0,2.8088235294117645,3.0,0.9264705882352942,0.07352941176470588
28,5,12,3.0,3.0,3.338235294117647,3.0,0.9264705882352942,0.07352941176470588
28,6,14,3.0,3.0,4.117647058823529,4.0,0.8970588235294118,0.10294117647058823
28,7,15,3.0,4.0,4.397058823529412,5.0,0.8970588235294118,0.10294117647058823
28,8,17,4.0,5.0,5.338235294117647,6.0,0.8676470588235294,0.1323529411764706
28,9,18,5.0,5.0,5.911764705882353,6.0,0.8382352941176471,0.16176470588235295
28,10,19,10.0,10.0,10.0,10.0,0.0,1.0
29,1,3,1.0,1.0,1.0,1.0,1.0,0.0
29,2,5,1.0,1.0,1.5303030303030303,2.0,0.9696969696969697,0.030303030303030304
29,3,6,1.0,2.0,1.878787878787879,2.0,0.9696969696969697,0.030303030303030304
29,4,9,2.0,2.0,2.803030303030303,3.0,0.9393939393939394,0.06060606060606061
29,5,11,2.25,3.0,3.590909090909091,3.0,0.8939393939393939,0.10606060606060606
29,6,13,3.0,4.0,4.454545454545454,4.0,0.8484848484848485,0.15151515151515152
29,7,14,3.0,4.0,4.7272727272727275,5.0,0.8484848484848485,0.15151515151515152
29,8,16,4.0,5.0,5.863636363636363,6.75,0.7878787878787878,0.21212121212121213
29,9,17,5.0,6.0,6.378787878787879,7.75,0.7727272727272727,0.22727272727272727
29,10,19,10.0,10.0,10.0,10.0,0.0,1.0
30,1,3,1.0,1.0,1.0,1.0,1.0,0.0
30,2,6,1.0,2.0,1.7538461538461538,2.0,0.9846153846153847,0.015384615384615385
30,3,8,2.0,2.0,2.4615384615384617,2.0,0.9538461538461539,0.046153846153846156
30,4,11,3.0,3.0,3.4615384615384617,3.0,0.9076923076923077,0.09230769230769231
30,5,12,3.0,3.0,3.7384615384615385,4.0,0.9076923076923077,0.09230769230769231
30,6,13,3.0,3.0,4.3076923076923075,4.0,0.8615384615384616,0.13846153846153847
30,7,15,4.0,4.0,5.138461538461539,5.0,0.8461538461538461,0.15384615384615385
30,8,17,5.0,6.0,6.369230769230769,7.0,0.8,0.2
30,9,18,5.0,7.0,6.938461538461539,8.0,0.7846153846153846,0.2153846153846154
30,10,19,10.0,10.0,10.0,10.0,0.0,1.0
31,1,3,1.0,1.0,1.0,1.0,1.0,0.0
31,2,5,1.0,1.0,1.3768115942028984,1.0,0.9710144927536232,0.028985507246376812
31,3,6,1.0,1.0,1.6956521739130435,2.0,0.9710144927536232,0.028985507246376812
31,4,10,2.0,2.0,2.753623188405797,3.0,0.9420289855072463,0.057971014492753624
31,5,12,3.0,3.0,3.391304347826087,3.0,0.9420289855072463,0.057971014492753624
31,6,14,3.0,3.0,4.057971014492754,4.0,0.9130434782608695,0.08695652173913043
31,7,15,3.0,4.0,4.434782608695652,5.0,0.9130434782608695,0.08695652173913043
31,8,17,4.0,5.0,5.565217391304348,6.0,0.855072463768116,0.14492753623188406
31,9,18,5.0,6.0,6.27536231884058,7.0,0.8260869565217391,0.17391304347826086
31,10,19,10.0,10.0,10.0,10.0,0.0,1.0
32,1,3,1.0,1.0,1.0,1.0,1.0,0.0
32,2,5,1.0,1.0,1.4473684210526316,1.0,0.9736842105263158,0.02631578947368421
32,3,8,2.0,2.0,2.513157894736842,2.0,0.9473684210526315,0.05263157894736842
32,4,9,2.0,2.0,2.6184210526315788,2.25,0.9473684210526315,0.05263157894736842
32,5,12,3.0,3.0,3.6842105263157894,3.0,0.8947368421052632,0.10526315789473684
32,6,13,3.0,3.0,4.223684210526316,4.0,0.868421052631579,0.13157894736842105
32,7,15,4.0,4.0,4.868421052631579,5.0,0.868421052631579,0.13157894736842105
32,8,16,4.0,5.0,5.552631578947368,6.0,0.8289473684210527,0.17105263157894737
32,9,18,5.0,6.0,6.671052631578948,8.0,0.7763157894736842,0.2236842105263158
32,10,19,10.0,10.0,10.0,10.0,0.0,1.0
33,1,3,1.0,1.0,1.0,1.0,1.0,0.0
33,2,8,2.0,2.0,2.3,2.0,0.975,0.025
33,3,10,2.0,2.0,2.7625,3.0,0.9625,0.0375
33,4,12,3.0,3.0,3.275,3.0,0.9625,0.0375
33,5,13,3.0,3.0,3.8375,4.0,0.9375,0.0625
33,6,14,3.0,4.0,4.1125,4.0,0.9375,0.0625
33,7,15,3.0,4.0,4.4,5.0,0.9375,0.0625
33,8,16,4.0,4.5,4.975,5.0,0.9,0.1
33,9,18,5.0,5.0,5.9,6.0,0.8875,0.1125
33,10,19,10.0,10.0,10.0,10.0,0.0,1.0
34,1,3,1.0,1.0,1.0,1.0,1.0,0.0
34,2,6,1.0,1.0,1.5714285714285714,2.0,0.9857142857142858,0.014285714285714285
34,3,9,2.0,2.0,2.3714285714285714,2.0,0.9714285714285714,0.02857142857142857
34,4,12,3.0,3.0,3.4,3.0,0.9428571428571428,0.05714285714285714
34,5,13,3.0,3.0,3.8714285714285714,4.0,0.9142857142857143,0.08571428571428572
34,6,14,3.0,4.0,4.1571428571428575,4.0,0.9142857142857143,0.08571428571428572
34,7,15,4.0,4.0,4.571428571428571,5.0,0.9142857142857143,0.08571428571428572
34,8,17,5.0,5.0,5.757142857142857,6.0,0.8714285714285714,0.12857142857142856
34,9,18,5.0,6.0,6.442857142857143,7.0,0.8428571428571429,0.15714285714285714
34,10,19,10.0,10.0,10.0,10.0,0.0,1.0
35,1,3,1.0,1.0,1.0,1.0,1.0,0.0
35,2,5,1.0,1.0,1.5135135135135136,2.0,0.972972972972973,0.02702702702702703
35,3,6,1.0,2.0,1.8918918918918919,2.0,0.972972972972973,0.02702702702702703
35,4,9,2.0,2.0,2.824324324324324,3.0,0.9324324324324325,0.06756756756756757
35,5,11,3.0,3.0,3.7027027027027026,3.0,0.8918918918918919,0.10810810810810811
35,6,13,3.0,4.0,4.5,4.0,0.8648648648648649,0.13513513513513514
35,7,14,4.0,4.0,4.945945945945946,5.0,0.8648648648648649,0.13513513513513514
35,8,16,5.0,5.5,6.3108108108108105,7.0,0.7837837837837838,0.21621621621621623
35,9,17,5.0,6.0,6.837837837837838,8.0,0.7837837837837838,0.21621621621621623
35,10,19,10.0,10.0,10.0,10.0,0.0,1.0
36,1,3,1.0,1.0,1.0,1.0,1.0,0.0
36,2,9,2.0,2.0,2.4285714285714284,2.0,0.9714285714285714,0.02857142857142857
36,3,10,2.0,2.0,2.742857142857143,3.0,0.9571428571428572,0.04285714285714286
36,4,12,3.0,3.0,3.3285714285714287,3.0,0.9571428571428572,0.04285714285714286
36,5,13,3.0,3.0,3.9571428571428573,4.0,0.9142857142857143,0.08571428571428572
36,6,15,4.0,4.0,4.614285714285714,5.0,0.9142857142857143,0.08571428571428572
36,7,16,4.0,5.0,5.257142857142857,5.0,0.8714285714285714,0.12857142857142856
36,8,17,5.0,5.0,5.714285714285714,6.0,0.8714285714285714,0.12857142857142856
36,9,18,5.0,6.0,6.3428571428571425,7.0,0.8571428571428571,0.14285714285714285
36,10,19,10.0,10.0,10.0,10.0,0.0,1.0
37,1,3,1.0,1.0,1.0,1.0,1.0,0.0
37,2,6,1.0,1.0,1.5671641791044777,2.0,0.9850746268656716,0.014925373134328358
37,3,8,2.0,2.0,2.4328358208955225,2.0,0.9552238805970149,0.04477611940298507
37,4,10,2.0,2.0,2.8955223880597014,3.0,0.9253731343283582,0.07462686567164178
37,5,12,3.0,3.0,3.4477611940298507,3.0,0.9253731343283582,0.07462686567164178
37,6,14,3.0,3.0,4.253731343283582,4.0,0.8805970149253731,0.11940298507462686
37,7,15,3.0,4.0,4.582089552238806,5.0,0.8805970149253731,0.11940298507462686
37,8,17,4.0,5.0,5.656716417910448,6.0,0.835820895522388,0.16417910447761194
37,9,18,5.0,6.0,6.298507462686567,7.0,0.8059701492537313,0.19402985074626866
37,10,19,10.0,10.0,10.0,10.0,0.0,1.0
38,1,3,1.0,1.0,1.0,1.0,1.0,0.0
38,2,5,1.0,1.0,1.457142857142857,1.0,0.9714285714285714,0.02857142857142857
38,3,8,2.0,2.0,2.6857142857142855,2.0,0.9285714285714286,0.07142857142857142
38,4,9,2.0,2.0,2.842857142857143,3.0,0.9285714285714286,0.07142857142857142
38,5,11,3.0,3.0,3.7,3.0,0.8857142857142857,0.11428571428571428
38,6,13,3.0,3.0,4.4714285714285715,4.0,0.8428571428571429,0.15714285714285714
38,7,15,4.0,4.0,5.085714285714285,5.0,0.8428571428571429,0.15714285714285714
38,8,16,4.0,5.0,5.642857142857143,6.0,0.8142857142857143,0.18571428571428572
38,9,18,5.0,6.0,6.728571428571429,8.0,0.8,0.2
38,10,19,10.0,10.0,10.0,10.0,0.0,1.0
39,1,3,1.0,1.0,1.0,1.0,1.0,0.0
39,2,5,1.0,1.0,1.537037037037037,1.0,0.9629629629629629,0.037037037037037035
39,3,8,2.0,2.0,2.6666666666666665,2.0,0.9259259259259259,0.07407407407407407
39,4,9,2.0,2.0,2.8703703703703702,3.0,0.9259259259259259,0.07407407407407407
39,5,12,3.0,3.0,4.0,4.0,0.8888888888888888,0.1111111111111111
39,6,13,3.0,4.0,4.574074074074074,4.0,0.8518518518518519,0.14814814814814814
39,7,15,4.0,5.0,5.407407407407407,5.0,0.8518518518518519,0.14814814814814814
39,8,16,5.0,5.0,6.2592592592592595,6.75,0.7777777777777778,0.2222222222222222
39,9,18,6.0,7.0,7.685185185185185,10.0,0.6666666666666666,0.3333333333333333
39,10,19,10.0,10.0,10.0,10.0,0.0,1.0
40,1,3,1.0,1.0,1.0,1.0,1.0,0.0
40,2,6,1.0,1.5,1.6481481481481481,2.0,0.9814814814814815,0.018518518518518517
40,3,9,2.0,2.0,2.611111111111111,3.0,0.9629629629629629,0.037037037037037035
40,4,10,2.0,2.0,2.9814814814814814,3.0,0.9259259259259259,0.07407407407407407
40,5,11,2.0,3.0,3.3518518518518516,3.0,0.9259259259259259,0.07407407407407407
40,6,13,3.0,4.0,4.351851851851852,4.0,0.8703703703703703,0.12962962962962962
40,7,15,4.0,4.0,5.055555555555555,5.0,0.8703703703703703,0.12962962962962962
40,8,16,4.0,5.0,5.62962962962963,5.75,0.8333333333333334,0.16666666666666666
40,9,18,5.0,6.0,6.7407407407407405,7.0,0.7962962962962963,0.2037037037037037
40,10,19,10.0,10.0,10.0,10.0,0.0,1.0
41,1,3,1.0,1.0,1.0,1.0,1.0,0.0
41,2,6,1.0,2.0,1.826086956521739,2.0,0.9710144927536232,0.028985507246376812
41,3,8,2.0,2.0,2.536231884057971,2.0,0.9420289855072463,0.057971014492753624
41,4,10,2.0,2.0,3.1884057971014492,3.0,0.8985507246376812,0.10144927536231885
41,5,11,3.0,3.0,3.5217391304347827,3.0,0.8985507246376812,0.10144927536231885
41,6,13,3.0,4.0,4.420289855072464,4.0,0.855072463768116,0.14492753623188406
41,7,14,3.0,4.0,4.753623188405797,5.0,0.855072463768116,0.14492753623188406
41,8,16,4.0,5.0,5.884057971014493,7.0,0.782608695652174,0.21739130434782608
41,9,17,5.0,6.0,6.420289855072464,7.0,0.7681159420289855,0.2318840579710145
41,10,19,10.0,10.0,10.0,10.0,0.0,1.0
42,1,3,1.0,1.0,1.0,1.0,1.0,0.0
42,2,6,1.0,2.0,1.6981132075471699,2.0,0.9811320754716981,0.018867924528301886
42,3,9,2.0,2.0,2.6226415094339623,2.0,0.9433962264150944,0.05660377358490566
42,4,10,2.0,2.0,2.8679245283018866,3.0,0.9245283018867925,0.07547169811320754
42,5,12,3.0,3.0,3.509433962264151,3.0,0.9245283018867925,0.07547169811320754
42,6,14,3.0,3.0,4.09433962264151,4.0,0.9056603773584906,0.09433962264150944
42,7,16,4.0,4.0,5.0754716981132075,5.0,0.8867924528301887,0.11320754716981132
42,8,17,4.0,5.0,5.547169811320755,6.0,0.8867924528301887,0.11320754716981132
42,9,18,5.0,6.0,6.264150943396227,7.0,0.8679245283018868,0.1320754716981132
42,10,19,10.0,10.0,10.0,10.0,0.0,1.0
43,1,3,1.0,1.0,1.0,1.0,1.0,0.0
43,2,9,2.0,2.0,2.391891891891892,2.0,0.972972972972973,0.02702702702702703
43,3,10,2.0,2.0,2.7027027027027026,3.0,0.9459459459459459,0.05405405405405406
43,4,12,3.0,3.0,3.22972972972973,3.0,0.9459459459459459,0.05405405405405406
43,5,14,3.0,3.0,4.0,4.0,0.918918918918919,0.08108108108108109
43,6,15,3.0,4.0,4.243243243243243,5.0,0.918918918918919,0.08108108108108109
43,7,16,4.0,4.0,4.783783783783784,5.0,0.8918918918918919,0.10810810810810811
43,8,17,4.0,4.0,5.135135135135135,6.0,0.8783783783783784,0.12162162162162163
43,9,18,4.0,5.0,5.72972972972973,6.0,0.8513513513513513,0.14864864864864866
43,10,19,10.0,10.0,10.0,10.0,0.0,1.0
44,1,3,1.0,1.0,1.0,1.0,1.0,0.0
44,2,6,1.0,1.0,1.5324675324675325,2.0,0.987012987012987,0.012987012987012988
44,3,9,2.0,2.0,2.3896103896103895,2.0,0.974025974025974,0.025974025974025976
44,4,10,2.0,2.0,2.675324675324675,3.0,0.948051948051948,0.05194805194805195
44,5,12,3.0,3.0,3.272727272727273,3.0,0.948051948051948,0.05194805194805195
44,6,15,3.0,4.0,4.207792207792208,4.0,0.935064935064935,0.06493506493506493
44,7,16,4.0,4.0,4.805194805194805,5.0,0.9090909090909091,0.09090909090909091
44,8,17,4.0,5.0,5.246753246753247,6.0,0.9090909090909091,0.09090909090909091
44,9,18,5.0,5.0,5.87012987012987,6.0,0.8831168831168831,0.11688311688311688
44,10,19,10.0,10.0,10.0,10.0,0.0,1.0
45,1,3,1.0,1.0,1.0,1.0,1.0,0.0
45,2,6,1.0,1.0,1.6,2.0,0.9866666666666667,0.013333333333333334
45,3,9,2.0,2.0,2.493333333333333,2.0,0.96,0.04
45,4,10,2.0,2.0,2.84,3.0,0.9333333333333333,0.06666666666666667
45,5,12,3.0,3.0,3.4,3.0,0.9333333333333333,0.06666666666666667
45,6,13,3.0,3.0,3.9466666666666668,4.0,0.8933333333333333,0.10666666666666667
45,7,15,3.0,4.0,4.533333333333333,4.0,0.8933333333333333,0.10666666666666667
45,8,16,4.0,4.0,5.013333333333334,5.0,0.8666666666666667,0.13333333333333333
45,9,18,5.0,5.0,5.96,6.0,0.8533333333333334,0.14666666666666667
45,10,19,10.0,10.0,10.0,10.0,0.0,1.0
46,1,3,1.0,1.0,1.0,1.0,1.0,0.0
46,2,5,1.0,1.0,1.472972972972973,1.75,0.972972972972973,0.02702702702702703
46,3,6,1.0,2.0,1.8513513513513513,2.0,0.972972972972973,0.02702702702702703
46,4,9,2.0,2.0,2.8513513513513513,3.0,0.9324324324324325,0.06756756756756757
46,5,11,3.0,3.0,3.689189189189189,3.0,0.8918918918918919,0.10810810810810811
46,6,13,3.0,4.0,4.5,4.0,0.8513513513513513,0.14864864864864866
46,7,14,4.0,4.0,4.864864864864865,5.0,0.8513513513513513,0.14864864864864866
46,8,16,5.0,5.0,6.135135135135135,6.75,0.7837837837837838,0.21621621621621623
46,9,17,5.0,6.0,6.72972972972973,7.75,0.7702702702702703,0.22972972972972974
46,10,19,10.0,10.0,10.0,10.0,0.0,1.0
47,1,3,1.0,1.0,1.0,1.0,1.0,0.0
47,2,5,1.0,1.0,1.44,1.0,0.9733333333333334,0.02666666666666667
47,3,8,2.0,2.0,2.493333333333333,2.0,0.9466666666666667,0.05333333333333334
47,4,9,2.0,2.0,2.6266666666666665,2.5,0.9466666666666667,0.05333333333333334
47,5,12,3.0,3.0,3.466666666666667,3.0,0.9333333333333333,0.06666666666666667
47,6,13,3.0,3.0,3.9066666666666667,4.0,0.92,0.08
47,7,15,3.0,4.0,4.613333333333333,5.0,0.9066666666666666,0.09333333333333334
47,8,16,4.0,4.0,5.133333333333334,6.0,0.8933333333333333,0.10666666666666667
47,9,18,5.0,6.0,6.24,7.0,0.8533333333333334,0.14666666666666667
47,10,19,10.0,10.0,10.0,10.0,0.0,1.0
48,1,3,1.0,1.0,1.0,1.0,1.0,0.0
48,2,8,2.0,2.0,2.3076923076923075,2.0,0.9743589743589743,0.02564102564102564
48,3,9,2.0,2.0,2.5128205128205128,3.0,0.9743589743589743,0.02564102564102564
48,4,12,3.0,3.0,3.576923076923077,4.0,0.9487179487179487,0.05128205128205128
48,5,13,3.0,4.0,4.1923076923076925,4.0,0.9102564102564102,0.08974358974358974
48,6,14,4.0,4.0,4.576923076923077,5.0,0.9102564102564102,0.08974358974358974
48,7,15,4.0,5.0,5.051282051282051,5.0,0.9102564102564102,0.08974358974358974
48,8,17,5.0,6.0,6.551282051282051,7.0,0.8333333333333334,0.16666666666666666
48,9,18,6.0,7.0,7.3076923076923075,8.0,0.782051282051282,0.21794871794871795
48,10,19,10.0,10.0,10.0,10.0,0.0,1.0
49,1,3,1.0,1.0,1.0,1.0,1.0,0.0
49,2,5,1.0,1.0,1.3636363636363635,1.0,0.974025974025974,0.025974025974025976
49,3,6,1.0,1.0,1.6623376623376624,2.0,0.974025974025974,0.025974025974025976
49,4,9,2.0,2.0,2.5714285714285716,2.0,0.948051948051948,0.05194805194805195
49,5,10,2.0,2.0,2.896103896103896,3.0,0.922077922077922,0.07792207792207792
49,6,14,3.0,3.0,4.12987012987013,4.0,0.8961038961038961,0.1038961038961039
49,7,15,3.0,4.0,4.35064935064935,5.0,0.8961038961038961,0.1038961038961039
49,8,16,4.0,4.0,4.974025974025974,5.0,0.8441558441558441,0.15584415584415584
49,9,18,5.0,5.0,5.922077922077922,6.0,0.8181818181818182,0.18181818181818182
49,10,19,10.0,10.0,10.0,10.0,0.0,1.0
50,1,3,1.0,1.0,1.0,1.0,1.0,0.0
50,2,8,2.0,2.0,2.3134328358208953,2.0,0.9701492537313433,0.029850746268656716
50,3,9,2.0,2.0,2.462686567164179,2.5,0.9701492537313433,0.029850746268656716
50,4,10,2.0,2.0,2.8955223880597014,3.0,0.9402985074626866,0.05970149253731343
50,5,12,3.0,3.0,3.4925373134328357,3.0,0.9402985074626866,0.05970149253731343
50,6,14,3.0,4.0,4.3283582089552235,4.0,0.9104477611940298,0.08955223880597014
50,7,15,4.0,4.0,4.731343283582089,5.0,0.9104477611940298,0.08955223880597014
50,8,17,5.0,5.0,5.895522388059701,6.0,0.8656716417910447,0.13432835820895522
50,9,18,5.0,6.0,6.537313432835821,7.0,0.835820895522388,0.16417910447761194
50,10,19,10.0,10.0,10.0,10.0,0.0,1.0
51,1,3,1.0,1.0,1.0,1.0,1.0,0.0
51,2,5,1.0,1.0,1.452054794520548,1.0,0.9726027397260274,0.0273972602739726
51,3,8,2.0,2.0,2.547945205479452,2.0,0.9452054794520548,0.0547945205479452
51,4,9,2.0,2.0,2.7534246575342465,3.0,0.9452054794520548,0.0547945205479452
51,5,11,2.0,3.0,3.4246575342465753,3.0,0.9178082191780822,0.0821917808219178
51,6,13,3.0,4.0,4.219178082191781,4.0,0.8904109589041096,0.1095890410958904
51,7,14,3.0,4.0,4.465753424657534,5.0,0.8904109589041096,0.1095890410958904
51,8,15,3.0,5.0,4.835616438356165,5.0,0.8904109589041096,0.1095890410958904
51,9,18,5.0,6.0,6.5479452054794525,7.0,0.8356164383561644,0.1643835616438356
51,10,19,10.0,10.0,10.0,10.0,0.0,1.0
52,1,3,1.0,1.0,1.0,1.0,1.0,0.0
52,2,5,1.0,1.0,1.4929577464788732,2.0,0.971830985915493,0.028169014084507043
52,3,6,1.0,2.0,1.8450704225352113,2.0,0.971830985915493,0.028169014084507043
52,4,9,2.0,2.0,2.76056338028169,3.0,0.9436619718309859,0.056338028169014086
52,5,11,3.0,3.0,3.6056338028169015,3.0,0.9014084507042254,0.09859154929577464
52,6,13,3.0,4.0,4.549295774647887,4.0,0.8450704225352113,0.15492957746478872
52,7,14,3.0,4.0,4.859154929577465,5.0,0.8450704225352113,0.15492957746478872
52,8,16,4.5,5.0,6.126760563380282,7.0,0.7605633802816901,0.23943661971830985
52,9,17,5.0,6.0,6.704225352112676,10.0,0.7183098591549296,0.28169014084507044
52,10,19,10.0,10.0,10.0,10.0,0.0,1.0
53,1,3,1.0,1.0,1.0,1.0,1.0,0.0
53,2,5,1.0,1.0,1.4705882352941178,1.0,0.9705882352941176,0.029411764705882353
53,3,8,2.0,2.0,2.4411764705882355,2.0,0.9558823529411765,0.04411764705882353
53,4,10,2.0,2.0,2.985294117647059,3.0,0.9264705882352942,0.07352941176470588
53,5,12,3.0,3.0,3.514705882352941,3.0,0.9264705882352942,0.07352941176470588
53,6,13,3.0,3.0,4.102941176470588,4.0,0.8970588235294118,0.10294117647058823
53,7,15,4.0,4.0,4.838235294117647,5.0,0.8970588235294118,0.10294117647058823
53,8,17,5.0,6.0,5.955882352941177,6.25,0.8676470588235294,0.1323529411764706
53,9,18,5.0,6.0,6.5,7.0,0.8676470588235294,0.1323529411764706
53,10,19,10.0,10.0,10.0,10.0,0.0,1.0
54,1,3,1.0,1.0,1.0,1.0,1.0,0.0
54,2,5,1.0,1.0,1.379746835443038,1.0,0.9746835443037974,0.02531645569620253
54,3,8,2.0,2.0,2.5063291139240507,2.0,0.9493670886075949,0.05063291139240506
54,4,9,2.0,2.0,2.632911392405063,3.0,0.9493670886075949,0.05063291139240506
54,5,11,2.0,3.0,3.2025316455696204,3.0,0.9240506329113924,0.0759493670886076
54,6,12,3.0,3.0,3.518987341772152,3.5,0.9240506329113924,0.0759493670886076
54,7,15,3.0,4.0,4.620253164556962,5.0,0.8734177215189873,0.12658227848101267
54,8,16,4.0,4.0,5.189873417721519,5.0,0.8354430379746836,0.16455696202531644
54,9,18,5.0,6.0,6.265822784810126,7.0,0.7974683544303798,0.20253164556962025
54,10,19,10.0,10.0,10.0,10.0,0.0,1.0
55,1,3,1.0,1.0,1.0,1.0,1.0,0.0
55,2,6,1.0,1.0,1.6119402985074627,2.0,0.9850746268656716,0.014925373134328358
55,3,9,2.0,2.0,2.4477611940298507,2.0,0.9701492537313433,0.029850746268656716
55,4,10,2.0,2.0,2.716417910447761,3.0,0.9552238805970149,0.04477611940298507
55,5,12,3.0,3.0,3.2388059701492535,3.0,0.9552238805970149,0.04477611940298507
55,6,15,3.0,4.0,4.253731343283582,4.5,0.9402985074626866,0.05970149253731343
55,7,16,4.0,4.0,4.776119402985074,5.0,0.9253731343283582,0.07462686567164178
55,8,17,4.0,5.0,5.253731343283582,6.0,0.9104477611940298,0.08955223880597014
55,9,18,5.0,6.0,5.940298507462686,7.0,0.8955223880597015,0.1044776119402985
55,10,19,10.0,10.0,10.0,10.0,0.0,1.0
56,1,3,1.0,1.0,1.0,1.0,1.0,0.0
56,2,4,1.0,1.0,1.3653846153846154,1.0,0.9615384615384616,0.038461538461538464
56,3,6,1.0,2.0,1.9038461538461537,2.0,0.9615384615384616,0.038461538461538464
56,4,8,2.0,2.0,2.7115384615384617,2.0,0.9230769230769231,0.07692307692307693
56,5,11,2.0,3.0,3.5,3.0,0.9038461538461539,0.09615384615384616
56,6,12,3.0,3.0,3.730769230769231,4.0,0.9038461538461539,0.09615384615384616
56,7,14,3.0,4.0,4.673076923076923,5.0,0.8653846153846154,0.1346153846153846
56,8,16,4.0,5.0,5.6923076923076925,6.0,0.8076923076923077,0.19230769230769232
56,9,18,5.0,6.0,6.6923076923076925,7.0,0.7884615384615384,0.21153846153846154
56,10,19,10.0,10.0,10.0,10.0,0.0,1.0
57,1,3,1.0,1.0,1.0,1.0,1.0,0.0
57,2,5,1.0,1.0,1.364864864864865,1.0,0.972972972972973,0.02702702702702703
57,3,6,1.0,1.0,1.6486486486486487,2.0,0.972972972972973,0.02702702702702703
57,4,10,2.0,2.0,2.864864864864865,3.0,0.918918918918919,0.08108108108108109
57,5,12,3.0,3.0,3.445945945945946,3.0,0.918918918918919,0.08108108108108109
57,6,14,3.0,3.0,4.121621621621622,4.0,0.8918918918918919,0.10810810810810811
57,7,15,3.0,4.0,4.4324324324324325,4.75,0.8918918918918919,0.10810810810810811
57,8,17,4.0,5.0,5.554054054054054,6.0,0.8513513513513513,0.14864864864864866
57,9,18,5.0,5.5,6.22972972972973,7.0,0.8108108108108109,0.1891891891891892
57,10,19,10.0,10.0,10.0,10.0,0.0,1.0
58,1,3,1.0,1.0,1.0,1.0,1.0,0.0
58,2,5,1.0,1.0,1.4864864864864864,2.0,0.972972972972973,0.02702702702702703
58,3,6,1.0,2.0,1.864864864864865,2.0,0.972972972972973,0.02702702702702703
58,4,9,2.0,2.0,2.7162162162162162,3.0,0.9459459459459459,0.05405405405405406
58,5,11,3.0,3.0,3.5945945945945947,3.0,0.9054054054054054,0.0945945945945946
58,6,13,3.0,4.0,4.5,4.0,0.8513513513513513,0.14864864864864866
58,7,14,4.0,4.0,4.9324324324324325,5.0,0.8513513513513513,0.14864864864864866
58,8,16,5.0,5.0,6.256756756756757,7.0,0.7702702702702703,0.22972972972972974
58,9,17,5.0,6.0,6.9324324324324325,9.5,0.7432432432432432,0.25675675675675674
58,10,19,10.0,10.0,10.0,10.0,0.0,1.0
59,1,3,1.0,1.0,1.0,1.0,1.0,0.0
59,2,4,1.0,1.0,1.3125,1.0,0.96875,0.03125
59,3,8,2.0,2.0,2.5,2.0,0.953125,0.046875
59,4,9,2.0,2.0,2.6875,3.0,0.953125,0.046875
59,5,12,3.0,3.0,3.75,4.0,0.921875,0.078125
59,6,13,3.0,4.0,4.28125,4.0,0.890625,0.109375
59,7,15,4.0,5.0,5.0,5.0,0.890625,0.109375
59,8,16,4.0,5.0,5.640625,6.0,0.859375,0.140625
59,9,18,6.0,6.0,6.765625,8.0,0.84375,0.15625
59,10,19,10.0,10.0,10.0,10.0,0.0,1.0
60,1,3,1.0,1.0,1.0,1.0,1.0,0.0
60,2,6,1.0,1.0,1.5555555555555556,2.0,0.9861111111111112,0.013888888888888888
60,3,9,2.0,2.0,2.388888888888889,2.0,0.9722222222222222,0.027777777777777776
60,4,10,2.0,2.0,2.7083333333333335,3.0,0.9444444444444444,0.05555555555555555
60,5,12,3.0,3.0,3.263888888888889,3.0,0.9444444444444444,0.05555555555555555
60,6,15,3.0,4.0,4.208333333333333,4.25,0.9166666666666666,0.08333333333333333
60,7,16,4.0,4.0,4.805555555555555,5.0,0.8888888888888888,0.1111111111111111
60,8,17,4.0,4.5,5.152777777777778,6.0,0.8888888888888888,0.1111111111111111
60,9,18,4.0,5.0,5.694444444444445,6.0,0.8611111111111112,0.1388888888888889
60,10,19,10.0,10.0,10.0,10.0,0.0,1.0
61,1,3,1.0,1.0,1.0,1.0,1.0,0.0
61,2,6,1.0,2.0,1.6901408450704225,2.0,0.9859154929577465,0.014084507042253521
61,3,9,2.0,2.0,2.5492957746478875,2.5,0.9577464788732394,0.04225352112676056
61,4,11,2.5,3.0,3.2816901408450705,3.0,0.9295774647887324,0.07042253521126761
61,5,12,3.0,3.0,3.591549295774648,4.0,0.9295774647887324,0.07042253521126761
61,6,14,4.0,4.0,4.633802816901408,5.0,0.8873239436619719,0.11267605633802817
61,7,15,4.0,5.0,5.154929577464789,5.0,0.8732394366197183,0.1267605633802817
61,8,16,5.0,5.0,5.957746478873239,6.5,0.8169014084507042,0.18309859154929578
61,9,18,6.0,7.0,7.225352112676056,9.5,0.7464788732394366,0.2535211267605634
61,10,19,10.0,10.0,10.0,10.0,0.0,1.0
62,1,3,1.0,1.0,1.0,1.0,1.0,0.0
62,2,5,1.0,1.0,1.4657534246575343,1.0,0.9726027397260274,0.0273972602739726
62,3,6,1.0,2.0,1.7671232876712328,2.0,0.9726027397260274,0.0273972602739726
62,4,10,2.0,2.0,3.0684931506849313,3.0,0.9178082191780822,0.0821917808219178
62,5,11,2.0,3.0,3.3972602739726026,3.0,0.9178082191780822,0.0821917808219178
62,6,12,3.0,3.0,3.684931506849315,4.0,0.9178082191780822,0.0821917808219178
62,7,13,3.0,3.0,4.191780821917808,4.0,0.8904109589041096,0.1095890410958904
62,8,17,5.0,5.0,5.876712328767123,6.0,0.863013698630137,0.136986301369863
62,9,18,5.0,6.0,6.4520547945205475,7.0,0.8356164383561644,0.1643835616438356
62,10,19,10.0,10.0,10.0,10.0,0.0,1.0
63,1,3,1.0,1.0,1.0,1.0,1.0,0.0
63,2,5,1.0,1.0,1.5492957746478873,2.0,0.971830985915493,0.028169014084507043
63,3,6,1.0,2.0,1.8873239436619718,2.0,0.971830985915493,0.028169014084507043
63,4,9,2.0,2.0,2.915492957746479,3.0,0.9295774647887324,0.07042253521126761
63,5,10,2.0,3.0,3.563380281690141,3.0,0.8732394366197183,0.1267605633802817
63,6,13,3.0,4.0,4.71830985915493,4.0,0.8309859154929577,0.16901408450704225
63,7,14,4.0,4.0,5.070422535211268,5.0,0.8309859154929577,0.16901408450704225
63,8,16,4.5,5.0,6.098591549295775,7.0,0.7746478873239436,0.22535211267605634
63,9,17,5.0,6.0,6.732394366197183,10.0,0.7323943661971831,0.2676056338028169
63,10,19,10.0,10.0,10.0,10.0,0.0,1.0
64,1,3,1.0,1.0,1.0,1.0,1.0,0.0
64,2,5,1.0,1.0,1.5396825396825398,2.0,0.9682539682539683,0.031746031746031744
64,3,6,1.0,2.0,1.9682539682539681,2.0,0.9682539682539683,0.031746031746031744
64,4,9,2.0,2.0,2.984126984126984,3.0,0.9206349206349206,0.07936507936507936
64,5,11,3.0,3.0,3.9047619047619047,3.0,0.8571428571428571,0.14285714285714285
64,6,13,3.0,4.0,4.746031746031746,4.0,0.8095238095238095,0.19047619047619047
64,7,14,4.0,4.0,5.095238095238095,5.0,0.8095238095238095,0.19047619047619047
64,8,16,5.0,5.0,6.111111111111111,7.0,0.7619047619047619,0.23809523809523808
64,9,17,5.0,6.0,6.619047619047619,9.0,0.746031746031746,0.25396825396825395
64,10,19,10.0,10.0,10.0,10.0,0.0,1.0
65,1,3,1.0,1.0,1.0,1.0,1.0,0.0
65,2,5,1.0,1.0,1.4210526315789473,1.0,0.9736842105263158,0.02631578947368421
65,3,8,2.0,2.0,2.6052631578947367,2.0,0.9342105263157895,0.06578947368421052
65,4,9,2.0,2.0,2.736842105263158,3.0,0.9342105263157895,0.06578947368421052
65,5,10,2.0,2.0,3.1710526315789473,3.0,0.8947368421052632,0.10526315789473684
65,6,13,3.0,3.0,4.434210526315789,4.0,0.8289473684210527,0.17105263157894737
65,7,15,3.0,4.0,4.973684210526316,5.0,0.8157894736842105,0.18421052631578946
65,8,16,4.0,4.0,5.421052631578948,6.0,0.7894736842105263,0.21052631578947367
65,9,18,4.0,5.0,6.223684210526316,8.5,0.75,0.25
65,10,19,10.0,10.0,10.0,10.0,0.0,1.0
66,1,3,1.0,1.0,1.0,1.0,1.0,0.0
66,2,5,1.0,1.0,1.5432098765432098,2.0,0.9753086419753086,0.024691358024691357
66,3,6,1.0,2.0,1.9135802469135803,2.0,0.9753086419753086,0.024691358024691357
66,4,9,2.0,2.0,2.765432098765432,3.0,0.9506172839506173,0.04938271604938271
66,5,11,3.0,3.0,3.580246913580247,3.0,0.9135802469135802,0.08641975308641975
66,6,13,3.0,4.0,4.518518518518518,4.0,0.8641975308641975,0.13580246913580246
66,7,14,4.0,4.0,4.962962962962963,5.0,0.8641975308641975,0.13580246913580246
66,8,16,5.0,6.0,6.209876543209877,7.0,0.8148148148148148,0.18518518518518517
66,9,17,6.0,6.0,6.851851851851852,8.0,0.7901234567901234,0.20987654320987653
66,10,19,10.0,10.0,10.0,10.0,0.0,1.0
67,1,3,1.0,1.0,1.0,1.0,1.0,0.0
67,2,6,1.0,1.0,1.59375,2.0,0.984375,0.015625
67,3,9,2.0,2.0,2.359375,2.0,0.96875,0.03125
67,4,10,2.0,2.0,2.640625,3.0,0.953125,0.046875
67,5,12,3.0,3.0,3.1875,3.0,0.953125,0.046875
67,6,15,3.0,4.0,4.25,4.25,0.921875,0.078125
67,7,16,4.0,4.0,4.828125,5.0,0.890625,0.109375
67,8,17,4.0,4.0,5.265625,6.0,0.875,0.125
67,9,18,4.0,5.0,5.796875,7.0,0.859375,0.140625
67,10,19,10.0,10.0,10.0,10.0,0.0,1.0
68,1,3,1.0,1.0,1.0,1.0,1.0,0.0
68,2,6,1.0,1.0,1.5857142857142856,2.0,0.9857142857142858,0.014285714285714285
68,3,9,2.0,2.0,2.5142857142857142,2.0,0.9571428571428572,0.04285714285714286
68,4,10,2.0,2.0,2.7714285714285714,3.0,0.9428571428571428,0.05714285714285714
68,5,12,3.0,3.0,3.342857142857143,3.0,0.9428571428571428,0.05714285714285714
68,6,15,3.0,4.0,4.228571428571429,5.0,0.9285714285714286,0.07142857142857142
68,7,16,4.0,4.0,4.757142857142857,5.0,0.9,0.1
68,8,17,4.0,5.0,5.185714285714286,5.75,0.9,0.1
68,9,18,5.0,5.0,5.7,6.0,0.8714285714285714,0.12857142857142856
68,10,19,10.0,10.0,10.0,10.0,0.0,1.0
69,1,3,1.0,1.0,1.0,1.0,1.0,0.0
69,2,5,1.0,1.0,1.4444444444444444,1.0,0.9722222222222222,0.027777777777777776
69,3,6,1.0,1.5,1.7222222222222223,2.0,0.9722222222222222,0.027777777777777776
69,4,10,2.0,2.0,3.0416666666666665,3.0,0.9027777777777778,0.09722222222222222
69,5,12,2.0,3.0,3.486111111111111,3.0,0.9027777777777778,0.09722222222222222
69,6,14,3.0,3.0,4.319444444444445,4.0,0.875,0.125
69,7,15,3.0,4.0,4.652777777777778,5.0,0.8611111111111112,0.1388888888888889
69,8,17,4.0,5.0,5.638888888888889,6.25,0.8055555555555556,0.19444444444444445
69,9,18,4.0,5.0,6.180555555555555,7.25,0.7777777777777778,0.2222222222222222
69,10,19,10.0,10.0,10.0,10.0,0.0,1.0
70,1,3,1.0,1.0,1.0,1.0,1.0,0.0
70,2,6,1.0,1.0,1.5897435897435896,2.0,0.9871794871794872,0.01282051282051282
70,3,9,2.0,2.0,2.5128205128205128,2.0,0.9615384615384616,0.038461538461538464
70,4,12,3.0,3.0,3.423076923076923,3.0,0.9358974358974359,0.0641025641025641
70,5,13,3.0,3.0,4.089743589743589,4.0,0.8846153846153846,0.11538461538461539
70,6,14,3.0,4.0,4.358974358974359,4.0,0.8846153846153846,0.11538461538461539
70,7,15,3.25,4.0,4.653846153846154,5.0,0.8846153846153846,0.11538461538461539
70,8,17,4.0,5.0,5.615384615384615,6.0,0.8589743589743589,0.14102564102564102
70,9,18,5.0,6.0,6.1923076923076925,7.0,0.8461538461538461,0.15384615384615385
70,10,19,10.0,10.0,10.0,10.0,0.0,1.0
71,1,3,1.0,1.0,1.0,1.0,1.0,0.0
71,2,5,1.0,1.0,1.4583333333333333,1.0,0.9722222222222222,0.027777777777777776
71,3,9,2.0,2.0,2.5277777777777777,2.0,0.9583333333333334,0.041666666666666664
71,4,12,3.0,3.0,3.4305555555555554,3.0,0.9305555555555556,0.06944444444444445
71,5,13,3.0,3.0,4.111111111111111,4.0,0.8888888888888888,0.1111111111111111
71,6,14,3.0,4.0,4.430555555555555,4.0,0.8888888888888888,0.1111111111111111
71,7,15,3.75,4.0,4.791666666666667,5.0,0.875,0.125
71,8,17,4.0,5.0,5.902777777777778,6.25,0.8194444444444444,0.18055555555555555
71,9,18,5.0,6.0,6.444444444444445,7.0,0.8055555555555556,0.19444444444444445
71,10,19,10.0,10.0,10.0,10.0,0.0,1.0
72,1,3,1.0,1.0,1.0,1.0,1.0,0.0
72,2,8,2.0,2.0,2.2941176470588234,2.0,0.9705882352941176,0.029411764705882353
72,3,9,2.0,2.0,2.485294117647059,3.0,0.9705882352941176,0.029411764705882353
72,4,11,2.0,3.0,3.1911764705882355,3.0,0.9411764705882353,0.058823529411764705
72,5,12,3.0,3.0,3.4705882352941178,4.0,0.9411764705882353,0.058823529411764705
72,6,13,3.0,3.0,4.073529411764706,4.0,0.8970588235294118,0.10294117647058823
72,7,15,3.0,4.0,4.838235294117647,5.0,0.8823529411764706,0.11764705882352941
72,8,17,4.0,5.5,5.985294117647059,7.0,0.8529411764705882,0.14705882352941177
72,9,18,5.0,6.0,6.661764705882353,8.0,0.8235294117647058,0.17647058823529413
72,10,19,10.0,10.0,10.0,10.0,0.0,1.0
73,1,3,1.0,1.0,1.0,1.0,1.0,0.0
73,2,5,1.0,1.0,1.4029850746268657,1.0,0.9701492537313433,0.029850746268656716
73,3,9,2.0,2.0,2.5671641791044775,2.5,0.9552238805970149,0.04477611940298507
73,4,10,2.0,2.0,2.8805970149253732,3.0,0.9402985074626866,0.05970149253731343
73,5,12,3.0,3.0,3.417910447761194,3.0,0.9402985074626866,0.05970149253731343
73,6,14,3.0,4.0,4.3283582089552235,4.0,0.9104477611940298,0.08955223880597014
73,7,15,4.0,4.0,4.6716417910447765,5.0,0.9104477611940298,0.08955223880597014
73,8,16,4.0,5.0,5.164179104477612,5.5,0.8955223880597015,0.1044776119402985
73,9,18,5.0,6.0,6.388059701492537,7.0,0.8507462686567164,0.14925373134328357
73,10,19,10.0,10.0,10.0,10.0,0.0,1.0
74,1,3,1.0,1.0,1.0,1.0,1.0,0.0
74,2,6,1.0,2.0,1.6842105263157894,2.0,0.9868421052631579,0.013157894736842105
74,3,8,2.0,2.0,2.4342105263157894,2.0,0.9605263157894737,0.039473684210526314
74,4,10,2.0,2.5,2.986842105263158,3.0,0.9342105263157895,0.06578947368421052
74,5,11,2.0,3.0,3.263157894736842,3.0,0.9342105263157895,0.06578947368421052
74,6,13,3.0,3.0,4.131578947368421,4.0,0.8947368421052632,0.10526315789473684
74,7,14,3.0,4.0,4.355263157894737,4.25,0.8947368421052632,0.10526315789473684
74,8,16,4.0,5.0,5.171052631578948,5.25,0.881578947368421,0.11842105263157894
74,9,17,4.0,5.0,5.605263157894737,6.0,0.881578947368421,0.11842105263157894
74,10,19,10.0,10.0,10.0,10.0,0.0,1.0
75,1,3,1.0,1.0,1.0,1.0,1.0,0.0
75,2,5,1.0,1.0,1.4029850746268657,1.0,0.9701492537313433,0.029850746268656716
75,3,6,1.0,1.0,1.7164179104477613,2.0,0.9701492537313433,0.029850746268656716
75,4,9,2.0,2.0,2.656716417910448,2.0,0.9402985074626866,0.05970149253731343
75,5,10,2.0,2.0,3.0597014925373136,3.0,0.8955223880597015,0.1044776119402985
75,6,14,3.0,3.0,4.373134328358209,4.0,0.8656716417910447,0.13432835820895522
75,7,15,3.0,4.0,4.776119402985074,5.0,0.8656716417910447,0.13432835820895522
75,8,17,4.0,5.0,5.701492537313433,6.0,0.8507462686567164,0.14925373134328357
75,9,18,5.0,6.0,6.313432835820896,7.0,0.835820895522388,0.16417910447761194
75,10,19,10.0,10.0,10.0,10.0,0.0,1.0
76,1,3,1.0,1.0,1.0,1.0,1.0,0.0
76,2,5,1.0,1.0,1.5454545454545454,1.5,0.9636363636363636,0.03636363636363636
76,3,6,1.0,2.0,1.8909090909090909,2.0,0.9636363636363636,0.03636363636363636
76,4,9,2.0,2.0,2.8545454545454545,3.0,0.9272727272727272,0.07272727272727272
76,5,11,3.0,3.0,3.690909090909091,3.0,0.8909090909090909,0.10909090909090909
76,6,13,3.0,4.0,4.327272727272727,4.0,0.8727272727272727,0.12727272727272726
76,7,14,3.0,4.0,4.672727272727273,5.0,0.8727272727272727,0.12727272727272726
76,8,16,4.0,5.0,5.709090909090909,6.0,0.8363636363636363,0.16363636363636364
76,9,17,5.0,6.0,6.2,7.0,0.8181818181818182,0.18181818181818182
76,10,19,10.0,10.0,10.0,10.0,0.0,1.0
77,1,3,1.0,1.0,1.0,1.0,1.0,0.0
77,2,5,1.0,1.0,1.4307692307692308,1.0,0.9692307692307692,0.03076923076923077
77,3,8,2.0,2.0,2.5846153846153848,2.0,0.9384615384615385,0.06153846153846154
77,4,9,2.0,2.0,2.7384615384615385,3.0,0.9384615384615385,0.06153846153846154
77,5,11,2.0,3.0,3.6,3.0,0.8923076923076924,0.1076923076923077
77,6,13,3.0,4.0,4.523076923076923,4.0,0.8307692307692308,0.16923076923076924
77,7,15,4.0,4.0,5.184615384615385,5.0,0.8153846153846154,0.18461538461538463
77,8,16,4.0,5.0,5.6461538461538465,6.0,0.7846153846153846,0.2153846153846154
77,9,18,5.0,6.0,6.707692307692308,10.0,0.7384615384615385,0.26153846153846155
77,10,19,10.0,10.0,10.0,10.0,0.0,1.0
78,1,3,1.0,1.0,1.0,1.0,1.0,0.0
78,2,6,1.0,1.0,1.5441176470588236,2.0,0.9852941176470589,0.014705882352941176
78,3,9,2.0,2.0,2.4705882352941178,3.0,0.9705882352941176,0.029411764705882353
78,4,10,2.0,2.0,2.8088235294117645,3.0,0.9411764705882353,0.058823529411764705
78,5,11,2.0,3.0,3.073529411764706,3.0,0.9411764705882353,0.058823529411764705
78,6,14,3.0,3.0,4.1911764705882355,4.0,0.8970588235294118,0.10294117647058823
78,7,15,3.0,4.0,4.5,5.0,0.8970588235294118,0.10294117647058823
78,8,16,4.0,4.0,5.147058823529412,5.0,0.8529411764705882,0.14705882352941177
78,9,18,5.0,6.0,6.102941176470588,7.0,0.8382352941176471,0.16176470588235295
78,10,19,10.0,10.0,10.0,10.0,0.0,1.0
79,1,3,1.0,1.0,1.0,1.0,1.0,0.0
79,2,6,1.0,2.0,1.640625,2.0,0.984375,0.015625
79,3,8,2.0,2.0,2.40625,2.0,0.953125,0.046875
79,4,12,2.0,3.0,3.28125,3.0,0.9375,0.0625
79,5,13,3.0,3.0,3.96875,4.0,0.90625,0.09375
79,6,14,3.0,4.0,4.28125,4.0,0.90625,0.09375
79,7,15,3.0,4.0,4.65625,5.0,0.890625,0.109375
79,8,17,4.0,5.0,5.8125,7.0,0.84375,0.15625
79,9,18,4.0,6.0,6.4375,8.0,0.8125,0.1875
79,10,19,10.0,10.0,10.0,10.0,0.0,1.0
80,1,3,1.0,1.0,1.0,1.0,1.0,0.0
80,2,5,1.0,1.0,1.4262295081967213,2.0,0.9836065573770492,0.01639344262295082
80,3,8,2.0,2.0,2.557377049180328,2.0,0.9508196721311475,0.04918032786885246
80,4,9,2.0,2.0,2.737704918032787,3.0,0.9508196721311475,0.04918032786885246
80,5,12,3.0,3.0,3.8524590163934427,4.0,0.9180327868852459,0.08196721311475409
80,6,13,3.0,4.0,4.508196721311475,4.0,0.8688524590163934,0.13114754098360656
80,7,15,4.0,5.0,5.557377049180328,6.0,0.8524590163934426,0.14754098360655737
80,8,16,5.0,6.0,6.229508196721311,7.0,0.8032786885245902,0.19672131147540983
80,9,18,6.0,7.0,7.704918032786885,10.0,0.7213114754098361,0.2786885245901639
80,10,19,10.0,10.0,10.0,10.0,0.0,1.0
81,1,3,1.0,1.0,1.0,1.0,1.0,0.0
81,2,5,1.0,1.0,1.4666666666666666,1.0,0.9666666666666667,0.03333333333333333
81,3,8,2.0,2.0,2.6333333333333333,2.0,0.9333333333333333,0.06666666666666667
81,4,9,2.0,2.0,2.75,3.0,0.9333333333333333,0.06666666666666667
81,5,11,2.0,3.0,3.45,3.0,0.9,0.1
81,6,12,3.0,3.0,3.683333333333333,4.0,0.9,0.1
81,7,15,3.0,4.0,4.883333333333334,5.0,0.8666666666666667,0.13333333333333333
81,8,16,4.0,5.0,5.5,6.0,0.8333333333333334,0.16666666666666666
81,9,18,5.0,6.0,6.733333333333333,8.0,0.8,0.2
81,10,19,10.0,10.0,10.0,10.0,0.0,1.0
82,1,3,1.0,1.0,1.0,1.0,1.0,0.0
82,2,5,1.0,1.0,1.3676470588235294,1.25,0.9852941176470589,0.014705882352941176
82,3,8,2.0,2.0,2.4705882352941178,2.0,0.9558823529411765,0.04411764705882353
82,4,9,2.0,2.0,2.6176470588235294,3.0,0.9558823529411765,0.04411764705882353
82,5,11,2.0,3.0,3.235294117647059,3.0,0.9411764705882353,0.058823529411764705
82,6,13,3.0,3.5,3.9705882352941178,4.0,0.9264705882352942,0.07352941176470588
82,7,15,3.75,4.0,4.676470588235294,5.0,0.9264705882352942,0.07352941176470588
82,8,16,4.0,5.0,5.176470588235294,6.0,0.9117647058823529,0.08823529411764706
82,9,18,5.0,6.0,6.338235294117647,7.0,0.8970588235294118,0.10294117647058823
82,10,19,10.0,10.0,10.0,10.0,0.0,1.0
83,1,3,1.0,1.0,1.0,1.0,1.0,0.0
83,2,6,1.0,1.0,1.5909090909090908,2.0,0.9848484848484849,0.015151515151515152
83,3,9,2.0,2.0,2.5303030303030303,2.0,0.9545454545454546,0.045454545454545456
83,4,10,2.0,2.0,2.8333333333333335,3.0,0.9242424242424242,0.07575757575757576
83,5,12,3.0,3.0,3.409090909090909,3.0,0.9242424242424242,0.07575757575757576
83,6,14,3.0,3.0,4.212121212121212,4.0,0.8787878787878788,0.12121212121212122
83,7,16,4.0,4.0,4.954545454545454,5.0,0.8636363636363636,0.13636363636363635
83,8,17,4.0,5.0,5.318181818181818,6.0,0.8636363636363636,0.13636363636363635
83,9,18,5.0,5.0,5.96969696969697,6.0,0.8484848484848485,0.15151515151515152
83,10,19,10.0,10.0,10.0,10.0,0.0,1.0
84,1,3,1.0,1.0,1.0,1.0,1.0,0.0
84,2,5,1.0,1.0,1.4242424242424243,1.0,0.9696969696969697,0.030303030303030304
84,3,6,1.0,1.0,1.7121212121212122,2.0,0.9696969696969697,0.030303030303030304
84,4,9,2.0,2.0,2.6515151515151514,2.0,0.9393939393939394,0.06060606060606061
84,5,10,2.0,2.0,3.015151515151515,3.0,0.9090909090909091,0.09090909090909091
84,6,14,3.0,3.0,4.257575757575758,4.0,0.8787878787878788,0.12121212121212122
84,7,15,3.0,4.0,4.575757575757576,5.0,0.8636363636363636,0.13636363636363635
84,8,17,4.0,5.0,5.46969696969697,6.0,0.8484848484848485,0.15151515151515152
84,9,18,4.25,5.5,6.0606060606060606,7.0,0.8181818181818182,0.18181818181818182
84,10,19,10.0,10.0,10.0,10.0,0.0,1.0
85,1,3,1.0,1.0,1.0,1.0,1.0,0.0
85,2,5,1.0,1.0,1.4507042253521127,1.0,0.971830985915493,0.028169014084507043
85,3,8,2.0,2.0,2.6338028169014085,2.0,0.9295774647887324,0.07042253521126761
85,4,9,2.0,2.0,2.8028169014084505,3.0,0.9295774647887324,0.07042253521126761
85,5,11,2.0,3.0,3.507042253521127,3.0,0.8873239436619719,0.11267605633802817
85,6,12,3.0,3.0,3.76056338028169,4.0,0.8873239436619719,0.11267605633802817
85,7,15,3.0,4.0,5.0,5.0,0.8450704225352113,0.15492957746478872
85,8,16,4.0,5.0,5.647887323943662,6.0,0.8169014084507042,0.18309859154929578
85,9,18,5.0,6.0,6.619718309859155,8.0,0.7887323943661971,0.2112676056338028
85,10,19,10.0,10.0,10.0,10.0,0.0,1.0
86,1,3,1.0,1.0,1.0,1.0,1.0,0.0
86,2,5,1.0,1.0,1.4576271186440677,1.0,0.9661016949152542,0.03389830508474576
86,3,6,1.0,2.0,1.8135593220338984,2.0,0.9661016949152542,0.03389830508474576
86,4,9,2.0,2.0,2.76271186440678,3.0,0.9322033898305084,0.06779661016949153
86,5,11,3.0,3.0,3.6779661016949152,3.0,0.8813559322033898,0.11864406779661017
86,6,12,3.0,3.0,3.864406779661017,3.5,0.8813559322033898,0.11864406779661017
86,7,13,3.0,3.0,4.677966101694915,4.0,0.7966101694915254,0.2033898305084746
86,8,16,4.0,5.0,6.0,8.5,0.7457627118644068,0.2542372881355932
86,9,18,6.0,6.0,7.11864406779661,10.0,0.711864406779661,0.288135593220339
86,10,19,10.0,10.0,10.0,10.0,0.0,1.0
87,1,3,1.0,1.0,1.0,1.0,1.0,0.0
87,2,6,1.0,2.0,1.7076923076923076,2.0,0.9846153846153847,0.015384615384615385
87,3,9,2.0,2.0,2.646153846153846,3.0,0.9538461538461539,0.046153846153846156
87,4,11,2.0,3.0,3.476923076923077,3.0,0.9076923076923077,0.09230769230769231
87,5,12,3.0,3.0,3.723076923076923,4.0,0.9076923076923077,0.09230769230769231
87,6,14,3.0,4.0,4.769230769230769,5.0,0.8615384615384616,0.13846153846153847
87,7,15,4.0,4.0,5.153846153846154,6.0,0.8461538461538461,0.15384615384615385
87,8,16,4.0,5.0,5.7846153846153845,7.0,0.8153846153846154,0.18461538461538463
87,9,18,5.0,6.0,6.876923076923077,9.0,0.7692307692307693,0.23076923076923078
87,10,19,10.0,10.0,10.0,10.0,0.0,1.0
88,1,3,1.0,1.0,1.0,1.0,1.0,0.0
88,2,5,1.0,1.0,1.3846153846153846,1.0,0.9743589743589743,0.02564102564102564
88,3,9,2.0,2.0,2.58974358974359,2.0,0.9487179487179487,0.05128205128205128
88,4,10,2.0,2.0,2.858974358974359,3.0,0.9358974358974359,0.0641025641025641
88,5,12,3.0,3.0,3.4358974358974357,3.0,0.9358974358974359,0.0641025641025641
88,6,14,3.0,4.0,4.230769230769231,4.0,0.9102564102564102,0.08974358974358974
88,7,15,4.0,4.0,4.602564102564102,5.0,0.9102564102564102,0.08974358974358974
88,8,16,4.0,5.0,5.282051282051282,5.75,0.8717948717948718,0.1282051282051282
88,9,18,5.0,6.0,6.4743589743589745,7.0,0.8076923076923077,0.19230769230769232
88,10,19,10.0,10.0,10.0,10.0,0.0,1.0
89,1,3,1.0,1.0,1.0,1.0,1.0,0.0
89,2,6,1.0,1.0,1.5857142857142856,2.0,0.9857142857142858,0.014285714285714285
89,3,9,2.0,2.0,2.3714285714285714,2.0,0.9714285714285714,0.02857142857142857
89,4,10,2.0,2.0,2.6142857142857143,3.0,0.9571428571428572,0.04285714285714286
89,5,12,3.0,3.0,3.2142857142857144,3.0,0.9571428571428572,0.04285714285714286
89,6,15,3.0,4.0,4.257142857142857,4.0,0.9285714285714286,0.07142857142857142
89,7,16,4.0,4.0,4.785714285714286,5.0,0.9142857142857143,0.08571428571428572
89,8,17,4.0,5.0,5.214285714285714,5.75,0.9142857142857143,0.08571428571428572
89,9,18,5.0,5.0,5.828571428571428,6.0,0.9,0.1
89,10,19,10.0,10.0,10.0,10.0,0.0,1.0
90,1,3,1.0,1.0,1.0,1.0,1.0,0.0
90,2,8,2.0,2.0,2.28,2.0,0.9733333333333334,0.02666666666666667
90,3,9,2.0,2.0,2.44,2.5,0.9733333333333334,0.02666666666666667
90,4,12,3.0,3.0,3.5866666666666664,4.0,0.9466666666666667,0.05333333333333334
90,5,13,3.0,4.0,4.16,4.0,0.9066666666666666,0.09333333333333334
90,6,14,4.0,4.0,4.613333333333333,5.0,0.9066666666666666,0.09333333333333334
90,7,15,4.0,5.0,5.0,5.0,0.9066666666666666,0.09333333333333334
90,8,17,5.0,6.0,6.213333333333333,6.0,0.8666666666666667,0.13333333333333333
90,9,18,6.0,6.0,6.933333333333334,7.0,0.8266666666666667,0.17333333333333334
90,10,19,10.0,10.0,10.0,10.0,0.0,1.0
91,1,3,1.0,1.0,1.0,1.0,1.0,0.0
91,2,5,1.0,1.0,1.4776119402985075,1.0,0.9701492537313433,0.029850746268656716
91,3,8,2.0,2.0,2.716417910447761,2.0,0.9253731343283582,0.07462686567164178
91,4,9,2.0,2.0,2.8358208955223883,3.0,0.9253731343283582,0.07462686567164178
91,5,10,2.0,2.0,3.2388059701492535,3.0,0.8805970149253731,0.11940298507462686
91,6,12,3.0,3.0,3.746268656716418,4.0,0.8805970149253731,0.11940298507462686
91,7,14,3.0,3.0,4.447761194029851,4.0,0.8507462686567164,0.14925373134328357
91,8,15,3.0,4.0,4.626865671641791,5.0,0.8507462686567164,0.14925373134328357
91,9,17,4.0,5.0,5.462686567164179,6.0,0.8208955223880597,0.1791044776119403
91,10,19,10.0,10.0,10.0,10.0,0.0,1.0
92,1,3,1.0,1.0,1.0,1.0,1.0,0.0
92,2,6,1.0,2.0,1.6164383561643836,2.0,0.9863013698630136,0.0136986301369863
92,3,9,2.0,2.0,2.493150684931507,2.0,0.958904109589041,0.0410958904109589
92,4,10,2.0,2.0,2.835616438356164,3.0,0.9315068493150684,0.0684931506849315
92,5,12,3.0,3.0,3.3835616438356166,3.0,0.9315068493150684,0.0684931506849315
92,6,15,3.0,4.0,4.383561643835616,5.0,0.9178082191780822,0.0821917808219178
92,7,16,4.0,4.0,5.0,5.0,0.8767123287671232,0.1232876712328767
92,8,17,4.0,5.0,5.438356164383562,6.0,0.8767123287671232,0.1232876712328767
92,9,18,5.0,6.0,6.123287671232877,7.0,0.8356164383561644,0.1643835616438356
92,10,19,10.0,10.0,10.0,10.0,0.0,1.0
93,1,3,1.0,1.0,1.0,1.0,1.0,0.0
93,2,5,1.0,1.0,1.4230769230769231,1.0,0.9743589743589743,0.02564102564102564
93,3,9,2.0,2.0,2.6923076923076925,2.0,0.9358974358974359,0.0641025641025641
93,4,10,2.0,2.0,3.076923076923077,3.0,0.9102564102564102,0.08974358974358974
93,5,12,3.0,3.0,3.6025641025641026,3.75,0.9102564102564102,0.08974358974358974
93,6,13,3.0,3.0,4.3076923076923075,4.0,0.8589743589743589,0.14102564102564102
93,7,15,3.0,4.0,4.871794871794871,5.0,0.8461538461538461,0.15384615384615385
93,8,16,4.0,5.0,5.512820512820513,6.0,0.7948717948717948,0.20512820512820512
93,9,18,5.0,6.0,6.5256410256410255,10.0,0.7307692307692307,0.2692307692307692
93,10,19,10.0,10.0,10.0,10.0,0.0,1.0
94,1,3,1.0,1.0,1.0,1.0,1.0,0.0
94,2,8,2.0,2.0,2.34375,2.0,0.96875,0.03125
94,3,9,2.0,2.0,2.515625,3.0,0.96875,0.03125
94,4,12,3.0,3.0,3.65625,4.0,0.9375,0.0625
94,5,13,3.0,4.0,4.296875,4.0,0.890625,0.109375
94,6,14,4.0,4.0,4.6875,5.0,0.890625,0.109375
94,7,15,4.0,5.0,5.1875,5.0,0.890625,0.109375
94,8,17,5.0,6.0,6.5,7.0,0.828125,0.171875
94,9,18,6.0,7.0,7.3125,9.0,0.765625,0.234375
94,10,19,10.0,10.0,10.0,10.0,0.0,1.0
95,1,3,1.0,1.0,1.0,1.0,1.0,0.0
95,2,5,1.0,1.0,1.5076923076923077,2.0,0.9692307692307692,0.03076923076923077
95,3,6,1.0,2.0,1.876923076923077,2.0,0.9692307692307692,0.03076923076923077
95,4,9,2.0,2.0,2.876923076923077,3.0,0.9230769230769231,0.07692307692307693
95,5,11,3.0,3.0,3.6769230769230767,3.0,0.8923076923076924,0.1076923076923077
95,6,13,3.0,4.0,4.661538461538462,4.0,0.8307692307692308,0.16923076923076924
95,7,14,4.0,4.0,5.061538461538461,5.0,0.8307692307692308,0.16923076923076924
95,8,16,5.0,5.0,6.323076923076923,7.0,0.7692307692307693,0.23076923076923078
95,9,17,5.0,6.0,7.0,10.0,0.7230769230769231,0.27692307692307694
95,10,19,10.0,10.0,10.0,10.0,0.0,1.0
96,1,3,1.0,1.0,1.0,1.0,1.0,0.0
96,2,5,1.0,1.0,1.488888888888889,2.0,0.9777777777777777,0.022222222222222223
96,3,6,1.0,2.0,1.8666666666666667,2.0,0.9777777777777777,0.022222222222222223
96,4,9,2.0,2.0,2.933333333333333,3.0,0.9333333333333333,0.06666666666666667
96,5,11,3.0,3.0,3.8222222222222224,3.0,0.8888888888888888,0.1111111111111111
96,6,13,4.0,4.0,4.733333333333333,4.0,0.8444444444444444,0.15555555555555556
96,7,14,4.0,4.0,5.066666666666666,5.0,0.8444444444444444,0.15555555555555556
96,8,16,5.0,5.0,6.222222222222222,7.0,0.8,0.2
96,9,17,6.0,6.0,6.844444444444444,8.0,0.7777777777777778,0.2222222222222222
96,10,19,10.0,10.0,10.0,10.0,0.0,1.0
97,1,3,1.0,1.0,1.0,1.0,1.0,0.0
97,2,6,1.0,1.0,1.53125,2.0,0.984375,0.015625
97,3,9,2.0,2.0,2.4375,2.0,0.96875,0.03125
97,4,11,2.0,2.0,2.953125,3.0,0.9375,0.0625
97,5,12,2.0,3.0,3.203125,3.0,0.9375,0.0625
97,6,15,3.0,3.5,4.046875,4.0,0.921875,0.078125
97,7,16,4.0,4.0,4.46875,4.0,0.90625,0.09375
97,8,17,4.0,4.0,4.96875,5.0,0.90625,0.09375
97,9,18,5.0,5.0,5.4375,5.25,0.90625,0.09375
97,10,19,10.0,10.0,10.0,10.0,0.0,1.0
98,1,3,1.0,1.0,1.0,1.0,1.0,0.0
98,2,5,1.0,1.0,1.467741935483871,1.0,0.967741935483871,0.03225806451612903
98,3,8,2.0,2.0,2.596774193548387,2.0,0.9354838709677419,0.06451612903225806
98,4,9,2.0,2.0,2.725806451612903,3.0,0.9354838709677419,0.06451612903225806
98,5,12,3.0,3.0,3.8225806451612905,3.75,0.8709677419354839,0.12903225806451613
98,6,13,3.0,3.5,4.467741935483871,4.0,0.8387096774193549,0.16129032258064516
98,7,15,4.0,4.0,5.258064516129032,5.0,0.8064516129032258,0.1935483870967742
98,8,16,4.0,5.0,5.82258064516129,6.0,0.7741935483870968,0.22580645161290322
98,9,18,5.0,7.0,7.016129032258065,10.0,0.6935483870967742,0.3064516129032258
98,10,19,10.0,10.0,10.0,10.0,0.0,1.0
99,1,3,1.0,1.0,1.0,1.0,1.0,0.0
99,2,5,1.0,1.0,1.486842105263158,2.0,0.9736842105263158,0.02631578947368421
99,3,6,1.0,2.0,1.8157894736842106,2.0,0.9736842105263158,0.02631578947368421
99,4,9,2.0,2.0,2.8552631578947367,3.0,0.9342105263157895,0.06578947368421052
99,5,11,2.75,3.0,3.539473684210526,3.0,0.9078947368421053,0.09210526315789473
99,6,13,3.0,4.0,4.315789473684211,4.0,0.881578947368421,0.11842105263157894
99,7,14,3.0,4.0,4.631578947368421,5.0,0.881578947368421,0.11842105263157894
99,8,16,4.0,5.0,5.565789473684211,6.0,0.8552631578947368,0.14473684210526316
99,9,17,4.75,6.0,6.052631578947368,7.0,0.8421052631578947,0.15789473684210525
99,10,19,10.0,10.0,10.0,10.0,0.0,1.0
