map_id,start_x,start_y,target_x,target_y,p,max_steps_for_thresholds,thresholds,tau1,tau10,reachable_full_core_state_count,reachable_exact_belief_id_count,reachable_knowledge_context_count,reachable_xhat_yhat_count,reachable_physical_position_count,reachable_reset_position_count,update_behavior_count,skip_behavior_count,stochastic_move_branch_count,support_violations
10,0,0,9,9,0.01,10,"[588, 1138, 1650, 2127, 2574, 2991, 3381, 3745, 4085, 4403]",588,4403,21951,469,680,100,100,100,21845,17135,68129,60
11,0,0,9,9,0.01,10,"[588, 1136, 1650, 2127, 2574, 2991, 3381, 3745, 4086, 4403]",588,4403,17274,368,535,100,100,100,17168,13683,54364,93
12,0,0,9,9,0.01,10,"[588, 1138, 1650, 2127, 2571, 2991, 3379, 3744, 4085, 4403]",588,4403,25352,553,771,100,100,100,25243,19862,78903,159
13,0,0,9,9,0.01,10,"[588, 1138, 1650, 2127, 2574, 2991, 3379, 3743, 4084, 4403]",588,4403,23001,499,716,100,100,100,22895,17992,71488,161
14,0,0,9,9,0.01,10,"[588, 1136, 1650, 2127, 2572, 2991, 3380, 3746, 4092, 4419]",588,4419,24263,526,746,100,100,100,24154,19014,75528,123
15,0,0,9,9,0.01,10,"[588, 1138, 1650, 2127, 2573, 2990, 3379, 3744, 4085, 4405]",588,4405,16674,393,588,100,100,100,16568,12813,50889,101
16,0,0,9,9,0.01,10,"[588, 1136, 1650, 2127, 2574, 2991, 3381, 3744, 4086, 4403]",588,4403,25212,550,757,100,100,100,25103,19805,78693,125
17,0,0,9,9,0.01,10,"[588, 1138, 1650, 2127, 2574, 2992, 3381, 3746, 4086, 4405]",588,4405,23621,501,695,100,100,100,23515,18678,74242,60
18,0,0,9,9,0.01,10,"[588, 1138, 1650, 2127, 2574, 2991, 3381, 3746, 4086, 4405]",588,4405,24697,542,742,100,100,100,24588,19464,77331,50
19,0,0,9,9,0.01,10,"[588, 1138, 1650, 2127, 2574, 2992, 3384, 3756, 4102, 4426]",588,4426,22552,482,685,100,100,100,22443,17793,70682,58
20,0,0,9,9,0.01,10,"[588, 1138, 1650, 2127, 2574, 2991, 3380, 3744, 4086, 4411]",588,4411,17228,359,539,100,100,100,17122,13560,53889,120
21,0,0,9,9,0.01,10,"[588, 1138, 1650, 2127, 2572, 2990, 3379, 3744, 4083, 4403]",588,4403,21273,466,686,100,100,100,21167,16482,65515,158
22,0,0,9,9,0.01,10,"[588, 1136, 1650, 2127, 2571, 2990, 3379, 3745, 4086, 4412]",588,4412,23552,473,701,100,100,100,23446,18658,74147,226
23,0,0,9,9,0.01,10,"[588, 1138, 1650, 2127, 2574, 2991, 3381, 3745, 4086, 4408]",588,4408,22427,477,710,100,100,100,22318,17481,69453,106
24,0,0,9,9,0.01,10,"[588, 1136, 1650, 2127, 2574, 2992, 3381, 3748, 4096, 4419]",588,4419,25916,571,783,100,100,100,25807,20365,80900,109
25,0,0,9,9,0.01,10,"[588, 1138, 1650, 2127, 2574, 2992, 3381, 3746, 4086, 4405]",588,4405,25064,527,738,100,100,100,24958,19791,78645,94
26,0,0,9,9,0.01,10,"[588, 1138, 1650, 2127, 2574, 2991, 3381, 3744, 4087, 4418]",588,4418,18218,421,607,100,100,100,18109,14071,55898,73
27,0,0,9,9,0.01,10,"[588, 1138, 1650, 2127, 2574, 2991, 3381, 3744, 4084, 4403]",588,4403,26189,566,782,100,100,100,26083,20598,81846,146
28,0,0,9,9,0.01,10,"[588, 1138, 1650, 2127, 2574, 2991, 3381, 3745, 4086, 4404]",588,4404,23427,509,701,100,100,100,23321,18454,73339,111
29,0,0,9,9,0.01,10,"[588, 1136, 1650, 2127, 2574, 2991, 3380, 3745, 4086, 4404]",588,4404,20614,457,653,100,100,100,20505,16168,64232,79
30,0,0,9,9,0.01,10,"[588, 1138, 1650, 2127, 2574, 2991, 3381, 3745, 4086, 4405]",588,4405,21563,470,665,100,100,100,21454,16975,67435,115
31,0,0,9,9,0.01,10,"[588, 1138, 1650, 2128, 2574, 2992, 3381, 3745, 4085, 4403]",588,4403,23011,511,704,100,100,100,22905,18019,71603,96
32,0,0,9,9,0.01,10,"[588, 1137, 1650, 2127, 2574, 2991, 3381, 3745, 4086, 4404]",588,4404,23587,519,736,100,100,100,23478,18393,73092,97
33,0,0,9,9,0.01,10,"[588, 1138, 1650, 2128, 2574, 2992, 3381, 3751, 4093, 4420]",588,4420,28632,624,834,100,100,100,28523,22644,89946,47
34,0,0,9,9,0.01,10,"[588, 1138, 1650, 2127, 2574, 2991, 3381, 3745, 4086, 4403]",588,4403,22795,509,709,100,100,100,22689,17788,70678,101
35,0,0,9,9,0.01,10,"[588, 1136, 1650, 2127, 2573, 2990, 3381, 3745, 4086, 4412]",588,4412,23891,497,727,100,100,100,23785,18798,74693,220
36,0,0,9,9,0.01,10,"[588, 1138, 1650, 2128, 2574, 2992, 3381, 3751, 4096, 4415]",588,4415,23628,518,717,100,100,100,23519,18565,73765,105
37,0,0,9,9,0.01,10,"[588, 1138, 1650, 2127, 2574, 2991, 3381, 3746, 4086, 4405]",588,4405,23634,495,697,100,100,100,23528,18699,74318,114
38,0,0,9,9,0.01,10,"[588, 1137, 1650, 2127, 2574, 2991, 3381, 3745, 4087, 4408]",588,4408,23709,511,709,100,100,100,23603,18772,74570,120
39,0,0,9,9,0.01,10,"[588, 1137, 1650, 2127, 2574, 2990, 3380, 3744, 4094, 4421]",588,4421,14868,355,525,100,100,100,14762,11467,45551,83
40,0,0,9,9,0.01,10,"[588, 1138, 1650, 2128, 2574, 2991, 3381, 3755, 4101, 4422]",588,4422,16646,382,553,100,100,100,16540,12960,51491,87
41,0,0,9,9,0.01,10,"[588, 1138, 1650, 2127, 2574, 2991, 3381, 3745, 4086, 4404]",588,4404,21848,463,679,100,100,100,21742,17161,68185,108
42,0,0,9,9,0.01,10,"[588, 1138, 1650, 2128, 2574, 2992, 3381, 3746, 4086, 4405]",588,4405,18865,423,585,100,100,100,18756,14909,59206,79
43,0,0,9,9,0.01,10,"[588, 1138, 1650, 2128, 2574, 2992, 3381, 3746, 4089, 4410]",588,4410,27117,575,779,100,100,100,27008,21490,85397,88
44,0,0,9,9,0.01,10,"[588, 1138, 1650, 2127, 2574, 2991, 3381, 3745, 4086, 4404]",588,4404,27255,583,800,100,100,100,27146,21489,85383,98
45,0,0,9,9,0.01,10,"[588, 1138, 1650, 2128, 2574, 2992, 3381, 3745, 4086, 4404]",588,4404,26523,584,779,100,100,100,26414,20991,83383,99
46,0,0,9,9,0.01,10,"[588, 1136, 1650, 2127, 2574, 2990, 3379, 3744, 4084, 4409]",588,4409,22715,500,713,100,100,100,22606,17800,70709,161
47,0,0,9,9,0.01,10,"[588, 1138, 1650, 2128, 2574, 2992, 3381, 3746, 4086, 4404]",588,4404,29039,589,808,100,100,100,28930,23221,92251,136
48,0,0,9,9,0.01,10,"[588, 1136, 1650, 2127, 2574, 2991, 3381, 3750, 4097, 4422]",588,4422,24871,545,772,100,100,100,24762,19441,77218,153
49,0,0,9,9,0.01,10,"[588, 1138, 1650, 2128, 2574, 2992, 3381, 3745, 4086, 4404]",588,4404,26057,566,777,100,100,100,25948,20501,81457,135
50,0,0,9,9,0.01,10,"[588, 1138, 1650, 2127, 2574, 2991, 3381, 3745, 4086, 4405]",588,4405,24119,519,710,100,100,100,24013,19174,76155,94
51,0,0,9,9,0.01,10,"[588, 1137, 1650, 2127, 2574, 2992, 3381, 3745, 4086, 4404]",588,4404,26354,542,762,100,100,100,26248,20911,83075,164
52,0,0,9,9,0.01,10,"[588, 1136, 1650, 2127, 2574, 2991, 3381, 3745, 4086, 4410]",588,4410,20220,454,666,100,100,100,20111,15699,62385,129
53,0,0,9,9,0.01,10,"[588, 1138, 1650, 2127, 2574, 2991, 3381, 3745, 4086, 4405]",588,4405,25288,520,728,100,100,100,25179,20169,80116,109
54,0,0,9,9,0.01,10,"[588, 1138, 1650, 2128, 2574, 2992, 3381, 3746, 4086, 4405]",588,4405,25448,561,775,100,100,100,25339,19943,79239,66
55,0,0,9,9,0.01,10,"[588, 1138, 1650, 2128, 2574, 2992, 3381, 3745, 4085, 4403]",588,4403,24199,522,718,100,100,100,24090,19057,75720,127
56,0,0,9,9,0.01,10,"[588, 1137, 1650, 2127, 2574, 2991, 3381, 3746, 4086, 4405]",588,4405,18661,374,563,100,100,100,18555,14827,58915,95
57,0,0,9,9,0.01,10,"[588, 1138, 1650, 2127, 2574, 2991, 3381, 3745, 4086, 4403]",588,4403,24448,536,742,100,100,100,24339,19130,76022,112
58,0,0,9,9,0.01,10,"[588, 1137, 1650, 2127, 2574, 2990, 3380, 3745, 4097, 4422]",588,4422,20697,472,688,100,100,100,20588,15980,63490,105
59,0,0,9,9,0.01,10,"[588, 1136, 1650, 2127, 2574, 2992, 3381, 3748, 4097, 4417]",588,4417,22811,478,677,100,100,100,22705,18089,71849,109
60,0,0,9,9,0.01,10,"[588, 1138, 1650, 2127, 2574, 2992, 3381, 3746, 4086, 4403]",588,4403,24703,552,745,100,100,100,24594,19371,76967,66
61,0,0,9,9,0.01,10,"[588, 1136, 1650, 2127, 2573, 2991, 3380, 3745, 4086, 4404]",588,4404,23561,495,712,100,100,100,23452,18578,73830,180
62,0,0,9,9,0.01,10,"[588, 1138, 1650, 2127, 2574, 2992, 3381, 3746, 4088, 4407]",588,4407,24182,532,735,100,100,100,24073,19040,75630,110
63,0,0,9,9,0.01,10,"[588, 1136, 1650, 2127, 2574, 2991, 3380, 3745, 4085, 4409]",588,4409,21795,451,680,100,100,100,21689,17056,67788,170
64,0,0,9,9,0.01,10,"[588, 1136, 1650, 2127, 2574, 2991, 3381, 3750, 4098, 4420]",588,4420,19733,417,619,100,100,100,19627,15487,61536,109
65,0,0,9,9,0.01,10,"[588, 1138, 1650, 2128, 2574, 2992, 3381, 3746, 4086, 4404]",588,4404,25798,535,754,100,100,100,25689,20460,81313,134
66,0,0,9,9,0.01,10,"[588, 1136, 1650, 2127, 2574, 2991, 3380, 3744, 4091, 4415]",588,4415,25077,534,779,100,100,100,24968,19587,77817,207
67,0,0,9,9,0.01,10,"[588, 1136, 1650, 2127, 2574, 2991, 3381, 3746, 4086, 4403]",588,4403,23822,512,696,100,100,100,23716,18897,75083,110
68,0,0,9,9,0.01,10,"[588, 1138, 1650, 2128, 2574, 2992, 3381, 3746, 4086, 4404]",588,4404,25607,546,745,100,100,100,25501,20281,80574,98
69,0,0,9,9,0.01,10,"[588, 1138, 1650, 2127, 2574, 2991, 3381, 3745, 4086, 4403]",588,4403,25293,521,735,100,100,100,25184,20022,79589,170
70,0,0,9,9,0.01,10,"[588, 1138, 1650, 2128, 2574, 2991, 3381, 3745, 4086, 4405]",588,4405,28462,611,814,100,100,100,28353,22596,89772,135
71,0,0,9,9,0.01,10,"[588, 1136, 1650, 2127, 2574, 2991, 3381, 3745, 4084, 4404]",588,4404,24555,514,734,100,100,100,24446,19332,76823,159
72,0,0,9,9,0.01,10,"[588, 1136, 1650, 2127, 2574, 2991, 3381, 3745, 4086, 4403]",588,4403,24061,497,710,100,100,100,23955,18997,75495,137
73,0,0,9,9,0.01,10,"[588, 1136, 1650, 2127, 2574, 2991, 3381, 3746, 4086, 4406]",588,4406,24212,504,709,100,100,100,24106,19170,76171,91
74,0,0,9,9,0.01,10,"[588, 1138, 1650, 2127, 2574, 2992, 3381, 3746, 4089, 4416]",588,4416,27966,588,801,100,100,100,27857,22237,88332,117
75,0,0,9,9,0.01,10,"[588, 1138, 1650, 2127, 2574, 2991, 3381, 3745, 4086, 4404]",588,4404,22788,482,684,100,100,100,22682,17951,71337,97
76,0,0,9,9,0.01,10,"[588, 1138, 1650, 2127, 2574, 2992, 3381, 3750, 4094, 4416]",588,4416,18196,391,571,100,100,100,18090,14334,56948,89
77,0,0,9,9,0.01,10,"[588, 1138, 1650, 2128, 2574, 2992, 3381, 3746, 4086, 4411]",588,4411,20866,463,648,100,100,100,20760,16440,65307,90
78,0,0,9,9,0.01,10,"[588, 1136, 1650, 2127, 2574, 2992, 3381, 3745, 4086, 4404]",588,4404,23121,505,699,100,100,100,23015,18145,72116,112
79,0,0,9,9,0.01,10,"[588, 1136, 1650, 2127, 2574, 2991, 3379, 3745, 4086, 4403]",588,4403,21684,458,663,100,100,100,21575,16993,67544,163
80,0,0,9,9,0.01,10,"[588, 1136, 1650, 2127, 2574, 2991, 3381, 3744, 4090, 4412]",588,4412,20013,421,623,100,100,100,19907,15766,62636,216
81,0,0,9,9,0.01,10,"[588, 1137, 1650, 2127, 2574, 2991, 3381, 3745, 4086, 4404]",588,4404,19255,403,606,100,100,100,19149,15016,59688,100
82,0,0,9,9,0.01,10,"[588, 1138, 1650, 2127, 2574, 2991, 3381, 3746, 4087, 4410]",588,4410,26553,542,746,100,100,100,26444,21253,84421,158
83,0,0,9,9,0.01,10,"[588, 1138, 1650, 2127, 2574, 2991, 3381, 3745, 4086, 4403]",588,4403,23416,487,689,100,100,100,23310,18527,73627,125
84,0,0,9,9,0.01,10,"[588, 1138, 1650, 2128, 2574, 2991, 3381, 3745, 4086, 4403]",588,4403,22215,474,671,100,100,100,22109,17447,69347,129
85,0,0,9,9,0.01,10,"[588, 1138, 1650, 2127, 2574, 2991, 3381, 3745, 4086, 4408]",588,4408,23106,497,706,100,100,100,22997,18176,72214,107
86,0,0,9,9,0.01,10,"[588, 1138, 1650, 2127, 2574, 2992, 3381, 3746, 4094, 4419]",588,4419,16778,364,563,100,100,100,16672,12956,51508,98
87,0,0,9,9,0.01,10,"[588, 1136, 1650, 2127, 2574, 2991, 3380, 3745, 4086, 4404]",588,4404,21465,450,660,100,100,100,21359,16881,67077,129
88,0,0,9,9,0.01,10,"[588, 1138, 1650, 2127, 2574, 2991, 3381, 3745, 4086, 4405]",588,4405,24492,537,763,100,100,100,24383,19073,75781,94
89,0,0,9,9,0.01,10,"[588, 1138, 1650, 2127, 2574, 2992, 3381, 3746, 4086, 4405]",588,4405,25453,533,744,100,100,100,25347,20087,79817,110
90,0,0,9,9,0.01,10,"[588, 1138, 1650, 2127, 2574, 2991, 3381, 3745, 4085, 4404]",588,4404,26182,567,773,100,100,100,26073,20715,82288,184
91,0,0,9,9,0.01,10,"[588, 1138, 1650, 2128, 2574, 2992, 3381, 3746, 4086, 4405]",588,4405,23914,516,695,100,100,100,23808,19031,75623,41
92,0,0,9,9,0.01,10,"[588, 1138, 1650, 2127, 2574, 2991, 3381, 3745, 4086, 4409]",588,4409,24572,544,744,100,100,100,24463,19289,76635,94
93,0,0,9,9,0.01,10,"[588, 1138, 1650, 2127, 2574, 2991, 3381, 3746, 4086, 4403]",588,4403,24616,533,753,100,100,100,24507,19274,76600,101
94,0,0,9,9,0.01,10,"[588, 1138, 1650, 2127, 2571, 2990, 3379, 3744, 4086, 4405]",588,4405,19459,409,631,100,100,100,19353,15100,60015,147
95,0,0,9,9,0.01,10,"[588, 1136, 1650, 2127, 2574, 2991, 3379, 3744, 4086, 4403]",588,4403,17748,398,606,100,100,100,17642,13641,54208,129
96,0,0,9,9,0.01,10,"[588, 1137, 1650, 2127, 2574, 2991, 3384, 3752, 4095, 4416]",588,4416,14340,318,480,100,100,100,14234,11274,44772,71
97,0,0,9,9,0.01,10,"[588, 1138, 1650, 2128, 2574, 2992, 3381, 3746, 4086, 4405]",588,4405,24708,521,706,100,100,100,24599,19713,78327,66
98,0,0,9,9,0.01,10,"[588, 1136, 1650, 2127, 2571, 2991, 3381, 3744, 4084, 4403]",588,4403,18590,394,601,100,100,100,18484,14421,57343,128
99,0,0,9,9,0.01,10,"[588, 1136, 1650, 2127, 2574, 2992, 3381, 3746, 4089, 4416]",588,4416,25237,547,761,100,100,100,25128,19866,78911,106
