model,decision,threshold,first_step_q1,first_step_median,first_step_mean,first_step_q3,reached_fraction,not_reached_fraction
10,1,3,1.0,1.0,1.0,1.0,1.0,0.0
10,2,5,1.0,1.0,1.1323529411764706,1.0,0.9714285714285714,0.02857142857142858
10,3,6,1.0,1.0,1.4411764705882353,2.0,0.9714285714285714,0.02857142857142858
10,4,10,2.0,2.0,2.3333333333333335,3.0,0.9,0.09999999999999998
10,5,12,3.0,3.0,2.9047619047619047,3.0,0.9,0.09999999999999998
10,6,14,3.0,3.0,3.55,4.0,0.8571428571428571,0.1428571428571429
10,7,16,4.0,4.0,4.298245614035087,5.0,0.8142857142857143,0.18571428571428572
10,8,17,4.0,4.0,4.745454545454545,6.0,0.7857142857142857,0.2142857142857143
10,9,18,4.0,5.0,5.196078431372549,6.0,0.7285714285714285,0.27142857142857146
10,10,19,,,,,0.0,1.0
11,1,3,1.0,1.0,1.0,1.0,1.0,0.0
11,2,6,1.0,2.0,1.574468085106383,2.0,0.9791666666666666,0.02083333333333337
11,3,8,2.0,2.0,2.108695652173913,2.0,0.9583333333333334,0.04166666666666663
11,4,9,2.0,2.0,2.260869565217391,2.75,0.9583333333333334,0.04166666666666663
11,5,12,3.0,3.0,3.022222222222222,3.0,0.9375,0.0625
11,6,14,3.0,4.0,3.6818181818181817,4.0,0.9166666666666666,0.08333333333333337
11,7,15,3.0,4.0,3.9767441860465116,4.5,0.8958333333333334,0.10416666666666663
11,8,16,4.0,4.0,4.439024390243903,5.0,0.8541666666666666,0.14583333333333337
11,9,18,5.0,5.0,5.526315789473684,6.0,0.7916666666666666,0.20833333333333337
11,10,19,,,,,0.0,1.0
12,1,3,1.0,1.0,1.0,1.0,1.0,0.0
12,2,9,2.0,2.0,2.1506849315068495,2.0,0.9733333333333334,0.026666666666666616
12,3,10,2.0,2.0,2.375,3.0,0.96,0.040000000000000036
12,4,12,3.0,3.0,3.0277777777777777,3.0,0.96,0.040000000000000036
12,5,13,3.0,3.0,3.3380281690140845,4.0,0.9466666666666667,0.053333333333333344
12,6,15,4.0,4.0,4.112676056338028,5.0,0.9466666666666667,0.053333333333333344
12,7,16,4.0,5.0,4.632352941176471,5.0,0.9066666666666666,0.09333333333333338
12,8,17,4.5,5.0,5.313432835820896,6.0,0.8933333333333333,0.10666666666666669
12,9,18,5.0,6.0,5.9375,7.0,0.8533333333333334,0.1466666666666666
12,10,19,,,,,0.0,1.0
13,1,3,1.0,1.0,1.0,1.0,1.0,0.0
13,2,6,1.0,1.0,1.4929577464788732,2.0,0.9861111111111112,0.01388888888888884
13,3,9,2.0,2.0,2.1739130434782608,2.0,0.9583333333333334,0.04166666666666663
13,4,12,3.0,3.0,3.074626865671642,3.0,0.9305555555555556,0.06944444444444442
13,5,13,3.0,3.0,3.375,4.0,0.8888888888888888,0.11111111111111116
13,6,14,3.0,4.0,3.8125,4.0,0.8888888888888888,0.11111111111111116
13,7,16,4.0,5.0,4.766666666666667,5.0,0.8333333333333334,0.16666666666666663
13,8,17,5.0,5.0,5.372881355932203,6.0,0.8194444444444444,0.18055555555555558
13,9,18,5.0,6.0,6.0,7.0,0.7916666666666666,0.20833333333333337
13,10,19,,,,,0.0,1.0
14,1,3,1.0,1.0,1.0,1.0,1.0,0.0
14,2,5,1.0,1.0,1.2083333333333333,1.0,0.972972972972973,0.027027027027026973
14,3,9,2.0,2.0,2.2253521126760565,2.0,0.9594594594594594,0.04054054054054057
14,4,12,3.0,3.0,3.0434782608695654,3.0,0.9324324324324325,0.06756756756756754
14,5,13,3.0,3.0,3.417910447761194,4.0,0.9054054054054054,0.09459459459459463
14,6,14,3.5,4.0,3.8955223880597014,4.0,0.9054054054054054,0.09459459459459463
14,7,16,4.0,5.0,4.938461538461539,6.0,0.8783783783783784,0.1216216216216216
14,8,17,5.0,6.0,5.640625,6.0,0.8648648648648649,0.1351351351351351
14,9,18,6.0,6.0,6.278688524590164,7.0,0.8243243243243243,0.17567567567567566
14,10,19,,,,,0.0,1.0
15,1,3,1.0,1.0,1.0,1.0,1.0,0.0
15,2,5,1.0,1.0,1.1475409836065573,1.0,0.9682539682539683,0.031746031746031744
15,3,9,2.0,2.0,2.2203389830508473,2.0,0.9365079365079365,0.06349206349206349
15,4,10,2.0,2.0,2.4285714285714284,3.0,0.8888888888888888,0.11111111111111116
15,5,13,3.0,3.0,3.4423076923076925,4.0,0.8253968253968254,0.17460317460317465
15,6,14,4.0,4.0,3.980769230769231,4.0,0.8253968253968254,0.17460317460317465
15,7,15,4.0,4.0,4.4423076923076925,5.0,0.8253968253968254,0.17460317460317465
15,8,17,5.0,6.0,5.8478260869565215,6.0,0.7301587301587301,0.2698412698412699
15,9,18,6.0,7.0,6.5,7.0,0.6666666666666666,0.33333333333333337
15,10,19,,,,,0.0,1.0
16,1,3,1.0,1.0,1.0,1.0,1.0,0.0
16,2,5,1.0,1.0,1.1506849315068493,1.0,0.9733333333333334,0.026666666666666616
16,3,6,1.0,2.0,1.5068493150684932,2.0,0.9733333333333334,0.026666666666666616
16,4,10,2.0,2.0,2.318840579710145,3.0,0.92,0.07999999999999996
16,5,12,3.0,3.0,2.9420289855072466,3.0,0.92,0.07999999999999996
16,6,14,3.0,3.0,3.462686567164179,4.0,0.8933333333333333,0.10666666666666669
16,7,16,4.0,4.0,4.323076923076923,5.0,0.8666666666666667,0.1333333333333333
16,8,17,4.0,4.5,4.78125,6.0,0.8533333333333334,0.1466666666666666
16,9,18,4.0,5.0,5.338709677419355,6.0,0.8266666666666667,0.17333333333333334
16,10,19,,,,,0.0,1.0
17,1,3,1.0,1.0,1.0,1.0,1.0,0.0
17,2,5,1.0,1.0,1.1818181818181819,1.0,0.9705882352941176,0.02941176470588236
17,3,6,1.0,1.0,1.4393939393939394,2.0,0.9705882352941176,0.02941176470588236
17,4,9,2.0,2.0,2.25,2.25,0.9411764705882353,0.05882352941176472
17,5,10,2.0,2.0,2.3870967741935485,3.0,0.9117647058823529,0.08823529411764708
17,6,12,2.0,3.0,2.9193548387096775,3.0,0.9117647058823529,0.08823529411764708
17,7,15,3.0,4.0,3.8833333333333333,5.0,0.8823529411764706,0.11764705882352944
17,8,17,4.0,4.0,4.56140350877193,5.0,0.8382352941176471,0.16176470588235292
17,9,18,4.0,5.0,5.1454545454545455,6.0,0.8088235294117647,0.19117647058823528
17,10,19,,,,,0.0,1.0
18,1,3,1.0,1.0,1.0,1.0,1.0,0.0
18,2,6,1.0,1.0,1.4583333333333333,2.0,0.9863013698630136,0.013698630136986356
18,3,9,2.0,2.0,2.1714285714285713,2.0,0.958904109589041,0.04109589041095896
18,4,10,2.0,2.0,2.338235294117647,3.0,0.9315068493150684,0.06849315068493156
18,5,12,3.0,3.0,2.926470588235294,3.0,0.9315068493150684,0.06849315068493156
18,6,15,3.0,4.0,3.8461538461538463,4.0,0.8904109589041096,0.1095890410958904
18,7,16,4.0,4.0,4.225806451612903,5.0,0.8493150684931506,0.15068493150684936
18,8,17,4.0,5.0,4.693548387096774,5.0,0.8493150684931506,0.15068493150684936
18,9,18,5.0,5.0,5.3,6.0,0.821917808219178,0.17808219178082196
18,10,19,,,,,0.0,1.0
19,1,3,1.0,1.0,1.0,1.0,1.0,0.0
19,2,6,1.0,2.0,1.6,2.0,0.9701492537313433,0.02985074626865669
19,3,8,2.0,2.0,2.111111111111111,2.0,0.9402985074626866,0.05970149253731338
19,4,9,2.0,2.0,2.2857142857142856,3.0,0.9402985074626866,0.05970149253731338
19,5,12,3.0,3.0,3.1475409836065573,3.0,0.9104477611940298,0.08955223880597019
19,6,14,3.0,4.0,3.864406779661017,4.0,0.8805970149253731,0.11940298507462688
19,7,15,4.0,4.0,4.237288135593221,5.0,0.8805970149253731,0.11940298507462688
19,8,16,4.0,5.0,4.678571428571429,5.0,0.835820895522388,0.16417910447761197
19,9,18,5.0,6.0,5.685185185185185,6.75,0.8059701492537313,0.19402985074626866
19,10,19,,,,,0.0,1.0
20,1,3,1.0,1.0,1.0,1.0,1.0,0.0
20,2,6,1.0,2.0,1.6041666666666667,2.0,0.9795918367346939,0.020408163265306145
20,3,8,2.0,2.0,2.0638297872340425,2.0,0.9591836734693877,0.04081632653061229
20,4,9,2.0,2.0,2.25531914893617,2.5,0.9591836734693877,0.04081632653061229
20,5,12,3.0,3.0,3.0217391304347827,3.0,0.9387755102040817,0.061224489795918324
20,6,14,3.0,4.0,3.888888888888889,4.0,0.9183673469387755,0.08163265306122447
20,7,15,4.0,4.0,4.295454545454546,5.0,0.8979591836734694,0.10204081632653061
20,8,16,4.0,5.0,4.833333333333333,5.75,0.8571428571428571,0.1428571428571429
20,9,18,5.0,6.0,6.125,7.0,0.8163265306122449,0.18367346938775508
20,10,19,,,,,0.0,1.0
21,1,3,1.0,1.0,1.0,1.0,1.0,0.0
21,2,5,1.0,1.0,1.1857142857142857,1.0,0.9722222222222222,0.02777777777777779
21,3,9,2.0,2.0,2.1911764705882355,2.0,0.9444444444444444,0.05555555555555558
21,4,10,2.0,2.0,2.3846153846153846,3.0,0.9027777777777778,0.09722222222222221
21,5,13,3.0,3.0,3.3492063492063493,4.0,0.875,0.125
21,6,14,3.0,4.0,3.7777777777777777,4.0,0.875,0.125
21,7,15,4.0,4.0,4.317460317460317,5.0,0.875,0.125
21,8,17,5.0,6.0,5.649122807017544,6.0,0.7916666666666666,0.20833333333333337
21,9,18,5.0,7.0,6.346153846153846,7.0,0.7222222222222222,0.2777777777777778
21,10,19,,,,,0.0,1.0
22,1,3,1.0,1.0,1.0,1.0,1.0,0.0
22,2,6,1.0,2.0,1.6323529411764706,2.0,0.9855072463768116,0.01449275362318836
22,3,8,2.0,2.0,2.1363636363636362,2.0,0.9565217391304348,0.04347826086956519
22,4,9,2.0,2.0,2.3636363636363638,3.0,0.9565217391304348,0.04347826086956519
22,5,12,3.0,3.0,3.21875,4.0,0.927536231884058,0.07246376811594202
22,6,14,4.0,4.0,4.15,5.0,0.8695652173913043,0.13043478260869568
22,7,15,4.0,5.0,4.677966101694915,5.0,0.855072463768116,0.14492753623188404
22,8,16,5.0,5.0,5.303571428571429,6.0,0.8115942028985508,0.18840579710144922
22,9,18,6.0,7.0,6.68,8.0,0.7246376811594203,0.2753623188405797
22,10,19,,,,,0.0,1.0
23,1,3,1.0,1.0,1.0,1.0,1.0,0.0
23,2,6,1.0,2.0,1.5211267605633803,2.0,0.9726027397260274,0.0273972602739726
23,3,8,2.0,2.0,2.130434782608696,2.0,0.9452054794520548,0.0547945205479452
23,4,10,2.0,2.0,2.4776119402985075,3.0,0.9178082191780822,0.0821917808219178
23,5,11,2.0,3.0,2.791044776119403,3.0,0.9178082191780822,0.0821917808219178
23,6,13,3.0,3.0,3.453125,4.0,0.8767123287671232,0.12328767123287676
23,7,15,3.0,4.0,4.2063492063492065,5.0,0.863013698630137,0.136986301369863
23,8,16,4.0,4.0,4.593220338983051,5.0,0.8082191780821918,0.1917808219178082
23,9,18,5.0,6.0,5.839285714285714,6.0,0.7671232876712328,0.23287671232876717
23,10,19,,,,,0.0,1.0
24,1,3,1.0,1.0,1.0,1.0,1.0,0.0
24,2,6,1.0,2.0,1.5194805194805194,2.0,0.9746835443037974,0.025316455696202556
24,3,8,2.0,2.0,2.1216216216216215,2.0,0.9367088607594937,0.06329113924050633
24,4,9,2.0,2.0,2.27027027027027,3.0,0.9367088607594937,0.06329113924050633
24,5,12,3.0,3.0,3.028169014084507,3.0,0.8987341772151899,0.10126582278481011
24,6,14,3.0,4.0,3.63768115942029,4.0,0.8734177215189873,0.12658227848101267
24,7,15,3.0,4.0,4.0,5.0,0.8734177215189873,0.12658227848101267
24,8,16,4.0,4.0,4.462686567164179,5.0,0.8481012658227848,0.15189873417721522
24,9,18,5.0,6.0,5.476923076923077,6.0,0.8227848101265823,0.17721518987341767
24,10,19,,,,,0.0,1.0
25,1,3,1.0,1.0,1.0,1.0,1.0,0.0
25,2,5,1.0,1.0,1.1,1.0,0.9722222222222222,0.02777777777777779
25,3,6,1.0,1.0,1.457142857142857,2.0,0.9722222222222222,0.02777777777777779
25,4,10,2.0,2.0,2.287878787878788,3.0,0.9166666666666666,0.08333333333333337
25,5,12,3.0,3.0,2.9393939393939394,3.0,0.9166666666666666,0.08333333333333337
25,6,14,3.0,3.0,3.546875,4.0,0.8888888888888888,0.11111111111111116
25,7,16,4.0,4.0,4.306451612903226,5.0,0.8611111111111112,0.13888888888888884
25,8,17,4.0,4.0,4.693548387096774,5.75,0.8611111111111112,0.13888888888888884
25,9,18,5.0,5.0,5.316666666666666,6.0,0.8333333333333334,0.16666666666666663
25,10,19,,,,,0.0,1.0
26,1,3,1.0,1.0,1.0,1.0,1.0,0.0
26,2,5,1.0,1.0,1.152542372881356,1.0,0.9672131147540983,0.032786885245901676
26,3,9,2.0,2.0,2.1379310344827585,2.0,0.9508196721311475,0.049180327868852514
26,4,10,2.0,2.0,2.3157894736842106,3.0,0.9344262295081968,0.06557377049180324
26,5,13,3.0,3.0,3.327272727272727,4.0,0.9016393442622951,0.09836065573770492
26,6,14,3.0,4.0,3.618181818181818,4.0,0.9016393442622951,0.09836065573770492
26,7,15,3.0,4.0,4.036363636363636,5.0,0.9016393442622951,0.09836065573770492
26,8,17,4.75,5.0,5.019230769230769,5.25,0.8524590163934426,0.14754098360655743
26,9,18,5.0,6.0,5.68,6.0,0.819672131147541,0.180327868852459
26,10,19,,,,,0.0,1.0
27,1,3,1.0,1.0,1.0,1.0,1.0,0.0
27,2,6,1.0,2.0,1.5454545454545454,2.0,0.9871794871794872,0.012820512820512775
27,3,9,2.0,2.0,2.24,2.0,0.9615384615384616,0.038461538461538436
27,4,12,3.0,3.0,2.9722222222222223,3.0,0.9230769230769231,0.07692307692307687
27,5,13,3.0,3.0,3.420289855072464,4.0,0.8846153846153846,0.11538461538461542
27,6,14,3.0,4.0,3.753623188405797,4.0,0.8846153846153846,0.11538461538461542
27,7,16,4.0,4.0,4.424242424242424,5.0,0.8461538461538461,0.15384615384615385
27,8,17,4.0,5.0,4.984615384615385,6.0,0.8333333333333334,0.16666666666666663
27,9,18,5.0,6.0,5.666666666666667,7.0,0.8076923076923077,0.1923076923076923
27,10,19,,,,,0.0,1.0
28,1,3,1.0,1.0,1.0,1.0,1.0,0.0
28,2,5,1.0,1.0,1.121212121212121,1.0,0.9705882352941176,0.02941176470588236
28,3,6,1.0,1.0,1.3636363636363635,2.0,0.9705882352941176,0.02941176470588236
28,4,12,2.5,3.0,2.8095238095238093,3.0,0.9264705882352942,0.07352941176470584
28,5,13,3.0,3.0,3.2131147540983607,3.0,0.8970588235294118,0.1029411764705882
28,6,14,3.0,3.0,3.442622950819672,4.0,0.8970588235294118,0.1029411764705882
28,7,16,4.0,4.0,4.1525423728813555,4.5,0.8676470588235294,0.13235294117647056
28,8,17,4.0,4.0,4.627118644067797,5.0,0.8676470588235294,0.13235294117647056
28,9,18,4.0,5.0,5.12280701754386,6.0,0.8382352941176471,0.16176470588235292
28,10,19,,,,,0.0,1.0
29,1,3,1.0,1.0,1.0,1.0,1.0,0.0
29,2,5,1.0,1.0,1.265625,2.0,0.9696969696969697,0.030303030303030276
29,3,6,1.0,2.0,1.625,2.0,0.9696969696969697,0.030303030303030276
29,4,9,2.0,2.0,2.338709677419355,3.0,0.9393939393939394,0.06060606060606055
29,5,10,2.0,2.0,2.5084745762711864,3.0,0.8939393939393939,0.10606060606060608
29,6,13,3.0,3.0,3.4642857142857144,4.0,0.8484848484848485,0.1515151515151515
29,7,15,3.5,4.0,4.254545454545455,5.0,0.8333333333333334,0.16666666666666663
29,8,16,4.0,5.0,4.75,5.0,0.7878787878787878,0.21212121212121215
29,9,18,5.0,6.0,5.916666666666667,6.0,0.7272727272727273,0.2727272727272727
29,10,19,,,,,0.0,1.0
30,1,3,1.0,1.0,1.0,1.0,1.0,0.0
30,2,6,1.0,2.0,1.625,2.0,0.9846153846153847,0.01538461538461533
30,3,8,2.0,2.0,2.096774193548387,2.0,0.9538461538461539,0.0461538461538461
30,4,12,3.0,3.0,3.1016949152542375,3.0,0.9076923076923077,0.09230769230769231
30,5,13,3.0,3.0,3.392857142857143,4.0,0.8615384615384616,0.1384615384615384
30,6,14,3.0,4.0,3.857142857142857,4.0,0.8615384615384616,0.1384615384615384
30,7,16,4.0,5.0,4.849056603773585,6.0,0.8153846153846154,0.18461538461538463
30,8,17,4.75,6.0,5.461538461538462,6.0,0.8,0.19999999999999996
30,9,18,5.0,6.0,6.098039215686274,7.0,0.7846153846153846,0.2153846153846154
30,10,19,,,,,0.0,1.0
31,1,3,1.0,1.0,1.0,1.0,1.0,0.0
31,2,5,1.0,1.0,1.1194029850746268,1.0,0.9710144927536232,0.02898550724637683
31,3,6,1.0,1.0,1.4477611940298507,2.0,0.9710144927536232,0.02898550724637683
31,4,10,2.0,2.0,2.3076923076923075,3.0,0.9420289855072463,0.05797101449275366
31,5,12,3.0,3.0,2.9846153846153847,3.0,0.9420289855072463,0.05797101449275366
31,6,14,3.0,3.0,3.492063492063492,4.0,0.9130434782608695,0.08695652173913049
31,7,16,4.0,4.0,4.35,5.0,0.8695652173913043,0.13043478260869568
31,8,17,4.0,5.0,4.813559322033898,5.0,0.855072463768116,0.14492753623188404
31,9,18,5.0,5.0,5.491228070175438,6.0,0.8260869565217391,0.17391304347826086
31,10,19,,,,,0.0,1.0
32,1,3,1.0,1.0,1.0,1.0,1.0,0.0
32,2,5,1.0,1.0,1.2162162162162162,1.0,0.9736842105263158,0.02631578947368418
32,3,9,2.0,2.0,2.2083333333333335,2.0,0.9473684210526315,0.052631578947368474
32,4,10,2.0,2.0,2.3823529411764706,3.0,0.8947368421052632,0.10526315789473684
32,5,13,3.0,3.0,3.3484848484848486,4.0,0.868421052631579,0.13157894736842102
32,6,14,3.0,4.0,3.727272727272727,4.0,0.868421052631579,0.13157894736842102
32,7,15,3.0,4.0,4.090909090909091,5.0,0.868421052631579,0.13157894736842102
32,8,17,4.0,5.0,5.114754098360656,6.0,0.8026315789473685,0.19736842105263153
32,9,18,5.0,6.0,5.711864406779661,7.0,0.7763157894736842,0.22368421052631582
32,10,19,,,,,0.0,1.0
33,1,3,1.0,1.0,1.0,1.0,1.0,0.0
33,2,8,2.0,2.0,2.1025641025641026,2.0,0.975,0.025000000000000022
33,3,10,2.0,2.0,2.4805194805194803,3.0,0.9625,0.03749999999999998
33,4,12,3.0,3.0,3.012987012987013,3.0,0.9625,0.03749999999999998
33,5,13,3.0,3.0,3.4266666666666667,4.0,0.9375,0.0625
33,6,15,3.0,4.0,4.026666666666666,5.0,0.9375,0.0625
33,7,16,4.0,4.0,4.416666666666667,5.0,0.9,0.09999999999999998
33,8,17,4.0,5.0,4.847222222222222,5.0,0.9,0.09999999999999998
33,9,18,5.0,5.0,5.380281690140845,6.0,0.8875,0.11250000000000004
33,10,19,,,,,0.0,1.0
34,1,3,1.0,1.0,1.0,1.0,1.0,0.0
34,2,6,1.0,1.0,1.4492753623188406,2.0,0.9857142857142858,0.014285714285714235
34,3,9,2.0,2.0,2.1470588235294117,2.0,0.9714285714285714,0.02857142857142858
34,4,12,3.0,3.0,3.0,3.0,0.9428571428571428,0.05714285714285716
34,5,13,3.0,3.0,3.296875,4.0,0.9142857142857143,0.08571428571428574
34,6,14,3.0,3.5,3.609375,4.0,0.9142857142857143,0.08571428571428574
34,7,16,4.0,4.0,4.532258064516129,5.0,0.8857142857142857,0.11428571428571432
34,8,17,5.0,5.0,5.131147540983607,6.0,0.8714285714285714,0.12857142857142856
34,9,18,5.0,6.0,5.779661016949152,6.0,0.8428571428571429,0.15714285714285714
34,10,19,,,,,0.0,1.0
35,1,3,1.0,1.0,1.0,1.0,1.0,0.0
35,2,5,1.0,1.0,1.2777777777777777,2.0,0.972972972972973,0.027027027027026973
35,3,6,1.0,2.0,1.6666666666666667,2.0,0.972972972972973,0.027027027027026973
35,4,9,2.0,2.0,2.3043478260869565,3.0,0.9324324324324325,0.06756756756756754
35,5,11,3.0,3.0,2.9393939393939394,3.0,0.8918918918918919,0.10810810810810811
35,6,13,3.0,4.0,3.640625,4.0,0.8648648648648649,0.1351351351351351
35,7,15,4.0,5.0,4.67741935483871,5.0,0.8378378378378378,0.16216216216216217
35,8,16,5.0,5.0,5.293103448275862,6.0,0.7837837837837838,0.21621621621621623
35,9,18,6.0,7.0,6.696428571428571,7.0,0.7567567567567568,0.2432432432432432
35,10,19,,,,,0.0,1.0
36,1,3,1.0,1.0,1.0,1.0,1.0,0.0
36,2,9,2.0,2.0,2.2058823529411766,2.0,0.9714285714285714,0.02857142857142858
36,3,10,2.0,2.0,2.417910447761194,3.0,0.9571428571428572,0.042857142857142816
36,4,12,3.0,3.0,3.029850746268657,3.0,0.9571428571428572,0.042857142857142816
36,5,13,3.0,3.0,3.390625,4.0,0.9142857142857143,0.08571428571428574
36,6,15,3.75,4.0,4.109375,5.0,0.9142857142857143,0.08571428571428574
36,7,16,4.0,5.0,4.557377049180328,5.0,0.8714285714285714,0.12857142857142856
36,8,17,4.0,5.0,5.081967213114754,6.0,0.8714285714285714,0.12857142857142856
36,9,18,5.0,6.0,5.733333333333333,6.0,0.8571428571428571,0.1428571428571429
36,10,19,,,,,0.0,1.0
37,1,3,1.0,1.0,1.0,1.0,1.0,0.0
37,2,6,1.0,1.0,1.4393939393939394,2.0,0.9850746268656716,0.014925373134328401
37,3,9,2.0,2.0,2.21875,2.0,0.9552238805970149,0.04477611940298509
37,4,12,3.0,3.0,2.9193548387096775,3.0,0.9253731343283582,0.07462686567164178
37,5,13,3.0,3.0,3.2542372881355934,3.5,0.8805970149253731,0.11940298507462688
37,6,14,3.0,3.0,3.4745762711864407,4.0,0.8805970149253731,0.11940298507462688
37,7,16,3.0,4.0,4.245614035087719,5.0,0.8507462686567164,0.14925373134328357
37,8,17,4.0,4.0,4.803571428571429,6.0,0.835820895522388,0.16417910447761197
37,9,18,4.0,5.0,5.407407407407407,6.0,0.8059701492537313,0.19402985074626866
37,10,19,,,,,0.0,1.0
38,1,3,1.0,1.0,1.0,1.0,1.0,0.0
38,2,6,1.0,2.0,1.588235294117647,2.0,0.9714285714285714,0.02857142857142858
38,3,8,2.0,2.0,2.123076923076923,2.0,0.9285714285714286,0.0714285714285714
38,4,10,2.0,2.0,2.5,3.0,0.8857142857142857,0.11428571428571432
38,5,11,2.25,3.0,2.8870967741935485,3.0,0.8857142857142857,0.11428571428571432
38,6,13,3.0,3.0,3.440677966101695,4.0,0.8428571428571429,0.15714285714285714
38,7,15,3.5,4.0,4.169491525423729,5.0,0.8428571428571429,0.15714285714285714
38,8,16,4.0,4.0,4.649122807017544,5.0,0.8142857142857143,0.18571428571428572
38,9,18,5.0,6.0,5.910714285714286,7.0,0.8,0.19999999999999996
38,10,19,,,,,0.0,1.0
39,1,3,1.0,1.0,1.0,1.0,1.0,0.0
39,2,5,1.0,1.0,1.2115384615384615,1.0,0.9629629629629629,0.03703703703703709
39,3,8,2.0,2.0,2.08,2.0,0.9259259259259259,0.07407407407407407
39,4,9,2.0,2.0,2.3,3.0,0.9259259259259259,0.07407407407407407
39,5,12,3.0,3.0,3.25,4.0,0.8888888888888888,0.11111111111111116
39,6,14,4.0,4.0,4.086956521739131,4.0,0.8518518518518519,0.14814814814814814
39,7,15,4.0,5.0,4.608695652173913,5.0,0.8518518518518519,0.14814814814814814
39,8,17,5.0,6.0,5.85,6.0,0.7407407407407407,0.2592592592592593
39,9,18,6.0,7.0,6.527777777777778,7.0,0.6666666666666666,0.33333333333333337
39,10,19,,,,,0.0,1.0
40,1,3,1.0,1.0,1.0,1.0,1.0,0.0
40,2,8,2.0,2.0,2.1346153846153846,2.0,0.9629629629629629,0.03703703703703709
40,3,9,2.0,2.0,2.326923076923077,3.0,0.9629629629629629,0.03703703703703709
40,4,10,2.0,2.0,2.42,3.0,0.9259259259259259,0.07407407407407407
40,5,12,3.0,3.0,3.22,3.75,0.9259259259259259,0.07407407407407407
40,6,14,3.0,4.0,3.872340425531915,4.0,0.8703703703703703,0.12962962962962965
40,7,15,4.0,4.0,4.319148936170213,5.0,0.8703703703703703,0.12962962962962965
40,8,16,4.0,5.0,4.7555555555555555,5.0,0.8333333333333334,0.16666666666666663
40,9,18,5.0,6.0,5.906976744186046,6.0,0.7962962962962963,0.20370370370370372
40,10,19,,,,,0.0,1.0
41,1,3,1.0,1.0,1.0,1.0,1.0,0.0
41,2,5,1.0,1.0,1.1940298507462686,1.0,0.9710144927536232,0.02898550724637683
41,3,9,2.0,2.0,2.230769230769231,2.0,0.9420289855072463,0.05797101449275366
41,4,10,2.0,2.0,2.4193548387096775,3.0,0.8985507246376812,0.10144927536231885
41,5,13,3.0,3.0,3.4745762711864407,4.0,0.855072463768116,0.14492753623188404
41,6,14,3.0,4.0,3.864406779661017,4.0,0.855072463768116,0.14492753623188404
41,7,15,4.0,4.0,4.327586206896552,5.0,0.8405797101449275,0.1594202898550725
41,8,17,4.0,5.0,5.339622641509434,6.0,0.7681159420289855,0.23188405797101452
41,9,18,5.0,6.0,5.84,7.0,0.7246376811594203,0.2753623188405797
41,10,19,,,,,0.0,1.0
42,1,3,1.0,1.0,1.0,1.0,1.0,0.0
42,2,6,1.0,2.0,1.5384615384615385,2.0,0.9811320754716981,0.018867924528301883
42,3,9,2.0,2.0,2.18,2.0,0.9433962264150944,0.05660377358490565
42,4,12,3.0,3.0,2.979591836734694,3.0,0.9245283018867925,0.07547169811320753
42,5,13,3.0,3.0,3.25,3.25,0.9056603773584906,0.09433962264150941
42,6,14,3.0,3.0,3.4791666666666665,4.0,0.9056603773584906,0.09433962264150941
42,7,16,4.0,4.0,4.446808510638298,5.0,0.8867924528301887,0.1132075471698113
42,8,17,4.0,5.0,4.9787234042553195,5.5,0.8867924528301887,0.1132075471698113
42,9,18,5.0,6.0,5.695652173913044,6.0,0.8679245283018868,0.13207547169811318
42,10,19,,,,,0.0,1.0
43,1,3,1.0,1.0,1.0,1.0,1.0,0.0
43,2,9,2.0,2.0,2.1805555555555554,2.0,0.972972972972973,0.027027027027026973
43,3,10,2.0,2.0,2.2857142857142856,3.0,0.9459459459459459,0.05405405405405406
43,4,12,2.25,3.0,2.842857142857143,3.0,0.9459459459459459,0.05405405405405406
43,5,13,3.0,3.0,3.235294117647059,3.0,0.918918918918919,0.08108108108108103
43,6,14,3.0,3.0,3.4705882352941178,4.0,0.918918918918919,0.08108108108108103
43,7,15,3.0,4.0,3.735294117647059,4.0,0.918918918918919,0.08108108108108103
43,8,17,4.0,4.0,4.461538461538462,5.0,0.8783783783783784,0.1216216216216216
43,9,18,4.0,5.0,4.984126984126984,5.0,0.8513513513513513,0.14864864864864868
43,10,19,,,,,0.0,1.0
44,1,3,1.0,1.0,1.0,1.0,1.0,0.0
44,2,6,1.0,1.0,1.4210526315789473,2.0,0.987012987012987,0.012987012987012991
44,3,9,2.0,2.0,2.1866666666666665,2.0,0.974025974025974,0.025974025974025983
44,4,10,2.0,2.0,2.2739726027397262,3.0,0.948051948051948,0.051948051948051965
44,5,12,3.0,3.0,2.904109589041096,3.0,0.948051948051948,0.051948051948051965
44,6,15,3.0,4.0,3.8055555555555554,4.0,0.935064935064935,0.06493506493506496
44,7,16,4.0,4.0,4.285714285714286,5.0,0.9090909090909091,0.09090909090909094
44,8,17,4.0,5.0,4.771428571428571,5.0,0.9090909090909091,0.09090909090909094
44,9,18,5.0,5.0,5.323529411764706,6.0,0.8831168831168831,0.11688311688311692
44,10,19,,,,,0.0,1.0
45,1,3,1.0,1.0,1.0,1.0,1.0,0.0
45,2,6,1.0,1.0,1.4864864864864864,2.0,0.9866666666666667,0.013333333333333308
45,3,9,2.0,2.0,2.1805555555555554,2.0,0.96,0.040000000000000036
45,4,12,3.0,3.0,2.9285714285714284,3.0,0.9333333333333333,0.06666666666666665
45,5,13,3.0,3.0,3.2238805970149254,3.0,0.8933333333333333,0.10666666666666669
45,6,14,3.0,3.0,3.5522388059701493,4.0,0.8933333333333333,0.10666666666666669
45,7,16,4.0,4.0,4.246153846153846,5.0,0.8666666666666667,0.1333333333333333
45,8,17,4.0,5.0,4.707692307692308,5.0,0.8666666666666667,0.1333333333333333
45,9,18,5.0,5.0,5.265625,6.0,0.8533333333333334,0.1466666666666666
45,10,19,,,,,0.0,1.0
46,1,3,1.0,1.0,1.0,1.0,1.0,0.0
46,2,5,1.0,1.0,1.2361111111111112,1.0,0.972972972972973,0.027027027027026973
46,3,8,2.0,2.0,2.101449275362319,2.0,0.9324324324324325,0.06756756756756754
46,4,9,2.0,2.0,2.3333333333333335,3.0,0.9324324324324325,0.06756756756756754
46,5,12,3.0,3.0,3.227272727272727,4.0,0.8918918918918919,0.10810810810810811
46,6,14,4.0,4.0,3.9682539682539684,4.0,0.8513513513513513,0.14864864864864868
46,7,15,4.0,5.0,4.516129032258065,5.0,0.8378378378378378,0.16216216216216217
46,8,17,5.0,6.0,5.754385964912281,6.0,0.7702702702702703,0.22972972972972971
46,9,18,6.0,6.0,6.444444444444445,7.0,0.7297297297297297,0.2702702702702703
46,10,19,,,,,0.0,1.0
47,1,3,1.0,1.0,1.0,1.0,1.0,0.0
47,2,5,1.0,1.0,1.2054794520547945,1.0,0.9733333333333334,0.026666666666666616
47,3,6,1.0,2.0,1.5342465753424657,2.0,0.9733333333333334,0.026666666666666616
47,4,9,2.0,2.0,2.211267605633803,2.0,0.9466666666666667,0.053333333333333344
47,5,10,2.0,2.0,2.442857142857143,3.0,0.9333333333333333,0.06666666666666665
47,6,12,3.0,3.0,3.0,3.0,0.9333333333333333,0.06666666666666665
47,7,14,3.0,3.0,3.681159420289855,4.0,0.92,0.07999999999999996
47,8,16,4.0,4.0,4.552238805970149,5.0,0.8933333333333333,0.10666666666666669
47,9,18,5.0,5.0,5.59375,6.0,0.8533333333333334,0.1466666666666666
47,10,19,,,,,0.0,1.0
48,1,3,1.0,1.0,1.0,1.0,1.0,0.0
48,2,8,2.0,2.0,2.1052631578947367,2.0,0.9743589743589743,0.02564102564102566
48,3,9,2.0,2.0,2.3157894736842106,3.0,0.9743589743589743,0.02564102564102566
48,4,12,3.0,3.0,3.22972972972973,4.0,0.9487179487179487,0.05128205128205132
48,5,13,3.0,4.0,3.619718309859155,4.0,0.9102564102564102,0.08974358974358976
48,6,14,4.0,4.0,4.042253521126761,5.0,0.9102564102564102,0.08974358974358976
48,7,16,5.0,5.0,5.121212121212121,5.75,0.8461538461538461,0.15384615384615385
48,8,17,5.0,6.0,5.861538461538461,6.0,0.8333333333333334,0.16666666666666663
48,9,18,6.0,7.0,6.557377049180328,7.0,0.782051282051282,0.21794871794871795
48,10,19,,,,,0.0,1.0
49,1,3,1.0,1.0,1.0,1.0,1.0,0.0
49,2,5,1.0,1.0,1.1333333333333333,1.0,0.974025974025974,0.025974025974025983
49,3,9,2.0,2.0,2.164383561643836,2.0,0.948051948051948,0.051948051948051965
49,4,10,2.0,2.0,2.295774647887324,3.0,0.922077922077922,0.07792207792207795
49,5,13,3.0,3.0,3.246376811594203,3.0,0.8961038961038961,0.10389610389610393
49,6,14,3.0,3.0,3.449275362318841,4.0,0.8961038961038961,0.10389610389610393
49,7,15,3.0,4.0,3.6956521739130435,4.0,0.8961038961038961,0.10389610389610393
49,8,17,4.0,4.0,4.53125,5.0,0.8311688311688312,0.16883116883116878
49,9,18,4.5,5.0,5.015873015873016,5.0,0.8181818181818182,0.18181818181818177
49,10,19,,,,,0.0,1.0
50,1,3,1.0,1.0,1.0,1.0,1.0,0.0
50,2,9,2.0,2.0,2.230769230769231,2.0,0.9701492537313433,0.02985074626865669
50,3,10,2.0,2.0,2.4444444444444446,3.0,0.9402985074626866,0.05970149253731338
50,4,12,3.0,3.0,3.0793650793650795,3.0,0.9402985074626866,0.05970149253731338
50,5,13,3.0,3.0,3.4098360655737703,4.0,0.9104477611940298,0.08955223880597019
50,6,15,4.0,4.0,4.213114754098361,5.0,0.9104477611940298,0.08955223880597019
50,7,16,4.0,5.0,4.706896551724138,5.0,0.8656716417910447,0.13432835820895528
50,8,17,5.0,5.0,5.258620689655173,6.0,0.8656716417910447,0.13432835820895528
50,9,18,5.0,6.0,5.857142857142857,7.0,0.835820895522388,0.16417910447761197
50,10,19,,,,,0.0,1.0
51,1,3,1.0,1.0,1.0,1.0,1.0,0.0
51,2,6,1.0,2.0,1.591549295774648,2.0,0.9726027397260274,0.0273972602739726
51,3,8,2.0,2.0,2.1159420289855073,2.0,0.9452054794520548,0.0547945205479452
51,4,9,2.0,2.0,2.3333333333333335,3.0,0.9452054794520548,0.0547945205479452
51,5,12,3.0,3.0,3.1492537313432836,4.0,0.9178082191780822,0.0821917808219178
51,6,14,3.0,4.0,3.7846153846153845,4.0,0.8904109589041096,0.1095890410958904
51,7,15,3.0,4.0,4.2,5.0,0.8904109589041096,0.1095890410958904
51,8,16,4.0,5.0,4.6875,5.0,0.8767123287671232,0.12328767123287676
51,9,18,5.0,6.0,5.868852459016393,6.0,0.8356164383561644,0.1643835616438356
51,10,19,,,,,0.0,1.0
52,1,3,1.0,1.0,1.0,1.0,1.0,0.0
52,2,5,1.0,1.0,1.2463768115942029,1.0,0.971830985915493,0.028169014084507005
52,3,8,2.0,2.0,2.1194029850746268,2.0,0.9436619718309859,0.05633802816901412
52,4,9,2.0,2.0,2.328358208955224,3.0,0.9436619718309859,0.05633802816901412
52,5,12,3.0,3.0,3.203125,4.0,0.9014084507042254,0.09859154929577463
52,6,14,3.0,4.0,3.9166666666666665,4.0,0.8450704225352113,0.15492957746478875
52,7,15,4.0,5.0,4.440677966101695,5.0,0.8309859154929577,0.16901408450704225
52,8,17,5.0,5.0,5.411764705882353,6.0,0.7183098591549296,0.2816901408450704
52,9,18,5.0,6.0,5.911111111111111,7.0,0.6338028169014085,0.3661971830985915
52,10,19,,,,,0.0,1.0
53,1,3,1.0,1.0,1.0,1.0,1.0,0.0
53,2,5,1.0,1.0,1.2121212121212122,1.0,0.9705882352941176,0.02941176470588236
53,3,9,2.0,2.0,2.246153846153846,2.0,0.9558823529411765,0.044117647058823484
53,4,12,3.0,3.0,3.0,3.0,0.9264705882352942,0.07352941176470584
53,5,13,3.0,3.0,3.4262295081967213,4.0,0.8970588235294118,0.1029411764705882
53,6,14,3.0,4.0,3.8360655737704916,4.0,0.8970588235294118,0.1029411764705882
53,7,16,4.0,5.0,4.745762711864407,5.0,0.8676470588235294,0.13235294117647056
53,8,17,5.0,5.0,5.338983050847458,6.0,0.8676470588235294,0.13235294117647056
53,9,18,5.0,6.0,5.966101694915254,7.0,0.8676470588235294,0.13235294117647056
53,10,19,,,,,0.0,1.0
54,1,3,1.0,1.0,1.0,1.0,1.0,0.0
54,2,5,1.0,1.0,1.155844155844156,1.0,0.9746835443037974,0.025316455696202556
54,3,6,1.0,1.0,1.4415584415584415,2.0,0.9746835443037974,0.025316455696202556
54,4,10,2.0,2.0,2.315068493150685,3.0,0.9240506329113924,0.07594936708860756
54,5,12,3.0,3.0,2.9863013698630136,3.0,0.9240506329113924,0.07594936708860756
54,6,14,3.0,3.0,3.5217391304347827,4.0,0.8734177215189873,0.12658227848101267
54,7,16,4.0,4.0,4.242424242424242,5.0,0.8354430379746836,0.16455696202531644
54,8,17,4.0,5.0,4.7384615384615385,5.0,0.8227848101265823,0.17721518987341767
54,9,18,4.5,5.0,5.317460317460317,6.0,0.7974683544303798,0.20253164556962022
54,10,19,,,,,0.0,1.0
55,1,3,1.0,1.0,1.0,1.0,1.0,0.0
55,2,6,1.0,1.0,1.4848484848484849,2.0,0.9850746268656716,0.014925373134328401
55,3,9,2.0,2.0,2.2153846153846155,2.0,0.9701492537313433,0.02985074626865669
55,4,10,2.0,2.0,2.375,3.0,0.9552238805970149,0.04477611940298509
55,5,12,3.0,3.0,2.921875,3.0,0.9552238805970149,0.04477611940298509
55,6,14,3.0,3.0,3.5396825396825395,4.0,0.9402985074626866,0.05970149253731338
55,7,15,3.0,4.0,3.888888888888889,4.0,0.9402985074626866,0.05970149253731338
55,8,16,4.0,4.0,4.354838709677419,5.0,0.9253731343283582,0.07462686567164178
55,9,18,5.0,5.0,5.466666666666667,6.0,0.8955223880597015,0.10447761194029848
55,10,19,,,,,0.0,1.0
56,1,3,1.0,1.0,1.0,1.0,1.0,0.0
56,2,5,1.0,1.0,1.28,2.0,0.9615384615384616,0.038461538461538436
56,3,6,1.0,2.0,1.58,2.0,0.9615384615384616,0.038461538461538436
56,4,9,2.0,2.0,2.25,2.25,0.9230769230769231,0.07692307692307687
56,5,10,2.0,2.0,2.5106382978723403,3.0,0.9038461538461539,0.09615384615384615
56,6,13,3.0,3.0,3.4444444444444446,4.0,0.8653846153846154,0.13461538461538458
56,7,15,4.0,4.0,4.2272727272727275,5.0,0.8461538461538461,0.15384615384615385
56,8,16,4.0,5.0,4.666666666666667,5.0,0.8076923076923077,0.1923076923076923
56,9,18,5.0,6.0,5.804878048780488,6.0,0.7884615384615384,0.21153846153846156
56,10,19,,,,,0.0,1.0
57,1,3,1.0,1.0,1.0,1.0,1.0,0.0
57,2,5,1.0,1.0,1.125,1.0,0.972972972972973,0.027027027027026973
57,3,9,2.0,2.0,2.157142857142857,2.0,0.9459459459459459,0.05405405405405406
57,4,10,2.0,2.0,2.235294117647059,2.0,0.918918918918919,0.08108108108108103
57,5,13,3.0,3.0,3.212121212121212,3.0,0.8918918918918919,0.10810810810810811
57,6,14,3.0,3.0,3.409090909090909,4.0,0.8918918918918919,0.10810810810810811
57,7,15,3.0,4.0,3.757575757575758,4.0,0.8918918918918919,0.10810810810810811
57,8,17,4.0,5.0,4.777777777777778,5.0,0.8513513513513513,0.14864864864864868
57,9,18,5.0,5.0,5.35,6.0,0.8108108108108109,0.18918918918918914
57,10,19,,,,,0.0,1.0
58,1,3,1.0,1.0,1.0,1.0,1.0,0.0
58,2,5,1.0,1.0,1.25,1.25,0.972972972972973,0.027027027027026973
58,3,6,1.0,2.0,1.6388888888888888,2.0,0.972972972972973,0.027027027027026973
58,4,9,2.0,2.0,2.3,3.0,0.9459459459459459,0.05405405405405406
58,5,11,3.0,3.0,2.925373134328358,3.0,0.9054054054054054,0.09459459459459463
58,6,13,3.0,4.0,3.5396825396825395,4.0,0.8513513513513513,0.14864864864864868
58,7,15,4.0,4.5,4.564516129032258,5.0,0.8378378378378378,0.16216216216216217
58,8,16,5.0,5.0,5.140350877192983,6.0,0.7702702702702703,0.22972972972972971
58,9,18,6.0,6.0,6.5,7.0,0.7027027027027027,0.29729729729729726
58,10,19,,,,,0.0,1.0
59,1,3,1.0,1.0,1.0,1.0,1.0,0.0
59,2,8,2.0,2.0,2.1311475409836067,2.0,0.953125,0.046875
59,3,9,2.0,2.0,2.3278688524590163,3.0,0.953125,0.046875
59,4,10,2.0,2.0,2.5254237288135593,3.0,0.921875,0.078125
59,5,12,3.0,3.0,3.2203389830508473,4.0,0.921875,0.078125
59,6,14,3.0,4.0,3.982456140350877,5.0,0.890625,0.109375
59,7,15,4.0,5.0,4.385964912280702,5.0,0.890625,0.109375
59,8,16,4.0,5.0,4.927272727272728,6.0,0.859375,0.140625
59,9,18,5.0,6.0,6.166666666666667,7.0,0.84375,0.15625
59,10,19,,,,,0.0,1.0
60,1,3,1.0,1.0,1.0,1.0,1.0,0.0
60,2,6,1.0,1.0,1.4366197183098592,2.0,0.9861111111111112,0.01388888888888884
60,3,9,2.0,2.0,2.1714285714285713,2.0,0.9722222222222222,0.02777777777777779
60,4,10,2.0,2.0,2.2794117647058822,3.0,0.9444444444444444,0.05555555555555558
60,5,12,3.0,3.0,2.8676470588235294,3.0,0.9444444444444444,0.05555555555555558
60,6,14,3.0,3.0,3.4545454545454546,4.0,0.9166666666666666,0.08333333333333337
60,7,15,3.0,3.5,3.6818181818181817,4.0,0.9166666666666666,0.08333333333333337
60,8,17,4.0,4.0,4.546875,5.0,0.8888888888888888,0.11111111111111116
60,9,18,4.0,5.0,5.0,6.0,0.8611111111111112,0.13888888888888884
60,10,19,,,,,0.0,1.0
61,1,3,1.0,1.0,1.0,1.0,1.0,0.0
61,2,6,1.0,2.0,1.5714285714285714,2.0,0.9859154929577465,0.014084507042253502
61,3,9,2.0,2.0,2.2205882352941178,2.0,0.9577464788732394,0.04225352112676062
61,4,12,3.0,3.0,3.106060606060606,3.0,0.9295774647887324,0.07042253521126762
61,5,14,4.0,4.0,3.9523809523809526,4.0,0.8873239436619719,0.11267605633802813
61,6,15,4.0,4.0,4.451612903225806,5.0,0.8732394366197183,0.12676056338028174
61,7,16,5.0,5.0,5.051724137931035,5.75,0.8169014084507042,0.18309859154929575
61,8,17,5.0,6.0,5.642857142857143,6.0,0.7887323943661971,0.21126760563380287
61,9,18,6.0,6.0,6.283018867924528,7.0,0.7464788732394366,0.2535211267605634
61,10,19,,,,,0.0,1.0
62,1,3,1.0,1.0,1.0,1.0,1.0,0.0
62,2,5,1.0,1.0,1.2253521126760563,1.0,0.9726027397260274,0.0273972602739726
62,3,8,2.0,2.0,2.088235294117647,2.0,0.9315068493150684,0.06849315068493156
62,4,10,2.0,2.0,2.4477611940298507,3.0,0.9178082191780822,0.0821917808219178
62,5,13,3.0,3.0,3.476923076923077,4.0,0.8904109589041096,0.1095890410958904
62,6,14,3.0,4.0,3.8461538461538463,4.0,0.8904109589041096,0.1095890410958904
62,7,15,4.0,4.0,4.2153846153846155,5.0,0.8904109589041096,0.1095890410958904
62,8,17,5.0,5.0,5.222222222222222,6.0,0.863013698630137,0.136986301369863
62,9,18,5.0,6.0,5.754098360655738,6.0,0.8356164383561644,0.1643835616438356
62,10,19,,,,,0.0,1.0
63,1,3,1.0,1.0,1.0,1.0,1.0,0.0
63,2,5,1.0,1.0,1.3043478260869565,2.0,0.971830985915493,0.028169014084507005
63,3,6,1.0,2.0,1.6521739130434783,2.0,0.971830985915493,0.028169014084507005
63,4,9,2.0,2.0,2.378787878787879,3.0,0.9295774647887324,0.07042253521126762
63,5,11,2.25,3.0,2.935483870967742,3.0,0.8732394366197183,0.12676056338028174
63,6,13,3.0,4.0,3.6440677966101696,4.0,0.8309859154929577,0.16901408450704225
63,7,15,4.0,5.0,4.517241379310345,5.0,0.8169014084507042,0.18309859154929575
63,8,16,4.0,5.0,4.963636363636364,6.0,0.7746478873239436,0.22535211267605637
63,9,18,5.0,6.0,6.142857142857143,7.0,0.6901408450704225,0.3098591549295775
63,10,19,,,,,0.0,1.0
64,1,3,1.0,1.0,1.0,1.0,1.0,0.0
64,2,5,1.0,1.0,1.2622950819672132,2.0,0.9682539682539683,0.031746031746031744
64,3,6,1.0,2.0,1.7049180327868851,2.0,0.9682539682539683,0.031746031746031744
64,4,8,2.0,2.0,2.103448275862069,2.0,0.9206349206349206,0.07936507936507942
64,5,11,3.0,3.0,2.888888888888889,3.0,0.8571428571428571,0.1428571428571429
64,6,14,3.5,4.0,3.9411764705882355,4.0,0.8095238095238095,0.19047619047619047
64,7,15,4.0,4.0,4.36,5.0,0.7936507936507936,0.2063492063492064
64,8,16,4.0,5.0,4.895833333333333,5.0,0.7619047619047619,0.23809523809523814
64,9,18,6.0,6.0,6.0638297872340425,7.0,0.746031746031746,0.25396825396825395
64,10,19,,,,,0.0,1.0
65,1,3,1.0,1.0,1.0,1.0,1.0,0.0
65,2,5,1.0,1.0,1.1891891891891893,1.0,0.9736842105263158,0.02631578947368418
65,3,6,1.0,1.5,1.5,2.0,0.9736842105263158,0.02631578947368418
65,4,10,2.0,2.0,2.3676470588235294,3.0,0.8947368421052632,0.10526315789473684
65,5,12,2.75,3.0,2.8970588235294117,3.0,0.8947368421052632,0.10526315789473684
65,6,14,3.0,3.0,3.5555555555555554,4.0,0.8289473684210527,0.17105263157894735
65,7,16,3.75,4.0,4.2,5.0,0.7894736842105263,0.21052631578947367
65,8,17,4.0,4.0,4.482758620689655,5.0,0.7631578947368421,0.23684210526315785
65,9,18,4.0,5.0,4.964912280701754,5.0,0.75,0.25
65,10,19,,,,,0.0,1.0
66,1,3,1.0,1.0,1.0,1.0,1.0,0.0
66,2,5,1.0,1.0,1.3291139240506329,2.0,0.9753086419753086,0.024691358024691357
66,3,6,1.0,2.0,1.7088607594936709,2.0,0.9753086419753086,0.024691358024691357
66,4,9,2.0,2.0,2.3896103896103895,3.0,0.9506172839506173,0.04938271604938271
66,5,11,3.0,3.0,2.972972972972973,3.0,0.9135802469135802,0.0864197530864198
66,6,13,3.0,4.0,3.657142857142857,4.0,0.8641975308641975,0.13580246913580252
66,7,15,4.0,5.0,4.7101449275362315,5.0,0.8518518518518519,0.14814814814814814
66,8,16,5.0,5.0,5.348484848484849,6.0,0.8148148148148148,0.18518518518518523
66,9,18,6.0,7.0,6.688524590163935,8.0,0.7530864197530864,0.24691358024691357
66,10,19,,,,,0.0,1.0
67,1,3,1.0,1.0,1.0,1.0,1.0,0.0
67,2,6,1.0,1.0,1.4603174603174602,2.0,0.984375,0.015625
67,3,9,2.0,2.0,2.1129032258064515,2.0,0.96875,0.03125
67,4,10,2.0,2.0,2.278688524590164,3.0,0.953125,0.046875
67,5,12,3.0,3.0,2.8524590163934427,3.0,0.953125,0.046875
67,6,14,3.0,3.0,3.5,4.0,0.9375,0.0625
67,7,15,3.0,4.0,3.76271186440678,4.0,0.921875,0.078125
67,8,17,4.0,4.0,4.589285714285714,5.0,0.875,0.125
67,9,18,4.0,5.0,5.109090909090909,5.0,0.859375,0.140625
67,10,19,,,,,0.0,1.0
68,1,3,1.0,1.0,1.0,1.0,1.0,0.0
68,2,6,1.0,1.0,1.463768115942029,2.0,0.9857142857142858,0.014285714285714235
68,3,9,2.0,2.0,2.1791044776119404,2.0,0.9571428571428572,0.042857142857142816
68,4,10,2.0,2.0,2.3333333333333335,3.0,0.9428571428571428,0.05714285714285716
68,5,12,3.0,3.0,2.9393939393939394,3.0,0.9428571428571428,0.05714285714285716
68,6,15,3.0,4.0,3.7846153846153845,4.0,0.9285714285714286,0.0714285714285714
68,7,16,4.0,4.0,4.174603174603175,5.0,0.9,0.09999999999999998
68,8,17,4.0,5.0,4.650793650793651,5.0,0.9,0.09999999999999998
68,9,18,4.0,5.0,5.065573770491803,6.0,0.8714285714285714,0.12857142857142856
68,10,19,,,,,0.0,1.0
69,1,3,1.0,1.0,1.0,1.0,1.0,0.0
69,2,5,1.0,1.0,1.2,1.0,0.9722222222222222,0.02777777777777779
69,3,9,2.0,2.0,2.176470588235294,2.0,0.9444444444444444,0.05555555555555558
69,4,10,2.0,2.0,2.292307692307692,3.0,0.9027777777777778,0.09722222222222221
69,5,13,3.0,3.0,3.253968253968254,3.5,0.875,0.125
69,6,14,3.0,3.0,3.507936507936508,4.0,0.875,0.125
69,7,15,3.0,4.0,3.7903225806451615,4.0,0.8611111111111112,0.13888888888888884
69,8,17,4.0,4.0,4.586206896551724,5.0,0.8055555555555556,0.19444444444444442
69,9,18,4.0,5.0,5.089285714285714,6.0,0.7777777777777778,0.2222222222222222
69,10,19,,,,,0.0,1.0
70,1,3,1.0,1.0,1.0,1.0,1.0,0.0
70,2,6,1.0,1.0,1.4805194805194806,2.0,0.9871794871794872,0.012820512820512775
70,3,9,2.0,2.0,2.2133333333333334,2.0,0.9615384615384616,0.038461538461538436
70,4,10,2.0,2.0,2.3972602739726026,3.0,0.9358974358974359,0.0641025641025641
70,5,12,3.0,3.0,2.9726027397260273,3.0,0.9358974358974359,0.0641025641025641
70,6,15,3.0,4.0,3.9565217391304346,4.0,0.8846153846153846,0.11538461538461542
70,7,16,4.0,4.0,4.373134328358209,5.0,0.8589743589743589,0.14102564102564108
70,8,17,4.0,5.0,4.895522388059701,5.0,0.8589743589743589,0.14102564102564108
70,9,18,5.0,5.0,5.5,6.0,0.8461538461538461,0.15384615384615385
70,10,19,,,,,0.0,1.0
71,1,3,1.0,1.0,1.0,1.0,1.0,0.0
71,2,5,1.0,1.0,1.2142857142857142,1.0,0.9722222222222222,0.02777777777777779
71,3,9,2.0,2.0,2.2028985507246377,2.0,0.9583333333333334,0.04166666666666663
71,4,12,3.0,3.0,2.9402985074626864,3.0,0.9305555555555556,0.06944444444444442
71,5,13,3.0,3.0,3.375,4.0,0.8888888888888888,0.11111111111111116
71,6,14,3.0,4.0,3.734375,4.0,0.8888888888888888,0.11111111111111116
71,7,16,4.0,4.0,4.466666666666667,5.0,0.8333333333333334,0.16666666666666663
71,8,17,4.0,5.0,5.0,6.0,0.8194444444444444,0.18055555555555558
71,9,18,5.0,5.5,5.586206896551724,6.0,0.8055555555555556,0.19444444444444442
71,10,19,,,,,0.0,1.0
72,1,3,1.0,1.0,1.0,1.0,1.0,0.0
72,2,8,2.0,2.0,2.0606060606060606,2.0,0.9705882352941176,0.02941176470588236
72,3,9,2.0,2.0,2.257575757575758,2.75,0.9705882352941176,0.02941176470588236
72,4,12,3.0,3.0,3.0625,3.0,0.9411764705882353,0.05882352941176472
72,5,13,3.0,3.0,3.3934426229508197,4.0,0.8970588235294118,0.1029411764705882
72,6,14,3.0,4.0,3.7540983606557377,4.0,0.8970588235294118,0.1029411764705882
72,7,16,4.0,5.0,4.661016949152542,5.0,0.8676470588235294,0.13235294117647056
72,8,17,4.0,5.0,5.293103448275862,6.0,0.8529411764705882,0.1470588235294118
72,9,18,5.0,6.0,5.946428571428571,7.0,0.8235294117647058,0.17647058823529416
72,10,19,,,,,0.0,1.0
73,1,3,1.0,1.0,1.0,1.0,1.0,0.0
73,2,5,1.0,1.0,1.1384615384615384,1.0,0.9701492537313433,0.02985074626865669
73,3,9,2.0,2.0,2.21875,2.0,0.9552238805970149,0.04477611940298509
73,4,12,3.0,3.0,3.0,3.0,0.9402985074626866,0.05970149253731338
73,5,13,3.0,3.0,3.4262295081967213,4.0,0.9104477611940298,0.08955223880597019
73,6,14,3.0,4.0,3.7704918032786887,4.0,0.9104477611940298,0.08955223880597019
73,7,16,4.0,5.0,4.6,5.0,0.8955223880597015,0.10447761194029848
73,8,17,4.0,5.0,5.1525423728813555,6.0,0.8805970149253731,0.11940298507462688
73,9,18,5.0,6.0,5.754385964912281,7.0,0.8507462686567164,0.14925373134328357
73,10,19,,,,,0.0,1.0
74,1,3,1.0,1.0,1.0,1.0,1.0,0.0
74,2,6,1.0,2.0,1.5733333333333333,2.0,0.9868421052631579,0.013157894736842146
74,3,9,2.0,2.0,2.3013698630136985,3.0,0.9605263157894737,0.03947368421052633
74,4,10,2.0,2.0,2.492957746478873,3.0,0.9342105263157895,0.06578947368421051
74,5,13,3.0,3.0,3.4411764705882355,4.0,0.8947368421052632,0.10526315789473684
74,6,14,3.0,4.0,3.6911764705882355,4.0,0.8947368421052632,0.10526315789473684
74,7,15,3.0,4.0,4.0588235294117645,5.0,0.8947368421052632,0.10526315789473684
74,8,17,4.0,5.0,5.014925373134329,6.0,0.881578947368421,0.11842105263157898
74,9,18,5.0,6.0,5.606060606060606,6.0,0.868421052631579,0.13157894736842102
74,10,19,,,,,0.0,1.0
75,1,3,1.0,1.0,1.0,1.0,1.0,0.0
75,2,5,1.0,1.0,1.1384615384615384,1.0,0.9701492537313433,0.02985074626865669
75,3,6,1.0,1.0,1.4615384615384615,2.0,0.9701492537313433,0.02985074626865669
75,4,10,2.0,2.0,2.25,2.25,0.8955223880597015,0.10447761194029848
75,5,12,3.0,3.0,2.8833333333333333,3.0,0.8955223880597015,0.10447761194029848
75,6,13,3.0,3.0,3.2241379310344827,3.0,0.8656716417910447,0.13432835820895528
75,7,15,3.0,4.0,3.9655172413793105,4.0,0.8656716417910447,0.13432835820895528
75,8,16,4.0,4.0,4.508771929824562,5.0,0.8507462686567164,0.14925373134328357
75,9,18,5.0,5.0,5.589285714285714,6.0,0.835820895522388,0.16417910447761197
75,10,19,,,,,0.0,1.0
76,1,3,1.0,1.0,1.0,1.0,1.0,0.0
76,2,6,1.0,2.0,1.5849056603773586,2.0,0.9636363636363636,0.036363636363636376
76,3,8,2.0,2.0,2.1372549019607843,2.0,0.9272727272727272,0.07272727272727275
76,4,9,2.0,2.0,2.2941176470588234,3.0,0.9272727272727272,0.07272727272727275
76,5,11,3.0,3.0,2.9183673469387754,3.0,0.8909090909090909,0.10909090909090913
76,6,14,3.0,4.0,3.8958333333333335,4.25,0.8727272727272727,0.12727272727272732
76,7,15,4.0,4.0,4.375,5.0,0.8727272727272727,0.12727272727272732
76,8,16,4.0,5.0,4.869565217391305,5.0,0.8363636363636363,0.1636363636363637
76,9,18,5.0,6.0,6.0227272727272725,7.0,0.8,0.19999999999999996
76,10,19,,,,,0.0,1.0
77,1,3,1.0,1.0,1.0,1.0,1.0,0.0
77,2,6,1.0,2.0,1.5873015873015872,2.0,0.9692307692307692,0.03076923076923077
77,3,8,2.0,2.0,2.098360655737705,2.0,0.9384615384615385,0.06153846153846154
77,4,10,2.0,2.5,2.5,3.0,0.8923076923076924,0.10769230769230764
77,5,11,2.0,3.0,2.8275862068965516,3.0,0.8923076923076924,0.10769230769230764
77,6,13,3.0,3.0,3.4074074074074074,4.0,0.8307692307692308,0.16923076923076918
77,7,15,3.0,4.0,4.09433962264151,5.0,0.8153846153846154,0.18461538461538463
77,8,16,4.0,4.0,4.450980392156863,5.0,0.7846153846153846,0.2153846153846154
77,9,18,5.0,6.0,5.541666666666667,6.0,0.7384615384615385,0.2615384615384615
77,10,19,,,,,0.0,1.0
78,1,3,1.0,1.0,1.0,1.0,1.0,0.0
78,2,6,1.0,1.0,1.4179104477611941,2.0,0.9852941176470589,0.014705882352941124
78,3,9,2.0,2.0,2.242424242424242,2.0,0.9705882352941176,0.02941176470588236
78,4,10,2.0,2.0,2.359375,3.0,0.9411764705882353,0.05882352941176472
78,5,12,3.0,3.0,2.984375,3.0,0.9411764705882353,0.05882352941176472
78,6,15,3.0,4.0,3.8688524590163933,5.0,0.8970588235294118,0.1029411764705882
78,7,16,4.0,4.0,4.310344827586207,5.0,0.8529411764705882,0.1470588235294118
78,8,17,4.0,5.0,4.775862068965517,5.75,0.8529411764705882,0.1470588235294118
78,9,18,4.0,5.0,5.350877192982456,6.0,0.8382352941176471,0.16176470588235292
78,10,19,,,,,0.0,1.0
79,1,3,1.0,1.0,1.0,1.0,1.0,0.0
79,2,6,1.0,2.0,1.507936507936508,2.0,0.984375,0.015625
79,3,9,2.0,2.0,2.2295081967213113,2.0,0.953125,0.046875
79,4,12,2.0,3.0,2.8333333333333335,3.0,0.9375,0.0625
79,5,13,3.0,3.0,3.3448275862068964,4.0,0.90625,0.09375
79,6,14,3.0,4.0,3.689655172413793,4.0,0.90625,0.09375
79,7,16,4.0,4.0,4.527272727272727,5.0,0.859375,0.140625
79,8,17,4.0,5.0,5.037037037037037,6.0,0.84375,0.15625
79,9,18,4.0,5.0,5.615384615384615,7.0,0.8125,0.1875
79,10,19,,,,,0.0,1.0
80,1,3,1.0,1.0,1.0,1.0,1.0,0.0
80,2,6,1.0,2.0,1.6833333333333333,2.0,0.9836065573770492,0.016393442622950838
80,3,8,2.0,2.0,2.1724137931034484,2.0,0.9508196721311475,0.049180327868852514
80,4,9,2.0,2.0,2.3620689655172415,3.0,0.9508196721311475,0.049180327868852514
80,5,12,3.0,3.0,3.3035714285714284,4.0,0.9180327868852459,0.08196721311475408
80,6,14,4.0,4.0,4.2075471698113205,5.0,0.8688524590163934,0.1311475409836066
80,7,15,4.0,5.0,4.788461538461538,5.0,0.8524590163934426,0.14754098360655743
80,8,16,5.0,5.0,5.3061224489795915,6.0,0.8032786885245902,0.19672131147540983
80,9,18,6.0,7.0,6.818181818181818,7.0,0.7213114754098361,0.2786885245901639
80,10,19,,,,,0.0,1.0
81,1,3,1.0,1.0,1.0,1.0,1.0,0.0
81,2,5,1.0,1.0,1.1724137931034482,1.0,0.9666666666666667,0.033333333333333326
81,3,6,1.0,2.0,1.5172413793103448,2.0,0.9666666666666667,0.033333333333333326
81,4,10,2.0,2.0,2.3703703703703702,3.0,0.9,0.09999999999999998
81,5,12,3.0,3.0,2.9814814814814814,3.0,0.9,0.09999999999999998
81,6,14,3.0,3.0,3.7115384615384617,4.0,0.8666666666666667,0.1333333333333333
81,7,16,4.0,4.0,4.6,5.0,0.8333333333333334,0.16666666666666663
81,8,17,4.0,5.0,5.244897959183674,6.0,0.8166666666666667,0.18333333333333335
81,9,18,5.0,6.0,5.916666666666667,7.0,0.8,0.19999999999999996
81,10,19,,,,,0.0,1.0
82,1,3,1.0,1.0,1.0,1.0,1.0,0.0
82,2,6,1.0,2.0,1.6119402985074627,2.0,0.9852941176470589,0.014705882352941124
82,3,8,2.0,2.0,2.123076923076923,2.0,0.9558823529411765,0.044117647058823484
82,4,12,3.0,3.0,3.046875,3.0,0.9411764705882353,0.05882352941176472
82,5,13,3.0,3.0,3.492063492063492,4.0,0.9264705882352942,0.07352941176470584
82,6,14,3.0,4.0,3.873015873015873,4.5,0.9264705882352942,0.07352941176470584
82,7,16,4.0,5.0,4.709677419354839,5.0,0.9117647058823529,0.08823529411764708
82,8,17,4.0,5.0,5.290322580645161,6.0,0.9117647058823529,0.08823529411764708
82,9,18,5.0,6.0,5.918032786885246,7.0,0.8970588235294118,0.1029411764705882
82,10,19,,,,,0.0,1.0
83,1,3,1.0,1.0,1.0,1.0,1.0,0.0
83,2,6,1.0,1.0,1.4615384615384615,2.0,0.9848484848484849,0.015151515151515138
83,3,9,2.0,2.0,2.1746031746031744,2.0,0.9545454545454546,0.045454545454545414
83,4,12,3.0,3.0,2.8688524590163933,3.0,0.9242424242424242,0.0757575757575758
83,5,13,3.0,3.0,3.206896551724138,3.0,0.8787878787878788,0.12121212121212122
83,6,14,3.0,3.0,3.413793103448276,4.0,0.8787878787878788,0.12121212121212122
83,7,16,4.0,4.0,4.157894736842105,5.0,0.8636363636363636,0.13636363636363635
83,8,17,4.0,5.0,4.578947368421052,5.0,0.8636363636363636,0.13636363636363635
83,9,18,5.0,5.0,5.25,6.0,0.8484848484848485,0.1515151515151515
83,10,19,,,,,0.0,1.0
84,1,3,1.0,1.0,1.0,1.0,1.0,0.0
84,2,5,1.0,1.0,1.15625,1.0,0.9696969696969697,0.030303030303030276
84,3,9,2.0,2.0,2.1774193548387095,2.0,0.9393939393939394,0.06060606060606055
84,4,11,2.0,2.0,2.533333333333333,3.0,0.9090909090909091,0.09090909090909094
84,5,13,3.0,3.0,3.2586206896551726,3.75,0.8787878787878788,0.12121212121212122
84,6,14,3.0,3.0,3.4655172413793105,4.0,0.8787878787878788,0.12121212121212122
84,7,15,3.0,4.0,3.719298245614035,4.0,0.8636363636363636,0.13636363636363635
84,8,17,4.0,5.0,4.660714285714286,5.0,0.8484848484848485,0.1515151515151515
84,9,18,4.0,5.0,5.185185185185185,6.0,0.8181818181818182,0.18181818181818177
84,10,19,,,,,0.0,1.0
85,1,3,1.0,1.0,1.0,1.0,1.0,0.0
85,2,6,1.0,2.0,1.5217391304347827,2.0,0.971830985915493,0.028169014084507005
85,3,8,2.0,2.0,2.0757575757575757,2.0,0.9295774647887324,0.07042253521126762
85,4,9,2.0,2.0,2.257575757575758,2.75,0.9295774647887324,0.07042253521126762
85,5,12,3.0,3.0,2.9682539682539684,3.0,0.8873239436619719,0.11267605633802813
85,6,14,3.0,4.0,3.6666666666666665,4.0,0.8450704225352113,0.15492957746478875
85,7,15,3.0,4.0,4.083333333333333,5.0,0.8450704225352113,0.15492957746478875
85,8,16,4.0,5.0,4.672413793103448,5.0,0.8169014084507042,0.18309859154929575
85,9,18,5.0,5.5,5.714285714285714,7.0,0.7887323943661971,0.21126760563380287
85,10,19,,,,,0.0,1.0
86,1,3,1.0,1.0,1.0,1.0,1.0,0.0
86,2,5,1.0,1.0,1.1578947368421053,1.0,0.9661016949152542,0.03389830508474578
86,3,6,1.0,2.0,1.5263157894736843,2.0,0.9661016949152542,0.03389830508474578
86,4,10,2.0,2.0,2.4615384615384617,3.0,0.8813559322033898,0.11864406779661019
86,5,12,3.0,3.0,3.0384615384615383,3.0,0.8813559322033898,0.11864406779661019
86,6,13,3.0,3.0,3.3191489361702127,4.0,0.7966101694915254,0.2033898305084746
86,7,16,4.0,5.0,4.636363636363637,5.0,0.7457627118644068,0.2542372881355932
86,8,17,5.0,5.0,5.3023255813953485,6.0,0.7288135593220338,0.27118644067796616
86,9,18,5.0,6.0,5.9523809523809526,6.75,0.711864406779661,0.288135593220339
86,10,19,,,,,0.0,1.0
87,1,3,1.0,1.0,1.0,1.0,1.0,0.0
87,2,6,1.0,2.0,1.578125,2.0,0.9846153846153847,0.01538461538461533
87,3,8,2.0,2.0,2.1129032258064515,2.0,0.9538461538461539,0.0461538461538461
87,4,10,2.0,2.0,2.5084745762711864,3.0,0.9076923076923077,0.09230769230769231
87,5,12,3.0,3.0,3.0847457627118646,3.0,0.9076923076923077,0.09230769230769231
87,6,13,3.0,3.0,3.4642857142857144,4.0,0.8615384615384616,0.1384615384615384
87,7,16,4.0,5.0,4.830188679245283,5.0,0.8153846153846154,0.18461538461538463
87,8,17,4.0,5.0,5.403846153846154,6.0,0.8,0.19999999999999996
87,9,18,5.0,6.0,5.94,7.0,0.7692307692307693,0.23076923076923073
87,10,19,,,,,0.0,1.0
88,1,3,1.0,1.0,1.0,1.0,1.0,0.0
88,2,5,1.0,1.0,1.1578947368421053,1.0,0.9743589743589743,0.02564102564102566
88,3,9,2.0,2.0,2.189189189189189,2.0,0.9487179487179487,0.05128205128205132
88,4,10,2.0,2.0,2.3698630136986303,3.0,0.9358974358974359,0.0641025641025641
88,5,13,3.0,3.0,3.3380281690140845,4.0,0.9102564102564102,0.08974358974358976
88,6,14,3.0,4.0,3.6619718309859155,4.0,0.9102564102564102,0.08974358974358976
88,7,15,3.5,4.0,4.070422535211268,5.0,0.9102564102564102,0.08974358974358976
88,8,17,4.0,5.0,5.044776119402985,6.0,0.8589743589743589,0.14102564102564108
88,9,18,5.0,6.0,5.634920634920635,6.0,0.8076923076923077,0.1923076923076923
88,10,19,,,,,0.0,1.0
89,1,3,1.0,1.0,1.0,1.0,1.0,0.0
89,2,6,1.0,1.0,1.463768115942029,2.0,0.9857142857142858,0.014285714285714235
89,3,9,2.0,2.0,2.1470588235294117,2.0,0.9714285714285714,0.02857142857142858
89,4,10,2.0,2.0,2.283582089552239,3.0,0.9571428571428572,0.042857142857142816
89,5,12,3.0,3.0,2.91044776119403,3.0,0.9571428571428572,0.042857142857142816
89,6,15,3.0,4.0,3.8153846153846156,4.0,0.9285714285714286,0.0714285714285714
89,7,16,4.0,4.0,4.296875,5.0,0.9142857142857143,0.08571428571428574
89,8,17,4.0,5.0,4.765625,5.0,0.9142857142857143,0.08571428571428574
89,9,18,5.0,5.0,5.365079365079365,6.0,0.9,0.09999999999999998
89,10,19,,,,,0.0,1.0
90,1,3,1.0,1.0,1.0,1.0,1.0,0.0
90,2,9,2.0,2.0,2.232876712328767,2.0,0.9733333333333334,0.026666666666666616
90,3,11,3.0,3.0,2.9577464788732395,3.0,0.9466666666666667,0.053333333333333344
90,4,12,3.0,3.0,3.2253521126760565,3.5,0.9466666666666667,0.053333333333333344
90,5,14,4.0,4.0,4.0588235294117645,4.0,0.9066666666666666,0.09333333333333338
90,6,15,4.0,4.0,4.485294117647059,5.0,0.9066666666666666,0.09333333333333338
90,7,16,5.0,5.0,4.984615384615385,5.0,0.8666666666666667,0.1333333333333333
90,8,17,5.0,6.0,5.630769230769231,6.0,0.8666666666666667,0.1333333333333333
90,9,18,6.0,6.0,6.290322580645161,7.0,0.8266666666666667,0.17333333333333334
90,10,19,,,,,0.0,1.0
91,1,3,1.0,1.0,1.0,1.0,1.0,0.0
91,2,5,1.0,1.0,1.2153846153846153,1.0,0.9701492537313433,0.02985074626865669
91,3,6,1.0,1.0,1.4923076923076923,2.0,0.9701492537313433,0.02985074626865669
91,4,8,2.0,2.0,2.129032258064516,2.0,0.9253731343283582,0.07462686567164178
91,5,9,2.0,2.0,2.2580645161290325,2.75,0.9253731343283582,0.07462686567164178
91,6,12,2.0,3.0,2.8983050847457625,3.0,0.8805970149253731,0.11940298507462688
91,7,15,3.0,3.0,3.6842105263157894,4.0,0.8507462686567164,0.14925373134328357
91,8,17,4.0,4.0,4.472727272727273,5.0,0.8208955223880597,0.17910447761194026
91,9,18,4.0,5.0,4.87037037037037,5.75,0.8059701492537313,0.19402985074626866
91,10,19,,,,,0.0,1.0
92,1,3,1.0,1.0,1.0,1.0,1.0,0.0
92,2,6,1.0,1.5,1.5,2.0,0.9863013698630136,0.013698630136986356
92,3,9,2.0,2.0,2.1714285714285713,2.0,0.958904109589041,0.04109589041095896
92,4,10,2.0,2.0,2.3088235294117645,3.0,0.9315068493150684,0.06849315068493156
92,5,12,3.0,3.0,2.8970588235294117,3.0,0.9315068493150684,0.06849315068493156
92,6,15,3.0,4.0,3.8805970149253732,5.0,0.9178082191780822,0.0821917808219178
92,7,16,4.0,4.0,4.296875,5.0,0.8767123287671232,0.12328767123287676
92,8,17,4.0,5.0,4.796875,5.0,0.8767123287671232,0.12328767123287676
92,9,18,5.0,5.0,5.360655737704918,6.0,0.8356164383561644,0.1643835616438356
92,10,19,,,,,0.0,1.0
93,1,3,1.0,1.0,1.0,1.0,1.0,0.0
93,2,5,1.0,1.0,1.1973684210526316,1.0,0.9743589743589743,0.02564102564102566
93,3,9,2.0,2.0,2.191780821917808,2.0,0.9358974358974359,0.0641025641025641
93,4,10,2.0,2.0,2.3943661971830985,3.0,0.9102564102564102,0.08974358974358976
93,5,13,3.0,3.0,3.373134328358209,4.0,0.8589743589743589,0.14102564102564108
93,6,14,3.0,4.0,3.626865671641791,4.0,0.8589743589743589,0.14102564102564108
93,7,15,3.0,4.0,3.9393939393939394,5.0,0.8461538461538461,0.15384615384615385
93,8,17,4.0,4.5,4.75,6.0,0.7692307692307693,0.23076923076923073
93,9,18,4.0,5.0,5.245614035087719,6.0,0.7307692307692307,0.2692307692307693
93,10,19,,,,,0.0,1.0
94,1,3,1.0,1.0,1.0,1.0,1.0,0.0
94,2,8,2.0,2.0,2.096774193548387,2.0,0.96875,0.03125
94,3,9,2.0,2.0,2.274193548387097,3.0,0.96875,0.03125
94,4,11,3.0,3.0,2.95,3.0,0.9375,0.0625
94,5,12,3.0,3.0,3.2333333333333334,4.0,0.9375,0.0625
94,6,14,4.0,4.0,4.035087719298246,4.0,0.890625,0.109375
94,7,16,5.0,5.0,5.092592592592593,5.75,0.84375,0.15625
94,8,17,5.0,6.0,5.773584905660377,6.0,0.828125,0.171875
94,9,18,6.0,6.0,6.489795918367347,7.0,0.765625,0.234375
94,10,19,,,,,0.0,1.0
95,1,3,1.0,1.0,1.0,1.0,1.0,0.0
95,2,5,1.0,1.0,1.2380952380952381,1.0,0.9692307692307692,0.03076923076923077
95,3,8,2.0,2.0,2.1,2.0,0.9230769230769231,0.07692307692307687
95,4,9,2.0,2.0,2.283333333333333,3.0,0.9230769230769231,0.07692307692307687
95,5,12,3.0,3.0,3.189655172413793,3.75,0.8923076923076924,0.10769230769230764
95,6,14,4.0,4.0,4.055555555555555,4.0,0.8307692307692308,0.16923076923076918
95,7,15,4.0,5.0,4.60377358490566,5.0,0.8153846153846154,0.18461538461538463
95,8,17,5.0,6.0,5.851063829787234,6.0,0.7230769230769231,0.27692307692307694
95,9,18,6.0,6.0,6.534883720930233,7.0,0.6615384615384615,0.3384615384615385
95,10,19,,,,,0.0,1.0
96,1,3,1.0,1.0,1.0,1.0,1.0,0.0
96,2,5,1.0,1.0,1.2954545454545454,2.0,0.9777777777777777,0.022222222222222254
96,3,6,1.0,2.0,1.6818181818181819,2.0,0.9777777777777777,0.022222222222222254
96,4,9,2.0,2.0,2.4285714285714284,3.0,0.9333333333333333,0.06666666666666665
96,5,11,3.0,3.0,3.05,3.0,0.8888888888888888,0.11111111111111116
96,6,13,3.25,4.0,3.763157894736842,4.0,0.8444444444444444,0.15555555555555556
96,7,15,4.0,5.0,4.7368421052631575,5.0,0.8444444444444444,0.15555555555555556
96,8,16,5.0,5.0,5.277777777777778,6.0,0.8,0.19999999999999996
96,9,18,6.0,7.0,6.606060606060606,7.0,0.7333333333333333,0.2666666666666667
96,10,19,,,,,0.0,1.0
97,1,3,1.0,1.0,1.0,1.0,1.0,0.0
97,2,6,1.0,1.0,1.3968253968253967,2.0,0.984375,0.015625
97,3,9,2.0,2.0,2.193548387096774,2.0,0.96875,0.03125
97,4,11,2.0,2.0,2.4833333333333334,3.0,0.9375,0.0625
97,5,13,3.0,3.0,3.2203389830508473,3.0,0.921875,0.078125
97,6,15,3.0,3.0,3.542372881355932,4.0,0.921875,0.078125
97,7,16,4.0,4.0,3.896551724137931,4.0,0.90625,0.09375
97,8,17,4.0,4.0,4.448275862068965,5.0,0.90625,0.09375
97,9,18,5.0,5.0,4.9655172413793105,5.0,0.90625,0.09375
97,10,19,,,,,0.0,1.0
98,1,3,1.0,1.0,1.0,1.0,1.0,0.0
98,2,5,1.0,1.0,1.1833333333333333,1.0,0.967741935483871,0.032258064516129004
98,3,9,2.0,2.0,2.2241379310344827,2.0,0.9354838709677419,0.06451612903225812
98,4,10,2.0,2.0,2.462962962962963,3.0,0.8709677419354839,0.12903225806451613
98,5,13,3.0,3.0,3.4038461538461537,4.0,0.8387096774193549,0.16129032258064513
98,6,14,3.0,4.0,3.7884615384615383,4.0,0.8387096774193549,0.16129032258064513
98,7,15,3.25,4.0,4.12,5.0,0.8064516129032258,0.19354838709677424
98,8,17,4.0,5.0,5.108695652173913,6.0,0.7419354838709677,0.25806451612903225
98,9,18,5.0,6.0,5.6976744186046515,7.0,0.6935483870967742,0.30645161290322576
98,10,19,,,,,0.0,1.0
99,1,3,1.0,1.0,1.0,1.0,1.0,0.0
99,2,5,1.0,1.0,1.2567567567567568,1.75,0.9736842105263158,0.02631578947368418
99,3,6,1.0,2.0,1.5945945945945945,2.0,0.9736842105263158,0.02631578947368418
99,4,8,2.0,2.0,2.1267605633802815,2.0,0.9342105263157895,0.06578947368421051
99,5,11,2.0,3.0,2.8840579710144927,3.0,0.9078947368421053,0.09210526315789469
99,6,14,3.0,4.0,3.91044776119403,4.0,0.881578947368421,0.11842105263157898
99,7,15,4.0,4.0,4.343283582089552,5.0,0.881578947368421,0.11842105263157898
99,8,16,4.0,5.0,4.815384615384615,5.0,0.8552631578947368,0.14473684210526316
99,9,18,5.0,6.0,5.868852459016393,7.0,0.8026315789473685,0.19736842105263153
99,10,19,,,,,0.0,1.0
